C”DIGO DE LA SERIE,D_BFTA0000NS,D_BFSA0002NS,D_BFD11000S,D_BFEA1000S,D_BFP10000NS,D_BFEA2202NS,D_BFP14100NS,D_BFSA2222NS,D_BFP14200S,D_BFE11000NS,D_BFY0000ONS,D_EDEU0000S,D_BFPU4000
NĞMERO SECUENCIAL,3073390,3073391,3073406,3073407,3073392,3073393,3073394,3073395,3073408,3073396,3073397,3073398,1920872
ALIAS DE LA SERIE,BE_4_51.1,BE_4_51.2,BE_4_51.3,BE_4_51.4,BE_4_51.5,BE_4_51.6,BE_4_51.7,BE_4_51.8,BE_4_51.9,BE_4_51.10,BE_4_51.11,BE_4_51.12,BE_4_51.13
DESCRIPCI”N DE LA SERIE,ED. Balance componentes. Activo. Total,ED. Balance componentes. Activo. CrÈditos. Residentes en EspaÒa. Sistema crediticio,ED. CrÈditos. A AAPP,ED. CrÈditos. A OSR,ED. Balance componentes. Activo. CrÈditos. Resto del mundo,ED. Balance componentes. Activo. Valores distintos de acciones y participaciones. Residentes en EspaÒa,ED. Balance componentes. Activo. Valores distintos de acciones y participaciones. Resto del mundo,ED. Balance componentes. Activo. acciones y participaciones. Residentes en EspaÒa,ED. Balance componentes. Activo. acciones y participaciones. Resto del mundo,ED. Balance componentes. Activo. Activos no sectorizados. Efectivo,ED. Balance componentes. Activo. Activos no sectorizados. Otros,ED. Balance componentes. Activo. Dudosos,Entidades de depÛsito. InformaciÛn seg˙n estados de supervisiÛn. Activo. Morosos [discontinuada]
DESCRIPCI”N DE LAS UNIDADES,Miles de euros,Miles de euros,Miles de euros,Miles de euros,Miles de euros,Miles de euros,Miles de euros,Miles de euros,Miles de euros,Miles de euros,Miles de euros,Miles de euros,Miles de euros
FRECUENCIA,MENSUAL,MENSUAL,MENSUAL,MENSUAL,MENSUAL,MENSUAL,MENSUAL,MENSUAL,MENSUAL,MENSUAL,MENSUAL,MENSUAL,MENSUAL
fecha,ed_activo_total,ed_activo_creditos_esp,ed_activo_credito_sector_publico,ed_activo_credito_sector_privado,ed_activo_creditos_resto_mundo,ed_activo_renta_fija_esp,ed_activo_renta_fija_resto_mundo,ed_activo_acciones_esp,ed_activo_acciones_resto_mundo,ed_activo_efectivo,ed_activo_otros_no_sectorizados,ed_activo_dudosos,morosos_discontinuada
1/1/1962,2033194,529420,3684,1457244,41019,,,,1827,,,,
2/1/1962,2070974,539523,3642,1484536,41422,,,,1851,,,,
3/1/1962,2107647,545545,3504,1514238,42486,,,,1875,,,,
4/1/1962,2143377,548357,3366,1548003,41752,,,,1899,,,,
5/1/1962,2181464,550359,3354,1582699,43129,,,,1923,,,,
6/1/1962,2184571,520284,3648,1616260,42431,,,,1947,,,,
7/1/1962,2204464,505151,3498,1649688,44156,,,,1971,,,,
8/1/1962,2282440,544926,3546,1688946,43026,,,,1995,,,,
9/1/1962,2344861,566147,3528,1730158,43002,,,,2025,,,,
10/1/1962,2379828,551789,3714,1776988,45280,,,,2055,,,,
11/1/1962,2414103,550353,3756,1811757,46152,,,,2086,,,,
12/1/1962,2470713,556056,4243,1861046,47252,,,,2116,,,,
1/1/1963,2515921,588926,4039,1871323,49499,,,,2134,,,,
2/1/1963,2544836,589485,3895,1898086,51218,,,,2152,,,,
3/1/1963,2577639,573035,3871,1944274,54289,,,,2170,,,,
4/1/1963,2602100,550527,3901,1987120,58364,,,,2188,,,,
5/1/1963,2597250,503931,4826,2027046,59242,,,,2206,,,,
6/1/1963,2611139,488443,4844,2052757,62872,,,,2224,,,,
7/1/1963,2605273,463753,4946,2074513,59819,,,,2242,,,,
8/1/1963,2679252,522550,5012,2087784,61646,,,,2260,,,,
9/1/1963,2762546,567770,5547,2121519,65426,,,,2284,,,,
10/1/1963,2835076,593752,5535,2167057,66424,,,,2308,,,,
11/1/1963,2888043,612810,5535,2198346,69020,,,,2332,,,,
12/1/1963,2923635,593145,7002,2246890,74243,,,,2356,,,,
1/1/1964,3004526,689643,6791,2228324,77206,,,,2560,,,,
2/1/1964,3022460,700359,7068,2234064,78198,,,,2771,,,,
3/1/1964,3087790,746187,6942,2258928,72753,,,,2981,,,,
4/1/1964,3158998,766687,6827,2309449,72843,,,,3191,,,,
5/1/1964,3172244,740585,6906,2349326,72025,,,,3402,,,,
6/1/1964,3181542,693556,6846,2404048,73480,,,,3612,,,,
7/1/1964,3189752,683080,6948,2421340,74562,,,,3822,,,,
8/1/1964,3327690,790782,7074,2450188,75613,,,,4033,,,,
9/1/1964,3414374,847379,7074,2479217,76461,,,,4243,,,,
10/1/1964,3496947,878776,7074,2529131,77513,,,,4454,,,,
11/1/1964,3531848,847511,7290,2593818,78564,,,,4664,,,,
12/1/1964,3536109,765167,7777,2675105,83186,,,,4874,,,,
1/1/1965,3608603,849873,7981,2665645,80127,,,,4976,,,,
2/1/1965,3593379,802706,8348,2695311,81936,,,,5079,,,,
3/1/1965,3638341,797110,8174,2745574,82303,,,,5181,,,,
4/1/1965,3676247,767757,8294,2814588,80325,,,,5283,,,,
5/1/1965,3706351,732544,8354,2881246,78823,,,,5385,,,,
6/1/1965,3777758,736643,8102,2947117,80409,,,,5487,,,,
7/1/1965,3857362,710474,8042,3055203,78053,,,,5589,,,,
8/1/1965,3981867,786911,8060,3103633,77573,,,,5692,,,,
9/1/1965,4068335,836645,8264,3132607,85025,,,,5794,,,,
10/1/1965,4096547,768358,8366,3233986,79941,,,,5896,,,,
11/1/1965,4157032,765010,8480,3297164,80379,,,,5998,,,,
12/1/1965,4201958,691242,8492,3414187,81936,,,,6100,,,,
1/1/1966,4243260,741775,8582,3406483,80319,,,,6100,,,,
2/1/1966,4277367,737959,8871,3445590,78841,,,,6106,,,,
3/1/1966,4255424,676277,9003,3485642,78396,,,,6106,,,,
4/1/1966,4265792,650505,8925,3524323,75926,,,,6112,,,,
5/1/1966,4360697,723168,9081,3547756,74580,,,,6112,,,,
6/1/1966,4410648,718185,9015,3602202,75127,,,,6118,,,,
7/1/1966,4484025,728721,9105,3669798,70282,,,,6118,,,,
8/1/1966,4595699,820315,9045,3677431,82783,,,,6124,,,,
9/1/1966,4717596,896452,8967,3718859,87195,,,,6124,,,,
10/1/1966,4742394,860667,9298,3792230,74069,,,,6130,,,,
11/1/1966,4824078,882430,9430,3845131,80956,,,,6130,,,,
12/1/1966,4895099,844368,9394,3947964,87237,,,,6136,,,,
1/1/1967,4932813,905575,9472,3925841,85782,,,,6142,,,,
2/1/1967,4985702,911200,9796,3975016,83541,,,,6148,,,,
3/1/1967,5018752,909842,9863,4002969,89929,,,,6148,,,,
4/1/1967,5064435,873661,9887,4088607,86125,,,,6154,,,,
5/1/1967,5102112,885201,10211,4108873,91672,,,,6154,,,,
6/1/1967,5179961,880296,10013,4187696,95801,,,,6154,,,,
7/1/1967,5187810,836807,10265,4233794,100784,,,,6160,,,,
8/1/1967,5278539,914536,10379,4246673,100784,,,,6166,,,,
9/1/1967,5347391,934592,10199,4296419,100008,,,,6172,,,,
10/1/1967,5444893,971584,10205,4358594,98332,,,,6178,,,,
11/1/1967,5500829,915816,9935,4450843,118057,,,,6178,,,,
12/1/1967,5620659,918695,9935,4555299,130546,,,,6184,,,,
1/1/1968,5690040,1005698,9736,4539162,129218,,,,6226,,,,
2/1/1968,5735753,1018139,9742,4576286,125077,,,,6509,,,,
3/1/1968,5796071,1039661,9664,4626267,113898,,,,6581,,,,
4/1/1968,5911225,1109913,9640,4668133,116897,,,,6641,,,,
5/1/1968,5960784,1089491,9682,4731858,122835,,,,6918,,,,
6/1/1968,6020927,1047059,9580,4827540,129783,,,,6966,,,,
7/1/1968,6025080,967966,9556,4902726,137884,,,,6948,,,,
8/1/1968,6206718,1121362,9592,4936058,132728,,,,6978,,,,
9/1/1968,6267811,1115340,9598,4998233,137650,,,,6990,,,,
10/1/1968,6449281,1183844,9598,5112738,136015,,,,7086,,,,
11/1/1968,6540490,1137614,9851,5256806,128562,,,,7657,,,,
12/1/1968,6682527,1074045,9556,5590837,,,,,8090,,,,
1/1/1969,6878782,1136111,9478,5553520,171451,,,,8222,,,,
2/1/1969,6989969,1167346,9748,5637025,167628,,,,8222,,,,
3/1/1969,7037960,1151491,9977,5696934,171709,,,,7849,,,,
4/1/1969,7155770,1154761,10061,5796846,186091,,,,8011,,,,
5/1/1969,7299088,1147765,10001,5940368,192895,,,,8060,,,,
6/1/1969,7436407,1181896,9736,6050365,186422,,,,7987,,,,
7/1/1969,7515272,1102358,9923,6199217,195798,,,,7975,,,,
8/1/1969,7639134,1167057,9544,6257798,196747,,,,7987,,,,
9/1/1969,7821902,1234485,9670,6365536,204206,,,,8005,,,,
10/1/1969,7983863,1231281,9839,6517303,217428,,,,8011,,,,
11/1/1969,8079844,1187101,9845,6650481,224358,,,,8060,,,,
12/1/1969,8227165,1135029,10145,6838863,234497,,,,8631,,,,
1/1/1970,8316030,1205901,9839,6838538,252936,,,,8817,,,,
2/1/1970,8326578,1110556,9899,6917199,280108,,,,8817,,,,
3/1/1970,8413791,1160458,10175,6955459,278822,,,,8877,,,,
4/1/1970,8522911,1145120,10776,7040809,317328,,,,8877,,,,
5/1/1970,8627998,1154015,10728,7125155,328838,,,,9262,,,,
6/1/1970,8858384,1268250,10692,7252257,318368,,,,8817,,,,
7/1/1970,8982396,1262871,10722,7355817,342835,,,,10151,,,,
8/1/1970,9090338,1386781,10554,7328591,354261,,,,10151,,,,
9/1/1970,9222735,1460970,10355,7367345,373914,,,,10151,,,,
10/1/1970,9414049,1476464,10265,7505980,411164,,,,10175,,,,
11/1/1970,9681590,1532857,10355,7652188,475972,,,,10217,,,,
12/1/1970,11401777,1574513,10488,8007146,469943,,,399835,10259,153547,,,
1/1/1971,11556627,1799929,10235,7952099,532250,,,415317,10253,130366,,,
2/1/1971,11607990,1780072,10229,8012471,540226,,,429970,10277,125221,,,
3/1/1971,11924867,1921532,10259,8101866,593145,,,432909,10295,138101,,,
4/1/1971,12155740,1971662,10181,8230590,630985,,,445368,10337,128647,,,
5/1/1971,12332318,2062722,10229,8306450,633773,,,458025,10361,139910,,,
6/1/1971,12595633,2030952,10331,8504075,621278,,,478069,10379,158060,,,
7/1/1971,12900142,2110406,10476,8704819,633954,,,489356,10385,160206,,,
8/1/1971,13069573,2329535,10884,8669702,609943,,,496063,10373,164305,,,
9/1/1971,13511437,2590633,10836,8806955,631562,,,492866,10379,158517,,,
10/1/1971,13686680,2672539,10229,8938492,615857,,,496298,10379,150980,,,
11/1/1971,14001460,2723769,10301,9125281,662694,,,514004,10416,151671,,,
12/1/1971,14491598,2574267,10037,9560510,698172,,,531938,10782,179180,,,
1/1/1972,14483358,2734220,10055,9489825,689896,,,543946,14232,166763,,,
2/1/1972,14624097,2685358,10139,9592231,732339,,,546939,14731,158349,,,
3/1/1972,14968675,2777433,10025,9816204,767811,,,554939,14322,159064,,,
4/1/1972,15104973,2735849,10193,9981922,795578,,,558160,13739,147993,,,
5/1/1972,15266254,2594750,10157,10172040,798108,,,575631,14022,168866,,,
6/1/1972,15669275,2664629,10121,10468182,805278,,,579225,14082,182095,,,
7/1/1972,15959179,2612425,10235,10761026,799689,,,601433,14250,211003,,,
8/1/1972,16188417,2775768,10211,10823453,829841,,,621200,14250,198845,,,
9/1/1972,16640006,2889011,10235,11058755,870235,,,630606,14250,177022,,,
10/1/1972,17096468,3020380,10638,11305561,890490,,,642169,14827,188910,,,
11/1/1972,17430637,2978237,11041,11609787,945675,,,644862,14905,191164,,,
12/1/1972,18288780,2898435,11173,12152399,1077122,,,687161,15290,233127,,,
1/1/1973,18593722,3391043,11167,12099263,1052546,,,703905,16360,203990,,,
2/1/1973,18904481,3452857,11131,12339247,1025795,,,709771,24804,212374,,,
3/1/1973,19334944,3497794,10926,12690274,1069621,,,714892,18890,191242,,,
4/1/1973,19494495,3426376,10830,12914746,1049007,,,727351,19262,198490,,,
5/1/1973,19791491,3359009,10908,13222645,1039919,,,739786,19467,201513,,,
6/1/1973,20499123,3436822,10608,13647807,1135017,,,761771,19930,219039,,,
7/1/1973,21104191,3434508,10692,14104318,1195473,,,777920,20723,269975,,,
8/1/1973,21181019,3477612,10860,14198893,1188129,,,796419,20891,231287,,,
9/1/1973,21735014,3478598,10956,14530946,1319618,,,810555,21546,219369,,,
10/1/1973,22246006,3475893,10884,14905839,1379900,,,824553,22574,249156,,,
11/1/1973,22676776,3406525,10776,15297074,1466379,,,851568,22700,226984,,,
12/1/1973,23308656,3264457,14971,15740134,1516468,,,891992,22790,297531,,,
1/1/1974,23376167,3445350,14707,15750081,1502554,,,916087,23722,250430,,,
2/1/1974,23784549,3455657,14707,15989170,1571196,,,919915,24107,240633,,,
3/1/1974,24318416,3443036,55023,16419681,1657231,,,933618,26222,235314,,,
4/1/1974,24824745,3421904,83625,16825376,1662934,,,964835,24648,245201,,,
5/1/1974,25163493,3381829,102545,17012573,1707457,,,994976,24690,270888,,,
6/1/1974,25847247,3499092,57751,17453920,1732153,,,1023199,24834,267799,,,
7/1/1974,26395304,3602929,53178,18213864,1270900,,,1062445,24858,335233,,,
8/1/1974,26091624,3619908,27532,18212824,1170080,,,1044811,22201,301299,,,
9/1/1974,26424615,3757750,27592,18435914,1069928,,,1059296,23097,285409,,,
10/1/1974,27192973,3990324,22538,18888987,1095849,,,1088433,23163,282031,,,
11/1/1974,27662814,3955303,23025,19336663,1102154,,,1115088,26000,284639,,,
12/1/1974,29038675,4182696,22490,20021402,1218714,,,1153300,27034,369070,,,
1/1/1975,28861413,4079370,39805,20085043,1194001,,,1183435,27472,308734,,,
2/1/1975,29070060,4016642,25579,20393627,1141172,,,1210631,28284,315135,,,
3/1/1975,29466319,4059879,22592,20680496,1142169,,,1224785,29432,343809,,,
4/1/1975,29865199,4058881,22778,20990492,1187864,,,1248278,30772,311018,,,
5/1/1975,30239858,4185677,23169,21279711,1159352,,,1269398,30916,310916,,,
6/1/1975,31163950,4364123,24569,21732195,1225614,,,1309912,30958,344344,,,
7/1/1975,32035063,4434550,33693,22342312,1202463,,,1335461,31024,423557,,,
8/1/1975,31962142,4575577,28416,22359477,1177070,,,1340071,31120,374238,,,
9/1/1975,32390652,4475142,30796,22556171,1275750,,,1386114,33254,364778,,,
10/1/1975,33316511,4815856,28945,23042594,1284044,,,1411303,33891,328093,,,
11/1/1975,33871035,4753050,27334,23520314,1300632,,,1425907,34462,362975,,,
12/1/1975,35161095,4843394,27568,24403766,1357073,,,1448980,34492,466019,,,
1/1/1976,34901266,4871690,68630,24327113,1323296,,,1458686,34690,384516,,,
2/1/1976,35389522,4953187,30616,24622673,1435181,,,1470484,35135,372339,,,
3/1/1976,36333423,5415269,24359,24992523,1452214,,,1526180,35568,402287,,,
4/1/1976,37208707,5604756,36373,25503005,1543736,,,1552811,36391,374118,,,
5/1/1976,37607497,5473189,53917,25979415,1517357,,,1598193,36247,440920,,,
6/1/1976,38303313,5430066,41662,26436293,1546032,,,1633653,38591,460538,,,
7/1/1976,39501418,5706394,70433,27282818,1532515,,,1667773,38561,486489,,,
8/1/1976,39239239,5659965,64320,27219466,1436365,,,1676746,38621,498534,,,
9/1/1976,40006864,5956523,60348,27428732,1494909,,,1689818,40472,482961,,,
10/1/1976,40938324,5935782,52390,28225908,1631243,,,1701610,37317,445074,,,
11/1/1976,41940644,5986982,95633,28829150,1694403,,,1722645,36878,483863,,,
12/1/1976,43830659,6279591,112540,29940398,1791082,,,1732880,38164,541885,,,
1/1/1977,43614270,6190431,196002,30069459,1776862,,,1741601,38327,486976,,,
2/1/1977,43873806,6001737,120401,30506214,1812568,,,1758898,38531,473021,,,
3/1/1977,44646719,6149929,99209,30994988,1849158,,,1783011,38573,498329,,,
4/1/1977,45515073,6229749,120900,31744612,1958374,,,1803150,38182,492289,,,
5/1/1977,46503354,6374100,126207,32373703,1977462,,,1845143,38513,498684,,,
6/1/1977,47800554,6633911,104131,32974078,2109366,,,1864496,38940,570036,,,
7/1/1977,49833357,6716268,129921,34149135,2657231,,,1877868,41386,646623,,,
8/1/1977,49246151,6728373,122414,33903381,2465400,,,1891595,41344,639850,,,
9/1/1977,49869833,6765293,114343,34214056,2621861,,,1901891,45839,554476,,,
10/1/1977,50314684,6676613,115064,34747737,2567614,,,1917433,47161,581040,,,
11/1/1977,51253182,6890213,113627,35430529,2540989,,,1937597,47197,592309,,,
12/1/1977,53316397,7353365,121326,36494591,2730404,,,1874064,48436,641502,,,
1/1/1978,52680364,7310735,175237,36173981,2705654,,,1898038,48544,597634,,,
2/1/1978,53351177,7540526,118724,36549103,2788618,,,1911663,54404,575367,,,
3/1/1978,54373559,7759174,122661,36874905,3073131,,,1961235,58617,582279,,,
4/1/1978,54723354,7492541,115995,37549151,3196417,,,1965051,59705,569561,,,
5/1/1978,54931701,7213017,120449,37862158,3124938,,,1970556,60011,645986,,,
6/1/1978,56513373,7368336,116482,38685725,3585470,,,1984434,60221,641827,,,
7/1/1978,57863841,7549974,97731,39578697,3503883,,,2016209,60390,791960,,,
8/1/1978,57061712,7702655,95489,39092556,3222471,,,2026384,59596,784231,,,
9/1/1978,57641154,7609583,75271,39311156,3539631,,,2032509,65276,703677,,,
10/1/1978,57583210,7206045,57511,39699308,3282301,,,2078588,64945,735573,,,
11/1/1978,58435073,7312640,44854,40024071,3601006,,,2075054,66881,771724,,,
12/1/1978,61672082,7964925,40262,41657038,3897588,,,2083655,68942,833207,,,
1/1/1979,61439809,8507344,55395,41182846,3749294,,,2094076,68816,805026,,,
2/1/1979,62348431,8644165,52060,41850829,3713696,,,2111211,76425,783954,,,
3/1/1979,63333213,9313163,62589,42237454,3875789,,,2102497,76647,720012,,,
4/1/1979,63922067,9476993,56555,42592676,3735194,,,2097112,76280,816217,,,
5/1/1979,64179414,9237436,56820,43049169,3781652,,,2092898,79075,824667,,,
6/1/1979,67009622,10789339,60786,43990516,3905773,,,2092664,84863,851652,,,
7/1/1979,68739545,11100507,63833,45033729,3998131,,,2113832,85326,920504,,,
8/1/1979,68634537,10879287,67049,44822870,4485047,,,2137367,94792,914668,,,
9/1/1979,69776531,11408129,68810,45428510,4433498,,,2130834,95122,855469,,,
10/1/1979,71087033,11477234,71460,46158547,4635558,,,2147134,92466,897804,,,
11/1/1979,72473543,10971740,67974,46942128,5464919,,,2142284,96679,889522,,,
12/1/1979,75948524,11932927,77242,48206033,5564050,,,2060834,101589,1007212,6998636,,
1/1/1980,75413334,11966860,80758,48017640,5512219,,,2075505,102827,987607,6669918,,
2/1/1980,76487920,11982000,87982,48805284,5728709,,,2087640,101367,860920,6834019,,
3/1/1980,77565853,11624091,90134,49725999,6145415,,,2088920,104306,906002,6880988,,
4/1/1980,78947147,12045821,91582,50306366,6241198,,,2096661,106307,920192,7139020,,
5/1/1980,79321271,11620821,90897,50971777,6470196,,,2088186,116759,907679,7054957,,
6/1/1980,81644964,12336819,89461,52073317,6433017,,,2048634,118658,1066610,7478448,,
7/1/1980,83912697,12834704,105099,53469096,6807658,,,2058989,119469,1050539,7467142,,
8/1/1980,84528464,13187834,97604,53478808,7364995,,,2052396,127817,1076268,7142740,,
9/1/1980,86151245,13999796,100549,53947802,7209705,,,2051375,139056,1067788,7635174,,
10/1/1980,87691164,14097051,107743,55045022,7426604,,,2055365,140000,961746,7857632,,
11/1/1980,88915185,13635679,112431,56217903,7837210,,,2070066,139267,1025170,7877460,,
12/1/1980,105759692,14675550,121002,57533272,8256999,13295686,7813,2011287,133749,1154112,8570222,,
1/1/1981,106253188,15367267,122504,57416658,8572218,13485438,8282,2014779,136286,1013757,8116001,,
2/1/1981,107338971,15206484,125636,57982637,8880501,13731366,9099,2026060,143840,947502,8285848,,
3/1/1981,109009148,15942676,128923,58229262,9190166,13734833,9274,2050142,140817,1039985,8543069,,
4/1/1981,111737226,16486345,138948,59367489,9594353,13777571,9809,2050972,143251,994128,9174360,,
5/1/1981,112883626,16179504,170730,60007759,10232333,13820273,10650,2095363,149321,1001845,9215848,,
6/1/1981,114711310,16283077,190497,60981230,10524299,13926574,11125,2103422,149856,1203695,9337534,,
7/1/1981,118186668,17356502,203521,62710901,11122234,14074375,12309,2118604,159136,1106608,9322479,,
8/1/1981,117481152,17426689,208034,62181734,10916634,14213449,12892,2155145,160182,1230981,8975413,,
9/1/1981,119260725,17842793,216617,62681175,11115136,14288047,13631,2154274,162472,1213810,9572771,,
10/1/1981,121123256,18225133,230590,63901236,11174732,14523776,14418,2155999,164912,1110827,9621633,,
11/1/1981,122252196,17417235,261026,65197643,11506545,14657062,14599,2167797,160476,1222020,9647795,,
12/1/1981,129281658,19017261,434141,67145132,12318080,14964282,16227,2180562,166318,1214850,11824805,,
1/1/1982,129912914,19824378,495492,66938504,12415738,15157934,18139,2189739,169311,1171733,11531944,,
2/1/1982,132123892,20382292,529432,67435602,13132367,15434333,21204,2193021,175850,1091113,11728679,,
3/1/1982,136980365,23230789,550671,68010596,13973165,15490095,28205,2276538,207722,1159370,12053214,,
4/1/1982,139861281,24503462,569537,69203172,14074982,15452760,36403,2147470,237466,1052841,12583186,,
5/1/1982,139606150,23759643,586522,69763298,14279170,15407336,41542,2153312,239053,1192228,12184048,,
6/1/1982,143948734,24030603,702174,71224875,15465304,15547438,48784,2146875,247449,1350084,13185148,,
7/1/1982,148590555,26444508,735038,72989224,16282386,15672899,58875,2226714,262498,1249474,12668939,,
8/1/1982,148074520,25902335,759445,72613207,16537305,15981831,64441,2264668,252052,1371930,12327306,,
9/1/1982,150172658,26396536,804383,73180808,16558010,16384167,72506,2264067,247665,1309798,12954719,,
10/1/1982,152639735,26420757,846640,74390448,17342853,16723967,89785,2273136,266501,1176361,13109288,,
11/1/1982,154023168,25613669,877977,75871173,17009322,16782752,113898,2282752,292296,1386337,13792993,,
12/1/1982,154410082,27896968,1070336,77455663,12714682,17018673,101998,2247196,224923,1342337,14337305,,
1/1/1983,155168566,28476753,1353678,76715835,12620533,17397083,87003,2254276,279597,1354705,14629103,,
2/1/1983,157611542,29423142,1367765,77238055,12536109,17674005,78907,2258015,289616,1321145,15424784,,
3/1/1983,160127638,30313049,1433023,78273094,12751145,17847980,53081,2248975,283113,1242274,15681903,,
4/1/1983,160175856,30298601,1457178,79051801,12290878,17620575,44541,2322016,294971,1326602,15468693,,
5/1/1983,161138358,29239515,1545533,79396938,12464654,17614721,54704,2337763,306853,1391451,16786225,,
6/1/1983,166117444,31237797,1672551,80444538,13085758,17681091,57060,2331939,317376,1534414,17754919,,
7/1/1983,166940740,32543074,1669305,81899366,12962749,17655770,60131,2342168,318368,1506323,15983485,,
8/1/1983,168435602,33246625,1759271,81426760,13419224,17631219,64212,2345624,321211,1601060,16620395,,
9/1/1983,171638365,35014334,1846556,81900659,13346375,17980960,63551,2326740,322870,1438781,17397540,,
10/1/1983,174455531,36703449,1859880,83199314,13236552,18275480,59092,2329751,328579,1465219,16998215,,
11/1/1983,176210901,36148540,1941708,84105429,13632535,18324282,59266,2360391,331338,1588072,17719339,,
12/1/1983,180602395,37760545,2047011,85523091,14314468,18425535,73612,3069170,537100,1581533,17270330,,
1/1/1984,186847752,38809702,2160001,84660861,14101012,22739954,71863,3121080,536025,1552637,19094618,,
2/1/1984,185037864,36066015,2103128,84022556,13602304,24512585,81996,3107076,537317,1465249,19539637,,
3/1/1984,187963603,35685046,2079105,83711875,14056255,27537082,83943,3122132,545160,1404319,19738686,,
4/1/1984,191835654,36500499,2131670,84119704,14584472,28555744,92730,3154953,548574,1534131,20613178,,
5/1/1984,194194500,37270522,2129831,83974024,15125209,29341291,101878,3029203,551212,1538188,21133143,,
6/1/1984,197749985,38646809,2202794,85093031,15122144,29477294,103025,2991424,551603,1647398,21914465,,
7/1/1984,207714244,44527785,2225259,83801594,15639886,34850787,151449,2998095,552078,1714171,21253141,,
8/1/1984,205047763,42954329,2168217,82631459,15857266,35796996,156035,3011479,557950,1648486,20265546,,
9/1/1984,209539169,43918244,2193340,82454293,16630774,36841874,165969,2988677,553887,1584376,22207734,,
10/1/1984,214173079,46102298,2233205,83057745,16764896,37858576,189758,3097526,553995,1580950,22734130,,
11/1/1984,213383542,43020633,2196495,83755995,17107172,38737225,208960,3158691,561514,1666210,22970647,,
12/1/1984,216008769,43833237,2266441,85504550,17404667,38834878,216406,3122967,554686,1812604,22458331,,
1/1/1985,218599589,44326337,2821193,84024786,17367062,42550924,213209,3182822,547402,1750538,21815316,,
2/1/1985,223283234,43808608,2865289,84057397,19126753,43686103,207067,3168073,564459,1648865,24150620,,
3/1/1985,222776285,44214285,2982168,84496328,18485888,44322539,232724,3207289,582825,1627114,22625125,,
4/1/1985,230119902,47840822,2844825,85620371,19031751,44682419,235741,3217013,582753,1669317,24394889,,
5/1/1985,227927488,46469751,2699139,86261200,18768899,44737616,244215,3267817,586209,1674077,23218564,,
6/1/1985,230744655,47089268,2863678,87657664,18746764,44890195,251301,3271177,591835,1867441,23515333,,
7/1/1985,232355775,51200426,2867200,89190407,18019647,42832805,217074,3106511,593890,1933720,22394096,,
8/1/1985,227360710,49677016,2801768,87866359,17915353,43112485,222591,3125648,596174,1839259,20204056,,
9/1/1985,234820604,51580800,2830497,87886619,18024377,45062157,227615,3140931,595014,1855282,23617312,,
10/1/1985,237192865,52095134,2915155,89981519,17845979,44883951,332221,3143666,610568,1739864,23644808,,
11/1/1985,237162249,49996256,3040190,90893278,18011461,46138629,243740,3161516,584641,1844386,23248151,,
12/1/1985,240480479,51119842,3176914,92235981,17615665,47144279,257498,3101823,600555,1943950,23283972,,
1/1/1986,237575898,49318014,4503738,90521733,16821608,49753057,255124,3172671,600447,1754072,20875435,,
2/1/1986,238575999,50109330,4485395,90540815,15920546,50188431,396031,3195083,606680,1680045,21453644,,
3/1/1986,245047470,52915251,4779429,91328844,17178603,51093772,501905,3232009,641142,1903411,21473105,,
4/1/1986,247715451,52284417,4483118,93276502,17156227,53188104,274122,3264385,653054,1692372,21443151,,
5/1/1986,247405313,50403501,4586486,93992565,17713618,53724576,268436,3305993,637794,1799304,20973039,,
6/1/1986,254659515,52273274,4995234,95401969,17410774,55818271,563821,3334247,639886,2017742,22204297,,
7/1/1986,251414968,51805855,4715072,97263941,16872525,53518576,455249,3346153,632421,2028320,20776857,,
8/1/1986,249581655,51961583,4565570,95729124,17101901,53814464,304365,3384299,634146,1998425,20087778,,
9/1/1986,254409677,55234263,4403886,96068972,17601763,53408071,361262,3450164,619692,2034522,21227081,,
10/1/1986,255928438,51938078,4268442,96650530,18258171,57076941,471620,3544836,624085,1792152,21303583,,
11/1/1986,258305019,52778629,4233649,98158216,17650434,57227700,648684,3719664,624926,2031229,21231888,,
12/1/1986,263437600,53209387,3881204,100579664,17427332,59411215,779080,3697835,632728,2141286,21677869,,
1/1/1987,260552522,53173933,4056351,99114024,17022514,59588528,938967,3771615,634627,1934964,20316998,,
2/1/1987,267079371,56837174,4094443,99598632,17365968,61046238,782908,3792645,632728,1849723,21078912,,
3/1/1987,264162128,53036073,4094377,100595946,16905774,60959954,772259,3762498,637584,2040983,21356682,,
4/1/1987,269404054,55303259,4209765,102407661,16668025,61076075,653054,3726786,696273,1942549,22720607,,
5/1/1987,273403439,58660488,4146569,103268538,16583547,61407189,551837,3742707,707163,1968471,22366930,,
6/1/1987,277211304,59179919,4764710,104861827,16472816,60687167,531373,3711382,724550,2363029,23914530,,
7/1/1987,279324232,60358167,4526577,107108501,16639375,60005870,518601,3713161,747304,2344242,23362435,,
8/1/1987,279791340,62787482,4456601,106042654,16206051,60314269,519317,3781965,758742,2323555,22600706,,
9/1/1987,282602437,61900484,4548868,107663193,16661901,60599035,466343,3786479,759745,2281628,23934760,,
10/1/1987,285694390,63259264,4677383,110439809,16407618,60352179,467113,3847397,765533,2061634,23416460,,
11/1/1987,289586320,62864550,5023788,111845847,16153456,61848697,566953,3932939,768977,2335413,24245700,,
12/1/1987,293565884,62428641,4810765,114560233,15434135,63889721,538825,4044643,782884,2479944,24596091,,
1/1/1988,289918597,69344140,5544030,113014154,15201742,56572005,373926,4229502,777169,2225908,22636021,,
2/1/1988,291887112,70570024,5273743,113084659,15039054,57113398,409091,4298883,782872,2218258,23097130,,
3/1/1988,296711560,70985173,5555005,115139507,14851604,58423447,478959,4493767,786316,2089340,23908441,,
4/1/1988,298570725,70450200,5652116,116128196,14756464,60165624,520753,4609114,794706,2125930,23367621,,
5/1/1988,301082326,70302261,5650836,117005733,14639952,59820646,529852,5160020,806654,2358756,24807617,,
6/1/1988,307414960,70500889,6399565,119546669,15450591,60613425,507831,5376907,804274,2728901,25485906,,
7/1/1988,312803848,72413599,5942850,123836759,15581359,60268081,497392,5492824,805278,2554037,25411670,,
8/1/1988,308171947,71538513,5813224,121707878,16427332,59605439,491057,5568209,840702,2602124,23577471,,
9/1/1988,314638943,73598483,5998852,124050557,16291184,60355902,480143,5654214,867862,2220397,25121350,,
10/1/1988,318068574,74406549,5926749,126600032,15684841,59776019,466205,6337114,808788,2234689,25827588,,
11/1/1988,323309838,75893663,6393428,129172394,15158493,59996290,456084,6364886,846105,2449617,26578877,,
12/1/1988,328438553,76141658,5959336,132567133,15257011,62310345,482324,6140469,986622,2406831,26186825,,
1/1/1989,328748669,78263586,6225464,131677401,14504640,62400238,469421,6274705,988995,2363342,25580877,,
2/1/1989,334717044,81731270,6233175,132945476,14832264,61814551,476458,6636772,1015969,2254661,26776448,,
3/1/1989,338716811,82934255,6106860,134962660,15335166,61592401,463519,6568317,1027400,2254138,27472095,,
4/1/1989,343306535,83518897,6230284,137914662,16137103,62377346,456565,6663656,1020176,1933360,27054488,,
5/1/1989,347833427,81120077,6290433,139973652,17563545,63802786,578727,6711364,1049788,2301173,28441883,,
6/1/1989,355442503,81754006,6948836,145333219,17019611,64681350,589497,6819901,1037671,2263983,28994429,,
7/1/1989,372676367,90067475,6458963,151417745,16555654,67222380,570427,6812671,1129626,2615749,29825677,,
8/1/1989,366609587,86401603,5728859,148490853,16773887,68904256,596961,6854814,1166420,2481826,29210109,,
9/1/1989,371647688,88124897,5454083,150616049,16134987,70306704,593770,6895604,1204272,2214525,30102797,,
10/1/1989,369314436,85018746,5341477,151846399,16696549,69166316,607665,6992974,1219045,2315898,30109366,,
11/1/1989,379639487,90695275,5801582,154658210,16371515,68711784,710006,7155362,1288221,2623382,31624149,,
12/1/1989,379630707,89349555,5556381,158143010,16065697,67707186,691398,7392906,1244179,2610075,30870319,,
1/1/1990,367226784,79739557,5791587,157157838,16315970,66849126,693514,7503883,1251788,2445687,29477835,,
2/1/1990,371161348,81894252,5838911,157604829,16723739,66533370,717999,7598830,1293889,2309792,30645739,,
3/1/1990,379749815,90546483,6024545,158393898,16556327,65872120,710408,7458867,1311354,2161552,30714260,,
4/1/1990,392129102,96440146,6216599,161852175,17584088,66374848,714597,7384419,1301624,2346634,31913972,,
5/1/1990,394455131,95654033,6088944,162653919,18238932,66686486,691537,7576953,1334055,2424164,33106108,,
6/1/1990,399611707,92249378,7492680,165378469,18436106,69793507,739491,7722405,1397173,2527797,33874701,,
7/1/1990,408116300,94021558,7409590,168952165,18178627,72149813,762612,8083889,1405767,2831182,34321097,,
8/1/1990,399739975,88236895,6973201,167260869,18175165,72751274,772583,8172659,1431725,2487914,33477688,,
9/1/1990,408829327,92374551,7230620,168642716,19055666,73600227,795764,8188502,1484518,2450236,35006526,,
10/1/1990,411999821,92353299,7282452,171008150,18971860,74141281,863498,8316764,1482547,2509195,35070776,,
11/1/1990,417000594,93879473,7941185,172601613,18938480,74003930,902179,8422295,1489945,2757888,36063605,,
12/1/1990,419394429,91515908,8681404,175103242,19993677,74758498,993491,8203377,1636490,2799027,35709315,,
1/1/1991,421810453,94983604,8678549,176365109,19837396,72149537,987649,8412781,1641100,2546344,36208383,,
2/1/1991,432598498,99361942,9033314,177348106,22441912,73860160,1115196,8463398,1646461,2520482,36807526,,
3/1/1991,442493233,100610634,9357049,180403676,24733812,76150264,1229202,8360908,1660001,2602431,37385255,,
4/1/1991,435156507,99562589,9980528,180784982,22008835,72228898,1251968,8432236,1663710,2469432,36773330,,
5/1/1991,439724576,104281183,10238524,182258255,20611181,71439756,1342150,8620449,1828976,2398627,36705475,,
6/1/1991,446823499,104833448,11808824,186152327,21718937,70263662,1481056,8621050,1923978,2776339,37243878,,
7/1/1991,444397712,104161552,11178915,189094281,21824738,67081840,1490384,8762053,1941996,2932356,35929596,,
8/1/1991,445146457,106334554,11024611,188005361,21745501,67417790,1501497,8690876,1967119,2631177,35827971,,
9/1/1991,455417857,110568407,11511689,190715114,22492181,67904468,1598416,8905431,1979788,2735561,37006803,,
10/1/1991,453302701,107007591,11920162,192942225,22651353,66486947,1709645,8981423,1859123,2652357,37091876,,
11/1/1991,466131839,107952526,13797393,200952989,22487794,66147981,1731185,9195936,1981441,2666456,39218138,,
12/1/1991,469641958,107298222,13748729,204978459,22614252,62808482,1860385,9895514,2456991,2924008,41056915,,
1/1/1992,471055756,113384251,14093175,203197913,22249162,64142404,2417746,14146839,2524978,2665987,32233301,11031980,
2/1/1992,470381361,109273527,14260443,202921785,22319925,65770762,3441275,14308319,2562806,2414933,33107588,11114415,
3/1/1992,468323166,106393765,14263736,203994429,24002266,65644045,3206700,14184415,2568269,2547348,31518195,11440968,
4/1/1992,468084887,105652819,14498972,206577663,24626026,63040935,2640000,14236745,2642590,2591300,31577837,11877959,
5/1/1992,469246583,104361232,14685719,207390081,24549499,63032215,3196916,14317694,2684090,2443871,32585264,12127403,
6/1/1992,473530527,106089659,15838051,209695534,23645649,63144874,2881649,14740165,2618490,3043333,31833123,12390501,
7/1/1992,473832193,105533302,15511223,213402089,23812833,60586275,3127703,14834793,2618267,2732580,31673128,12644333,
8/1/1992,475769019,108866697,15587967,211039793,25904397,58630143,3010235,14503426,2624536,2799773,32802051,12935812,
9/1/1992,496678758,116334440,16257858,214939322,33178507,59665909,3030051,14447496,2719706,2770900,33334570,13624212,
10/1/1992,507421574,116834416,17102022,219123983,33285228,63625119,3131790,14458218,2830094,2572560,34458144,14351376,
11/1/1992,521943047,117649676,18016414,221647446,39640402,65428864,3127841,14538254,2892082,2883235,36118831,14750724,
12/1/1992,522011641,116849843,16940788,221736684,41204915,66588265,2947700,14651581,2866107,3038861,35186897,15665868,
1/1/1993,511594461,113820232,17336831,220913340,37876624,62765779,3179444,14736413,2874370,2642157,35449270,16091468,
2/1/1993,523347602,120176163,17355228,220521318,45034071,61160951,3241445,14738578,2937032,2508504,35674312,16529624,
3/1/1993,523494390,123494892,17299550,220045682,45286214,57966638,3782824,15071376,3049565,2579316,34918334,16573390,
4/1/1993,540943173,128692570,17584850,220974216,54042041,59743278,3706880,15125551,3046073,2460153,35567559,16946672,
5/1/1993,560762030,134628851,17759505,221698184,64591612,58866720,4558587,15243338,3227573,2652916,37534745,17283930,
6/1/1993,572258550,135646142,20023283,222005830,72361617,59308482,4422854,15323032,3132283,2955417,37079608,17510295,
7/1/1993,593226118,145052330,18530647,226592952,77669834,61297946,4699422,15628827,3344013,2780156,37629993,17909512,
8/1/1993,588154734,140824492,18057346,222575577,82159586,59490095,4651942,15682666,3259336,2849098,38604595,18243013,
9/1/1993,586138515,134845702,18230062,224021739,77323789,67301149,5277469,15886168,3349981,2757203,37145252,18401266,
10/1/1993,588963758,131405311,18480546,224177082,79612852,70105862,5724845,15958908,3507387,2561201,37429765,18710835,
11/1/1993,603643656,135069351,19222165,225387076,83952742,72885766,5947778,16407281,3651040,2922073,38198384,18787758,
12/1/1993,620778293,142609793,18325971,228121218,88694049,75593127,6456156,16671180,3851730,3060324,37394746,21396332,
1/1/1994,607441889,134160969,18989033,226295031,86717554,72111001,5558647,16599900,3863216,2804100,40342439,21529606,
2/1/1994,610224733,136404962,18868145,225190912,82537305,76280384,6167280,16765431,3918647,2600429,41491237,21573954,
3/1/1994,598170345,129326037,19347836,228862579,75423653,74820261,6301612,16862560,3957671,2861773,40406363,21318686,
4/1/1994,600632834,133108927,19636015,227999958,71704218,77102653,6710769,16951168,3949401,2494555,40975171,21293083,
5/1/1994,603680305,127912890,19618545,228288444,75148132,82978267,6449280,16170056,3517603,2702331,40894757,20307713,
6/1/1994,631602272,126615929,29379647,242236036,74702818,84362771,6202817,16174101,3661780,3113020,45153353,20715552,
7/1/1994,640107945,124116981,29764708,246327997,77624728,86528218,6516924,16538386,3651341,2927163,46111500,20834752,
8/1/1994,636877189,126650824,29915154,240919164,73767204,88770990,6858035,18542828,3908983,2809371,44734636,20849290,
9/1/1994,634022376,121531469,30240014,244014520,70799394,91583426,6194807,18302213,3914085,2665435,44777012,20193189,
10/1/1994,633557143,117301835,30627199,245297104,70379070,93021035,6579147,18226065,3947586,2820652,45357450,20128935,
11/1/1994,644618662,120151485,31496394,246511046,73220247,95860517,6419110,18342011,4033579,3052426,45531847,19806300,
12/1/1994,664878876,130100068,30499579,250532347,76545250,98755731,6560552,17867159,4249810,3149351,46619030,17430283,
1/1/1995,657444116,124168500,32710703,248741571,77783870,96151653,6455585,18118075,4317112,2896211,46100837,17232405,
2/1/1995,663900935,124926466,32603615,249649520,78332492,100017267,6095056,18447586,4315537,2798523,46714874,17150620,
3/1/1995,672064110,127328676,33241162,252017363,80103152,100426622,5870596,18701729,4449900,2662327,47262582,16613087,
4/1/1995,667713231,126416405,33429229,254971470,74372393,98887226,5899625,18891920,4221779,2775594,47847590,16495913,
5/1/1995,672791242,129419152,32802284,254343947,79306114,96695341,5702601,18786743,4236120,2819246,48679696,16243728,
6/1/1995,680692127,123718059,34932530,258787921,80117624,101648084,5761350,19328334,5027724,3099431,48271069,15875338,
7/1/1995,694194317,129475154,33235663,262836218,82781214,103810873,5791292,19593181,5053815,3250303,48366602,15651119,
8/1/1995,678514186,119710228,32447159,258755544,79662676,106512489,6292056,19602695,5091402,3075030,47364905,15617414,
9/1/1995,691892503,119630263,31737977,261431022,87319775,110135192,5877646,19968309,5145799,2843587,47802934,15458795,
10/1/1995,693828666,121448163,31907974,262093950,88749937,107791665,5387148,19923978,5150487,3019821,48355542,15420137,
11/1/1995,709392288,129371228,33498216,264667496,90877243,108294495,5566628,20006197,5115551,3257690,48737543,15098488,
12/1/1995,722140409,135431232,33316066,268101463,94928161,108028019,6193261,20190419,5186566,3378734,47386487,14735524,
1/1/1996,729866310,140562837,36098578,266896247,97181932,105952021,7018030,20678782,5260166,2952604,47265112,14695719,
2/1/1996,723018710,137274043,35769999,266461620,91678747,108608416,6946053,20703155,5328057,2887491,47361130,14479518,
3/1/1996,728151792,140990775,35261043,268852992,90883079,109136225,6846087,21129235,5399271,2899541,46753545,14196020,
4/1/1996,727667211,139269933,35580379,270382472,89698021,106616212,7908075,21621746,5407149,3010019,48173205,13996058,
5/1/1996,724739442,137892911,35156900,271351983,87444082,106650601,8064753,23030249,4346123,2882839,47919002,13775095,
6/1/1996,733838706,138425282,37477949,276847373,86478916,108449671,7421712,23470556,4363630,3275474,47628142,13346340,
7/1/1996,743961066,145500997,36720169,277133401,88808320,109638070,7120100,23587520,4373559,3253284,47825645,13135847,
8/1/1996,724487526,136302977,37565486,275680256,81507362,108017832,7236678,23641220,4692841,3044499,46798374,13107179,
9/1/1996,744833490,143575366,35967942,279540022,89609162,110552769,6554398,23606625,4664130,3125551,47637523,13005788,
10/1/1996,749026968,142713281,35788739,282179108,92017646,110348773,6479445,24126297,4683153,3088054,47602471,12789183,
11/1/1996,760380772,142949785,37985367,284369334,97127919,111665573,6532094,23826987,4804455,3272331,47846927,12481459,
12/1/1996,758489562,139743716,37346556,290031211,90651635,114067968,6447087,23176879,4937044,3695756,48391710,11895454,
1/1/1997,763520748,142861563,36900623,294677100,87539805,113690004,7894643,23578738,5073059,3169131,48136082,11816024,
2/1/1997,757832958,140594581,36175343,295181950,85955765,111402119,7819823,23660301,5256909,3061646,48724520,11671204,
3/1/1997,762185219,137506167,36041674,298747725,85949473,112647855,8040665,24070084,5594876,3619241,49967461,11433270,
4/1/1997,760493751,134772054,36920251,301381884,82756386,113110220,7408983,24588259,5956733,3236570,50362411,11286863,
5/1/1997,768841527,135093728,36481538,303876209,85650409,115559236,7184625,25266261,5980696,3092989,50655838,11124980,
6/1/1997,787478879,141406566,38794820,308063232,87223372,117358492,7932188,25713131,6193436,3585404,51208236,10656990,
7/1/1997,795667722,144422361,37135221,316554482,90344819,111886992,7628448,25670736,6366269,3649953,52008441,10396181,
8/1/1997,784192984,144856400,34684718,316907607,83979350,109460255,8274566,25864701,6177473,3290878,50697035,10323044,
9/1/1997,794883530,149716328,34858582,318783028,89599954,107877465,8135486,25826140,6231347,3333063,50522138,10049091,
10/1/1997,791517262,146092123,34497404,322889048,85600760,107876973,8309551,26586564,6437032,3154550,50073258,9811979,
11/1/1997,804277943,146416988,35553869,329792374,86852944,109167484,9073943,26392900,6773358,3487793,50766292,9540262,
12/1/1997,810523492,154618273,34779110,332717392,85106493,106067830,8866455,26678518,7077982,3916381,50695058,8950260,
1/1/1998,829360594,156075132,32435187,341723613,90677581,109480443,9023031,27434303,7394967,3348244,51768092,8875710,
2/1/1998,844448097,159364118,32329661,344250808,95716022,113297345,9874623,27184445,7343959,3213251,51873865,8766128,
3/1/1998,827715301,146220571,30928209,343846123,92457087,113340809,10391968,27501106,7491520,3361202,52176705,8370680,
4/1/1998,820341489,142548718,30749432,347067193,88984115,111103344,10012507,28059783,7513240,3429676,50873481,8280426,
5/1/1998,822503061,140294454,30723505,351384360,87084046,111734100,9658415,28840299,7486153,3427614,51870117,8155656,
6/1/1998,846595531,144158210,30966494,360612401,92331627,112640817,11087838,30229942,8045900,3863582,52658720,7794478,
7/1/1998,857739643,146813044,31246649,367248645,95720181,110761873,11280108,30057307,8737274,3759914,52114649,7706358,
8/1/1998,847682058,149099203,30263676,364027923,92041055,106203557,11533807,29768316,9334097,3688598,51721828,7698526,
9/1/1998,849806871,136472041,29518764,372191765,96685448,107154899,12374791,27831945,9381732,3593938,54601548,7490348,
10/1/1998,858540167,141766140,29703707,377228673,89916435,112788919,12569873,28660362,8733133,3524714,53648209,7393122,
11/1/1998,872251649,150641920,28504526,387079626,88961965,108671881,13235301,28647308,8477185,3858293,54173641,7165440,
12/1/1998,871749710,148568593,29643708,390145877,85514333,106527622,14015295,30109978,8819600,4565156,53839548,7009021,
1/1/1999,883615632,143043420,29395675,393943752,89356186,111459642,15801619,29800578,8764010,3759464,58291286,6970418,
2/1/1999,882066852,138048058,29143823,396847127,82176418,115375846,17953527,30588082,9026924,3651976,59255070,6878773,
3/1/1999,887494117,142140152,28438624,397581034,87534018,110850006,19305545,30573128,9280273,4245575,57545761,6737089,
4/1/1999,870302186,134353012,28614488,402378610,71120463,109408553,21320035,31098925,9529019,3646448,58832634,6656700,
5/1/1999,883791989,136188974,28663608,408315282,73639384,110106038,23066683,32591480,9652143,3945877,57622521,6568281,
6/1/1999,903990643,134497779,29345513,424910565,75032376,110062474,23817006,34844318,9727801,4204661,57548147,6565121,
7/1/1999,905939534,134811017,28776247,427369418,75113873,109475222,23233348,35178845,10782193,4185313,57014058,6471908,
8/1/1999,898300654,133131720,27980527,424972456,72870939,109545648,23677805,34684337,11488240,4175526,55773456,6525286,
9/1/1999,917498176,135216137,27652288,433568775,79122475,110874270,23194393,34214917,11588357,4144214,57922348,6388876,
10/1/1999,924487641,132570419,28058116,441405872,77258194,111371042,23701462,34094188,11937448,3993040,60097858,6372245,
11/1/1999,947141766,139727817,28066275,443075059,87763250,111151744,23657867,34400936,12493008,4382187,62423621,6224399,
12/1/1999,961014631,145713125,28727838,448138549,83795514,113341866,22455830,37200774,12879767,6773866,61987503,5950093,
1/1/2000,951618347,131121327,28605115,454958434,82045916,112792705,23036416,38010805,13062511,4322156,63662961,5947332,
2/1/2000,946538488,128738704,28771487,455007210,78657156,112607306,22669552,37675596,13584638,4124338,64702499,5872316,
3/1/2000,969259879,131105512,28758844,463929269,86795257,111844407,23156553,38800940,16025545,4059745,64783809,5809107,
4/1/2000,981471937,132874264,30398001,477686052,82777550,108281486,21390151,39318210,17218635,4477845,67049743,5788803,
5/1/2000,981826566,129554636,29798395,476955241,86044653,112533771,21380579,39134949,18007439,4318877,64098028,5684897,
6/1/2000,993714604,122368241,28582345,488802010,85550106,113523801,20635364,40245626,22477149,4467068,67062893,5526637,
7/1/2000,999838593,124259262,28875820,495072415,79026310,112276958,20941909,43210462,23668450,4873669,67633335,5681126,
8/1/2000,996917798,122365423,27992393,489420700,83610679,111088221,21181027,43895457,24608538,4764040,67991318,5797449,
9/1/2000,1022947882,122746011,27870009,502956658,91151372,112828756,22351888,43195927,25176130,4518083,70153048,5612062,
10/1/2000,1028447637,118992264,27865170,508106776,90512583,110669558,24334832,44070109,25507520,4734999,73653825,5628501,
11/1/2000,1042401175,120699679,27851812,517842436,87037208,112937824,25180798,44991768,29346026,4856066,71657559,5598011,
12/1/2000,1076805247,129633889,28811973,526632753,93988690,113673752,24964534,48175524,27118158,5386264,78419710,5513377,
1/1/2001,1083611535,127729565,28574561,524355743,104147941,112393028,26910438,49615724,27429124,4584682,77870730,5549572,
2/1/2001,1081218638,127588039,28617495,524636944,99974569,113639860,28321745,49439176,27432908,4441060,77126845,5562973,
3/1/2001,1110489673,133581528,29023239,530386538,112983148,114740330,30755174,49033347,28298069,4311436,77376865,5522807,
4/1/2001,1113264594,126468340,29214432,539033802,108374758,117811732,30743860,49297290,30012425,4759654,77548301,5573517,
5/1/2001,1116471618,124738595,28555064,540957444,106644761,116386780,33548741,49810263,30026978,4852188,80950805,5623447,
6/1/2001,1133819321,122956549,29679356,556262470,103885827,117664543,37109797,50157922,28207063,4880147,83015648,5513671,
7/1/2001,1126028233,124751418,29939252,557132557,96032677,119243577,37353493,50364476,27115015,5209899,78885867,5621717,
8/1/2001,1112650712,122473596,28216676,552716527,94288565,119422674,35673189,50126882,27589326,4861339,77281940,5729088,
9/1/2001,1141442071,126020053,28326565,566132425,100648080,121148893,36056058,49413911,28470809,4836745,80388533,5749243,
10/1/2001,1153018942,131335262,28683545,569257885,98734605,121392468,38633011,50455243,27916167,5092618,81518136,5888508,
11/1/2001,1174288068,136267397,28708054,578990994,96670472,125467554,41115488,50631796,28381325,5006452,83048535,5875268,
12/1/2001,1194942048,145935658,31268510,586010424,96429407,124857298,40998521,52446735,28077505,6225761,82692229,5816113,
1/1/2002,1189997823,132752575,31547249,585221418,92603454,124353738,44739937,53060318,28540783,16877775,80300575,6019439,
2/1/2002,1178857806,129653263,31716468,589270715,90512436,122448809,45293838,52749217,28384672,10281231,78547155,6094998,
3/1/2002,1202897851,133547054,31502948,601603328,96511219,126321303,46104694,52801987,28315356,8790274,77399690,6154505,
4/1/2002,1214330083,135939501,31552345,608367603,102408021,125348952,45142097,52771717,28271806,7203712,77324331,6526374,
5/1/2002,1228890050,136957410,31559214,614786429,104429609,128092529,47008195,52728802,29497522,6435266,77395071,6845133,
6/1/2002,1238343354,134380444,32666640,626050347,99480941,129984632,45691353,55759826,29320764,6687157,78321250,6912219,
7/1/2002,1240220057,129988248,32026334,633913516,100325964,126898563,48474617,54871267,29310461,6435012,77976075,7100119,
8/1/2002,1230632511,132120138,29645925,635020941,94054965,124365491,48325908,54637449,29390316,5935026,77136350,7256551,
9/1/2002,1251059371,135978125,29478277,642557685,101959102,125558575,46835303,52871001,29334703,5734955,80751643,7293274,
10/1/2002,1274182429,140438454,28948526,652932678,110632404,126337578,45414189,54818884,29188621,5847304,79623794,7339162,
11/1/2002,1282196526,139150103,28302370,657967515,112261140,127876125,44738522,53625604,28747100,5744910,83783136,7276830,
12/1/2002,1288177703,139595948,30909611,662272372,109632143,129702196,44463668,55371971,28684329,6973879,80571588,6941434,
1/1/2003,1288026138,139683130,30700604,670921665,102946259,130671787,43775454,55571809,28533934,5830424,79391073,7025375,
2/1/2003,1306556532,144281325,30352222,676547067,108155211,132802559,46241465,54222708,28380132,5486058,80087783,7110950,
3/1/2003,1319517595,143943190,30844013,682839061,106897341,137132653,51134206,54239651,27874458,5445201,79167822,7098769,
4/1/2003,1357279505,151384069,31231251,696795062,113464961,138387926,55617389,56528248,28165091,6109317,79596190,7077809,
5/1/2003,1349880284,147326271,30455210,706398602,108508589,133991454,53734421,55212568,27807964,5621006,80824201,7061843,
6/1/2003,1366288001,145821102,31765357,717660970,105848431,139571581,54338300,58817841,26657731,6086249,79720439,7102783,
7/1/2003,1372679149,132477987,32306185,731086086,107496944,137097662,58901443,60633489,26947361,6445188,79286805,7118232,
8/1/2003,1384783082,135600630,31425411,733990771,111297536,138153000,61472775,60004377,27017111,6020343,79801128,7166876,
9/1/2003,1388215412,140573368,31014510,734295620,102786163,142490404,64711797,58200480,26954316,5995787,81192967,7106558,
10/1/2003,1409840004,149180305,30811218,747534617,103349845,142330170,62829743,59651834,27119468,5757323,81275482,7032261,
11/1/2003,1426716934,146776526,30064872,762420096,102181384,144873550,64196773,59754442,27079566,5750497,83619227,6895111,
12/1/2003,1447343819,150866533,32472257,761927466,112328044,146857489,66257055,66946946,20802932,7185594,81699504,7072123,
1/1/2004,1459942656,151651203,33514478,769059772,116664864,142741294,67626577,68513799,21268767,6071954,82829950,7136932,
2/1/2004,1467454663,141777035,32950644,782174686,123297910,139030263,70995858,67569345,21531109,5807746,82320069,7161481,
3/1/2004,1487531359,147082735,32931062,792030739,118193431,142302712,73997338,68683727,25573089,5974129,80762397,7099075,
4/1/2004,1515864047,142969871,34406949,807372581,126048821,141238392,76253520,72687247,25859901,6033539,82993225,7102877,
5/1/2004,1521029348,138090196,34277340,821103053,120183812,143699954,76546044,71322331,26375277,6152352,83278989,7033198,
6/1/2004,1563550360,145420914,35303662,836815762,126820645,148198679,76424314,77236220,25630762,6692887,85006514,6933487,
7/1/2004,1580464008,157219358,35440718,849987817,126727532,145387838,73934528,73967796,25817341,6695743,85285337,6872396,
8/1/2004,1560136558,148912647,34381528,847758403,124004351,144402267,73720840,71945194,26126273,6579204,82305853,6923259,
9/1/2004,1588260258,152402446,34030435,861049123,132282573,146973937,73247774,72201686,23478742,6642097,85951443,6940955,
10/1/2004,1614570336,164460716,34051182,876420415,125192739,140495043,71799700,73911352,23421286,6278686,98539218,6931440,
11/1/2004,1625924646,158179556,33739193,888349088,124640007,142738833,72045675,74341536,36114056,6679783,89096921,6804137,
12/1/2004,1655262855,169448254,33858048,900382805,119840051,147389126,73624034,77763479,36498697,7577758,88880605,6786594,
1/1/2005,1666502922,160919272,34064205,912727530,131437378,142486390,71130984,80159298,36814207,6809051,89954608,7076827,
2/1/2005,1688623676,164110401,34642075,925135135,136293045,145740242,71719658,76954696,37060616,6503606,90464202,7120376,
3/1/2005,1732930294,176078142,36091750,943698899,141315550,149618766,74596662,74333028,37433697,7188046,92575754,7113985,
4/1/2005,1757840167,179921678,34532587,960386512,145339795,147874624,70551830,81611684,38253819,6659891,92707746,7050727,
5/1/2005,1770157557,167643040,34215747,971874557,151064868,148536455,73890257,83101056,38749209,6780484,94301884,7218670,
6/1/2005,1914480298,185443044,35655346,1036430726,149419387,148001702,86621598,87400646,35210318,7450977,142846554,8419578,6360000
7/1/2005,1947338729,182905255,36986088,1059865064,151552629,147779017,95904213,85635749,35611047,7183138,143916529,8471182,
8/1/2005,1909596660,170321982,35603248,1059172103,134981863,145906106,95867384,83492269,35889714,6917439,141444552,8730592,
9/1/2005,1956479056,180465628,35977961,1080317333,146924688,146533002,95738286,84579263,36430498,6606621,142905776,8871995,6883000
10/1/2005,1989017999,188336262,36695976,1103539462,151769644,145732788,99496027,86331116,36592405,6821253,133703066,8966940,
11/1/2005,2030694284,184056452,35850568,1124248912,156061425,151753494,117087684,84568611,37578719,7027533,132460886,8779840,
12/1/2005,2067500452,193941099,37165673,1147734678,154347851,150090976,118462721,86776432,37316064,7650736,134014222,8693733,6751000
1/1/2006,2064309765,182565636,37294360,1164648080,156767862,140944271,118330264,89554376,38566968,6996446,128641502,8992195,
2/1/2006,2102868113,183105511,37289154,1182039472,175605849,140103748,119266711,89872112,39039263,6732455,129813838,9119224,
3/1/2006,2128067969,184718153,37010429,1211189992,172172131,142878123,119124569,89460171,38909186,6576002,126029213,8966165,6828000
4/1/2006,2171559559,191506939,37632232,1239289949,179124899,139389838,113591868,93571550,40213752,7113779,130124753,9185468,
5/1/2006,2162692893,181126009,36669444,1258520718,182744569,140003951,94207188,87714667,41973156,6948153,132785038,9227738,
6/1/2006,2209953963,188396206,37035631,1292721571,184939587,136849556,92207008,90056335,42374302,7147004,138226763,9149619,6883000
7/1/2006,2252639035,194215859,38052887,1323752699,186019387,138538683,91105798,91114886,44237907,7333343,138267586,9420623,
8/1/2006,2235743720,185451695,35439379,1328891633,185685552,136072548,87360269,90868339,45002504,7301510,133670291,9695109,
9/1/2006,2301132197,194827777,36162125,1359902354,195404274,136364419,84156037,96145903,45152348,6825696,146191264,9773019,7594000
10/1/2006,2339595430,192798929,35498464,1387338122,203717182,131810400,84188545,104612518,45241577,7283151,147106542,9951618,
11/1/2006,2382548853,195647553,35665313,1417794377,207970013,133172734,84857838,103062677,47585742,7396061,149396545,9885148,
12/1/2006,2420499651,202129005,37981442,1445298130,203375964,134571111,85055104,103492068,48183880,8352109,152060838,9772826,7721000
1/1/2007,2421503076,187528961,37165014,1462478433,207776216,133282739,86003296,105318304,49283663,7333179,145333271,10414169,
2/1/2007,2454978005,192427746,37869470,1476711583,217297251,131362558,86451388,100971831,50192695,7035319,154658164,10664583,
3/1/2007,2503190831,190851767,37937699,1505001855,236100618,130315044,87299336,103755793,51431387,7163856,153333476,10671087,8372000
4/1/2007,2524944194,199925322,38466439,1528703679,222215914,128666959,84468894,104936015,52946112,7429398,157185462,10961917,
5/1/2007,2563774976,191793597,38615400,1552336595,224299896,136214198,85775069,107563007,55185427,7339731,164652056,11347980,
6/1/2007,2642124026,202717071,39193247,1591715613,235262730,137881878,85930626,109267497,55885581,7343773,176926010,11509140,9291000
7/1/2007,2654116155,194842695,37918173,1616436165,240722162,136468477,83399470,108368065,55179763,7585514,173195671,12170392,
8/1/2007,2656158891,186280747,37094479,1622956130,246683740,140081532,84502507,105286144,55807841,7268425,170197346,12942554,
9/1/2007,2724613154,202237408,37524630,1643613966,255385188,151215297,83543868,102564940,63594901,7159493,177773463,13175575,10943000
10/1/2007,2771352259,196073614,37528889,1661975536,253832269,161199769,83520430,104984829,81537424,7623875,183075624,14192596,
11/1/2007,2820142694,195631037,37689034,1682796385,269651206,172969186,82295223,103225545,82011273,7294640,186579165,14804280,
12/1/2007,2836829634,229823701,38755249,1691933135,248360658,176056951,80881622,101607778,81781191,8541647,179087702,14949118,12316000
1/1/2008,2812150083,182607342,38155645,1699708628,281668869,171582179,74951708,99528766,80975499,7642728,175328719,17050593,
2/1/2008,2861008804,184160388,39480071,1710052035,294680016,172894589,87598129,97214231,80850553,7130263,186948529,18738664,
3/1/2008,2854241260,194515265,39812802,1724685781,251721870,177815793,87539598,98120780,79042862,7706586,193279923,20113087,16964000
4/1/2008,2883418200,192248808,40683845,1733399618,267744509,180511737,86358093,107375315,80055385,7659766,187381124,23320782,
5/1/2008,2910708002,193690013,41528424,1744052519,274404172,185148035,86665937,101877395,81398147,7251167,194692193,26367017,
6/1/2008,2972943275,205501894,42887188,1766480469,282300229,195185326,87479992,96948255,79340145,7645020,209174757,29383825,23970000
7/1/2008,2993050318,208121043,41456920,1769958906,285863377,198351408,87983103,98580668,94497330,7989951,200247612,39067024,
8/1/2008,3002104854,209861465,41003456,1770699257,297763424,193482268,87830331,95449587,94709233,7749973,203555860,44488591,
9/1/2008,3019008131,222548095,41936729,1779760042,286056269,190713070,86461531,95205923,94102320,7459343,214764809,46930221,35882000
10/1/2008,3062022192,241146806,42241670,1788394528,283555278,197101588,86348627,94258727,81139152,7620001,240215815,52668278,
11/1/2008,3088798517,224035288,43039365,1795055347,275333608,218585540,84887409,93840010,80575151,7407990,266038809,58129381,
12/1/2008,3096255914,239046544,47688165,1795108548,247391821,232077185,82290550,91990252,79668563,9006968,271987318,61691935,48534000
1/1/2009,3105313999,229112766,47738114,1789791364,263272603,238191522,82491776,90788522,82073947,7489875,274363510,70913460,
2/1/2009,3094208102,207479702,48448582,1787822345,255718426,249207972,82443652,91732686,81274658,6970460,283109619,76856025,
3/1/2009,3108664972,215251640,49602956,1790747928,239661159,259467029,85623514,92672111,81296423,7224822,287117391,77731285,63804000
4/1/2009,3114982528,203900157,50357479,1787701037,239986339,277005566,89067030,97331158,81981927,7338693,280313142,82244663,
5/1/2009,3105994142,206247907,51944661,1790210148,229160776,283538929,91465182,96160585,81834362,7096636,268334955,85042287,
6/1/2009,3155678563,232479994,57582411,1794471148,235424701,292899499,98526658,95828984,81781954,7654799,259028416,83948566,71156000
7/1/2009,3127196660,220809567,58100314,1785487925,225139981,289464559,97299152,99673413,82712594,7493486,261015669,86617633,
8/1/2009,3089482904,197195003,58077029,1774040924,228841015,290008045,95501401,97383281,83123967,7330665,257981575,89843807,
9/1/2009,3094735964,190349631,58453096,1782100745,229331486,300664334,96192844,97183591,83348586,7182149,249929502,88437138,74644000
10/1/2009,3079242951,187129011,59342697,1770864047,225683290,300973208,95198129,99353352,83484759,7144027,250070432,90260047,
11/1/2009,3086248373,190405991,59807323,1770917166,215170265,309488386,93569886,99796583,83977220,7118963,255996590,91183976,
12/1/2009,3122833579,215657096,61227692,1776532628,231045935,311923327,93537489,99198603,84620299,8517102,240573407,91954196,74765000
1/1/2010,3118006985,211127891,63879186,1756802554,241941378,308561798,89675128,101315343,85488877,7161981,252052850,95080388,
2/1/2010,3109849423,210327080,65390965,1759583520,233148200,308664482,87346547,97129839,81028662,6780265,260449863,96910378,
3/1/2010,3123152576,210674331,65057120,1767994833,227479691,313731221,90691419,98333003,79070072,8518626,261602260,96070282,79095000
4/1/2010,3139000914,225222069,66344230,1760003558,224924736,315725671,85030984,102607840,79317776,6940519,272883532,98576189,
5/1/2010,3176520366,223198068,68088167,1764918098,231459286,319514377,82147808,97559683,80306482,6946752,302381644,99112506,
6/1/2010,3173847369,198790597,71321963,1788242032,231402925,318785117,79596367,95784476,79800387,7319897,302803607,97825369,81446000
7/1/2010,3144002045,205145341,72131361,1773586339,230529350,310659870,75098638,98181009,79183780,7491552,291994805,99601316,
8/1/2010,3174694100,209255918,72017141,1760407596,231429777,308038008,75471322,97513563,79686323,7238507,333635946,101731517,
9/1/2010,3138393805,188538865,73131715,1777705422,214711499,310144345,73287206,97096055,79126327,7435855,317216516,100210517,85451096
10/1/2010,3140670417,199494050,74793713,1764959260,228593044,310422070,69033492,101810983,76647305,7121245,307795256,102693614,
11/1/2010,3124745289,185902167,73158963,1778936818,219967743,310704232,69225353,99000999,76836600,7244124,303768290,103950920,
12/1/2010,3119256591,188441535,74491997,1782291283,223179240,313915760,63885689,102877982,77310982,7882548,284979575,106572543,82687056
1/1/2011,3094978819,180515314,75060613,1765726026,236482575,312106535,62409094,103933368,77085993,7123586,274535716,110182398,
2/1/2011,3090966924,187940135,77386807,1756176140,235375284,314578401,63437384,103551406,76616007,6847276,269058084,111949692,
3/1/2011,3099475206,188281988,79517886,1763282392,228975198,315801217,66730077,105168572,80634464,6941985,264141427,110652027,88431320
4/1/2011,3095492628,187081662,80012811,1752788518,223230012,311953033,63936002,111814467,84950389,7334943,272390792,114432554,
5/1/2011,3146844049,197214888,78883063,1751694583,238297111,317265212,63712870,131057779,84988756,6935686,276794101,116689648,
6/1/2011,3189211509,205952064,82886343,1758572617,228983370,318800878,63354155,155124674,88907752,7303666,279325990,121099517,94603888
7/1/2011,3188946902,207254999,83485938,1738553040,223910865,316753750,62381013,155670558,89490479,7271483,304174778,124383715,
8/1/2011,3186789395,203364992,82510635,1728171281,223883406,309909037,61704162,155047214,88801954,7165155,326231559,127492693,
9/1/2011,3205627180,187480381,83513488,1728701326,225477723,306686730,60299295,162729589,88612470,6862927,355263251,127968969,105162400
10/1/2011,3192370664,191810484,82825654,1718755471,224467110,305163951,60341089,165390847,88717748,7082297,347816013,131878355,
11/1/2011,3187031462,181884171,82618166,1722587991,222918704,306468250,58620791,161321185,89048730,7017778,354545696,134099196,
12/1/2011,3250225528,199244887,82989189,1715036540,226959819,338966696,58340168,160409176,90130991,7486153,370661910,139557490,106541584
1/1/2012,3270910945,192811967,84404780,1698997157,222728980,365968049,60982554,166379876,91272583,7072006,380292993,143945123,
2/1/2012,3286306048,188652949,84456496,1695379139,231710955,378711951,65771193,167565820,91491016,6803113,375763415,146612835,
3/1/2012,3342058401,225945252,85561285,1695520615,243014287,391842790,66967176,166635417,91145860,6852785,368572935,147686958,116230344
4/1/2012,3294566790,190713013,84887526,1678072755,242079505,385526437,65269390,166610048,91935175,6828601,382644340,152598864,
5/1/2012,3355069073,201520114,91912237,1671292916,247668741,378056572,63188264,167277228,91457402,6789673,435905926,155804458,
6/1/2012,3360239948,198252043,106284850,1674904746,260782267,379163547,61135461,165349524,90878869,6836684,416651958,168398468,124088664
7/1/2012,3330234952,202350732,106263196,1648327358,250158155,369155521,59016180,165982497,91203714,7082619,430694980,173184443,
8/1/2012,3288031534,200873561,104431777,1630156699,239101957,360697541,59046927,167255844,91987249,6842644,427637336,178660155,
9/1/2012,3301574090,206198123,103473939,1633488631,233659957,371342906,59938745,167510420,91186110,6605996,428169263,182252270,139066928
10/1/2012,3269034868,208267164,103392136,1618544538,235297138,369222521,54588048,166770811,91019196,6777944,415155373,190387068,
11/1/2012,3263723114,216281855,101786224,1618120862,232037743,365916341,45404668,164186102,90991052,6643708,422354560,192426207,
12/1/2012,3256385944,229550279,96890356,1537748013,226277406,406653886,82808498,166986497,90167196,7433738,411870074,168428721,132199880
1/1/2013,3183397095,202091606,97231600,1517257546,227968663,410134888,82129288,168441398,89765856,6558288,381817962,171806810,
2/1/2013,3186249281,201533615,97031461,1492468482,227413559,428891797,83688051,167827288,90101811,6299936,390993281,163116045,
3/1/2013,3205983600,192288193,97181227,1493865188,229019102,443873981,84524265,168911914,90321482,7232164,398766084,164487464,130578336
4/1/2013,3183073225,189913790,96773060,1471118168,225276396,440690939,81699125,171369165,91162006,6525816,408544761,168308225,
5/1/2013,3121188130,163967975,88405833,1458199441,224929896,442073273,81200399,183518496,90748276,6245332,381899209,171209819,
6/1/2013,3112990161,167033690,89752988,1460443660,219163892,455166822,80935870,184950983,89706327,6406123,359429806,177513384,139453408
7/1/2013,3032889134,163275527,89298635,1435744732,183944897,446793200,78910411,186263289,89028727,6541120,353088595,179582790,
8/1/2013,3009659514,157521083,86641047,1433794355,181093158,442905146,79924160,185781004,88818183,6465039,346716338,181585223,
9/1/2013,3008135121,156359071,87425310,1426892290,186581673,439649705,78397180,185962248,89186881,6299679,351381083,188423727,147113760
10/1/2013,2962477127,149445647,87846727,1415246327,183148323,428491501,74271541,189037191,87433265,6495208,341061396,191859047,
11/1/2013,2946445010,162669599,76323240,1419134859,178237246,414424534,76539427,185765392,87609814,6221178,339519721,193303758,
12/1/2013,2874176297,165059869,76626614,1392383771,174358464,389590970,74769098,188717990,91279531,7280030,314109961,197962030,146107024
1/1/2014,2900808574,135155618,86857521,1402255184,174197257,409661877,81043894,188542830,91119318,6228287,325746789,197812420,
2/1/2014,2865716784,113710938,85940884,1397241399,167826513,404196211,82075925,186746547,93475828,6116547,328385994,195774266,
3/1/2014,2864773760,121938679,86646099,1387856300,173264337,403056455,84528112,191717492,94595220,5995704,315175362,193496068,145952480
4/1/2014,2851939340,122497290,87356999,1372722512,169587554,400548565,86838541,191223415,95948677,6655424,318560363,192551611,
5/1/2014,2863948953,121874746,87083593,1361532882,180106565,403558432,89758376,188056374,96099766,6257321,329620899,190284668,
6/1/2014,2844221318,114140800,90118833,1369018678,186921708,402285704,85161730,170777267,95785825,6322932,323687841,186807304,144080790
7/1/2014,2822700781,117983610,89977285,1352018001,185879655,393949327,85325391,170934890,96404135,6710670,323517818,184438106,
8/1/2014,2814322414,113244938,89524642,1340648774,170161407,400120076,90745549,170486762,96687296,6603637,336099332,184602143,
9/1/2014,2818680878,107035245,89851197,1335827004,181750769,401096349,92542681,168288870,97666164,6450047,338172552,180998344,140136328
10/1/2014,2805188912,110630194,91088262,1330201481,175882063,395602018,93200577,165681550,98124333,6315290,338463144,178832426,
11/1/2014,2827728601,113168477,91499956,1336383583,186967625,389517768,94368286,160765176,102433349,6221105,346403276,177259443,
12/1/2014,2779129080,113516149,94697014,1328188686,163859724,388415052,81438730,156946579,104097374,7604037,340365735,173532458,130742239
1/1/2015,2759369710,103901499,96906281,1318207043,171155726,373560082,86431236,135467165,104927890,6487922,362324866,172862341,
2/1/2015,2751637360,108240197,93825075,1314031637,173863671,368398859,88523010,137078574,105389413,6176251,356110673,171437437,
3/1/2015,2789697027,118733870,94630147,1324910329,176655931,367977661,91308289,138297920,105431348,7201292,364550240,167679295,126725860
4/1/2015,2730841415,117789103,93702432,1302655764,165356545,353742736,90779285,140687250,106451590,6913015,352763695,163056782,
5/1/2015,2716579959,125333284,92416533,1299802018,161777959,351849957,90342163,137846518,106502700,6465721,344243107,155559004,
6/1/2015,2711690317,125266191,93272596,1307623247,168061706,350652998,89488509,136704508,107990182,6599045,326031335,150008396,112946639
7/1/2015,2695199227,122783604,91906456,1294178409,172061013,338421408,90860905,139930548,110134378,6992051,327930455,147441266,
8/1/2015,2665243385,119718385,89966765,1282029057,173276726,335861730,87320430,137363163,107771564,6920637,325014929,146440080,
9/1/2015,2683296731,126084930,90840257,1289504033,175657709,340116939,85276539,135774733,106992801,7360526,325688264,143494305,108495587
10/1/2015,2681462051,126112417,90152079,1283240289,173064050,337697025,87858640,136587988,109118735,6609260,331021567,141413255,
11/1/2015,2701635838,131981377,87897035,1288953877,181521200,332221385,88532833,135370988,111622672,6567042,336967429,139553987,
12/1/2015,2645492325,135626425,85708582,1274652552,180025742,323717990,74602358,133401336,112115324,7957872,317684144,135120361,99064086
1/1/2016,2657803576,140568771,88563564,1267250078,171268464,329684334,75597652,133375922,111408930,6590324,333495537,134370815,
2/1/2016,2658994953,139520900,87602685,1261768594,172467002,329728020,79248966,132841432,111376621,6409428,338031305,133226440,
3/1/2016,2631557756,132248590,90514471,1243187675,178836748,331713220,77641196,133276780,110976739,7072744,326089593,130153375,96008506
4/1/2016,2627020611,138338123,94274060,1238576043,171314610,331499439,76573894,134513636,110890929,6730298,324309579,129055001,
5/1/2016,2616053351,133698477,92989158,1231716401,178882958,326511511,76733822,134587234,112461127,6945227,321527436,127401253,
6/1/2016,2653002013,130310188,94873697,1246532140,188268155,325170872,74032957,134548714,111318266,7058972,340888052,123892129,91350199
7/1/2016,2618064711,125196127,90207612,1235824053,180739571,316429743,72907395,135383626,111937975,7119735,342318873,122146186,
8/1/2016,2592469907,136647831,87527279,1227036508,172506886,312053313,72634005,135296213,112007043,7035411,329725418,121252713,
9/1/2016,2592139906,130414196,87965779,1226306090,181346994,304848252,74867339,133901079,112077588,6756573,333656016,119031189,88914663
10/1/2016,2557474175,131925252,87160648,1218925147,170785212,295995948,72082903,134495050,111911782,6867215,327325018,119274831,
11/1/2016,2552133323,122119112,84419097,1229606843,178029569,292384972,72941600,127734717,112668148,6748998,325480267,119701312,
12/1/2016,2541131549,141412542,83866560,1222510780,184473476,280504630,71756538,129552238,113494983,7469389,306090413,117978257,88345078
1/1/2017,2517238513,133545300,91358969,1209688532,179206623,277524649,76917227,129788927,113226361,6786259,299195666,117416341,
2/1/2017,2511816775,127113549,83498646,1206614427,185323038,281025803,75443095,129572707,114595537,6700652,301929321,116773826,
3/1/2017,2523714004,132879741,83558873,1213632289,194346725,275698409,77761725,129421587,116358408,6618965,293437282,113507048,
4/1/2017,2507880568,132542353,82495392,1209396746,185780712,269546128,75760833,134052428,111561490,7159698,299584788,112203297,
5/1/2017,2504976427,150831347,81151001,1207763095,179341176,268419378,76281420,131603620,110132752,6961250,292491388,110618155,
6/1/2017,2533163433,168586029,82906941,1209022395,187120351,268562260,74253336,138422202,111425984,7308245,285555690,106513495,
7/1/2017,2540403242,174359708,79840635,1201795975,193202716,267968791,71510364,146483184,110366087,7284209,287591573,106515136,
8/1/2017,2527934635,182313117,78252854,1191840432,182150926,269757765,69914862,145894926,109961800,7371447,290476506,105776650,
9/1/2017,2541081350,187182634,77290940,1196334863,184581079,270040742,72872470,145232260,110942225,8679485,287924652,104071518,
10/1/2017,2559965637,201767015,77240753,1199998908,190498821,262461718,71273670,145345687,111571992,9641291,290165782,103018912,
11/1/2017,2561549824,204736467,75493560,1206334165,189244633,257630650,73765201,145082608,113395616,7419911,288447013,101483366,
12/1/2017,2549836095,214793432,74339530,1199106319,192020935,247469541,71080498,145383054,113022310,8071726,284548750,97646692,
1/1/2018,2519897037,198533298,77044567,1183274691,192059158,250355842,75602649,138891664,113952534,7217508,282965126,97054496,
2/1/2018,2503267216,187519204,75118580,1175958213,193148171,255583667,80430924,139860336,114055288,7084090,274508743,95785781,
3/1/2018,2520322544,213438995,74374696,1170903691,201553984,250218467,80804614,134652520,111762624,8232537,274380416,83072747,
4/1/2018,2495779469,215066752,74386134,1166559559,191929992,236871200,81946111,135581776,112265421,7448070,273724454,82538424,
5/1/2018,2520842704,217104048,74098978,1166001205,201336429,244658365,79412433,134169054,111350156,7363172,285348864,81411464,
6/1/2018,2523876666,201994506,75745178,1174179068,211408277,244853453,79348792,132887770,111419511,7206124,284833987,78467224,
7/1/2018,2506410017,204256538,72852759,1162787127,208822336,240646490,80233895,133579562,111727981,7648946,283854383,76937007,
8/1/2018,2500997111,214797046,70938045,1153975617,203685947,240444543,79832115,132870449,110480644,7866015,286106690,76293869,
9/1/2018,2483029272,188143349,70095488,1157184718,221607479,241612818,80865196,125012587,111284181,7548014,279675442,74561043,
10/1/2018,2474644061,183250495,67636037,1158557322,214516738,236587380,81565744,123011438,110940651,7947325,290630931,73454076,
11/1/2018,2486596327,188701138,67025982,1167824859,211742208,235561971,84194552,122614586,112277616,7630522,289022893,72907917,
12/1/2018,2476348332,196986723,65739894,1150227684,229474571,233589016,81915391,126228845,109237839,8654754,274293615,69623711,
1/1/2019,2478371661,205316871,68399947,1141763166,218710089,236379149,77231862,127031425,110796734,7564549,285177869,69596511,
2/1/2019,2467379055,190905625,66435653,1138760804,220295103,241793370,79232995,127017959,112773519,7462030,282701997,69104729,
3/1/2019,2523745601,183224687,67866360,1144969457,259446949,247995768,80919928,126430443,113385220,7121973,292384816,67976784,
4/1/2019,2505189083,190837560,67400232,1143353955,246866551,237858924,82409501,126714374,115917655,8157294,285673037,67551225,
5/1/2019,2516346642,182751055,69296501,1147525633,248139351,238402473,84420641,125130547,112668981,7632968,300378492,67053899,
6/1/2019,2541690247,166915403,71482371,1158791596,271351990,233968197,89176655,127458644,112184467,7928053,302432871,64259375,
7/1/2019,2524968918,170867879,69368753,1148696950,260387576,228727451,87710985,128335774,114993542,8012894,307867114,62156301,
8/1/2019,2550738506,172761796,67722483,1142996620,268226798,225686012,87484046,128116220,114456936,7977484,335310111,61860611,
9/1/2019,2540154932,169387992,66537468,1139327014,268887302,228050895,87199761,128079413,116644125,7756181,328284781,60704442,
10/1/2019,2537491994,186835975,67973979,1136115542,262041714,221732138,88203842,129063320,117858194,8113014,319554276,59968582,
11/1/2019,2562970853,182023451,66132937,1149047756,278764661,221319336,89629880,128080027,117983814,7768803,322220188,59180977,
12/1/2019,2517992159,178199615,63785565,1135589579,281834615,219685700,87891032,131341503,118694409,9315633,291654508,56158751,
1/1/2020,2527968141,179983562,71235274,1131281147,290608905,209307147,89142103,130909821,120491596,8018617,296989969,56455683,
2/1/2020,2548897164,189008564,66593320,1127570326,296386013,209431832,91285037,129730125,118433166,7665174,312793607,55839820,
3/1/2020,2634914077,189554332,69409855,1138916054,331154960,226292524,90945101,129444801,109698489,8871766,340626195,56036743,
4/1/2020,2653365525,193648909,69237960,1157661331,323112191,233227219,93574079,129362529,109139934,8387845,336013528,56367779,
5/1/2020,2664866876,189824932,69233187,1171989549,327141000,242403516,96032967,129022825,107697505,7755489,323765906,56873338,
6/1/2020,2777977048,272701484,69509423,1187054112,338629111,248181121,97215510,134048580,104331947,7727738,318578022,56542145,
7/1/2020,2757365126,297319757,69510276,1172044920,315302112,247485536,95920498,132797906,104563157,8210493,314210471,56486984,
8/1/2020,2735617791,299146207,68969277,1168247746,306755317,250066886,94119841,132399496,104736152,7854568,303322301,56417422,
9/1/2020,2738067013,297229422,67844907,1167998489,312498245,248713788,95791198,132277775,107488946,7611974,300612269,54518601,
10/1/2020,2720214381,291153200,70561128,1167232199,303047072,242871244,98175717,132064249,109063905,7674138,298371529,54336214,
11/1/2020,2749234353,310242222,72169048,1175619549,300266831,242660346,100249391,134565685,112365571,7409266,293686444,54715736,
12/1/2020,2736800873,315012560,74356955,1174944516,290416504,236671495,101053258,135575491,113530187,8592431,286647476,54082161,
1/1/2021,2720681403,307212907,75450245,1164384787,303796087,230580043,102198530,135787755,114133019,7397596,279740434,54044378,
2/1/2021,2710433309,303728313,73689341,1163469714,301267930,235035119,109326512,136330937,114505613,6925580,266154250,54188196,
3/1/2021,2768997316,358904420,77412567,1169638024,296035853,234314547,108741515,136850527,115334942,8253791,263511130,53893956,
4/1/2021,2755840028,356603575,79547558,1166423402,296850185,229308455,109806871,137176716,115179219,7331510,257612537,53968918,
5/1/2021,2771019551,369132887,80274084,1164844898,298149607,229312082,110000233,137747444,114990002,7149412,259418902,54128689,
6/1/2021,2815624954,376404656,83331907,1184135652,312021071,237600264,108295630,135175397,110285131,7317913,261057333,53106814,
7/1/2021,2802036398,391017374,85179087,1172479446,307879773,220571385,109696280,132893861,110694753,7705868,263918571,52597934,
8/1/2021,2806675150,397671678,84468260,1161663804,319715987,216849566,106411277,132914473,111330579,7711412,267938114,52451892,
9/1/2021,2816519415,411656104,83686836,1165371753,321968534,213694377,99600089,132111925,112097717,7595507,268736573,51694281,
10/1/2021,2813203886,399141044,82186977,1166316557,323970364,214941368,103844765,130818875,112358326,7759095,271866515,51831582,
11/1/2021,2865748125,437578822,81364024,1177466442,329023917,206460924,105795751,128068718,109641115,7562948,282785464,51457381,
12/1/2021,2846345699,435904924,78918914,1173435010,336291881,209007318,98541238,129163182,110700586,8132142,266250504,51205789,
1/1/2022,2857581870,458786959,78785824,1162412988,332620106,209054375,104866935,128359052,111089237,7394722,264211672,51138007,
2/1/2022,2847082057,436062047,77488542,1162110472,337766205,213510088,108532926,128759280,109696914,7058857,266096726,50953202,
3/1/2022,2874200262,423059373,79470555,1164104511,359865120,215233855,112812329,131490676,106167536,7414907,274581400,50143987,
4/1/2022,2921829016,433458089,82316356,1172165570,354905304,216755428,115775046,131153035,104984750,7738106,302577332,49884614,
5/1/2022,2916775430,432650815,83071310,1172091460,353871006,223683835,115716972,132103437,106188409,7384376,290013810,49716531,
6/1/2022,2977834761,456721348,83952572,1182955008,367378400,225341395,121326647,131300975,102877382,7536275,298444759,46816601,
7/1/2022,2978455070,452931777,83056062,1181602072,367028320,227797203,124734939,131549051,103537422,7671207,298547017,46391349,
8/1/2022,2969764939,442431970,81844672,1174738737,361256587,229627220,122758245,131080461,103541196,7819158,314666693,46225383,
9/1/2022,3005064508,443530556,81184450,1172368722,374890536,233436583,126670548,130094846,101810749,7705410,333372108,45227907,
10/1/2022,2991181617,438939825,80573850,1171738222,372265377,232791168,130439377,130491083,103033855,7721294,323187566,44963041,
11/1/2022,2971778310,411850913,81258368,1179745017,378065690,234853406,131742021,131064418,102387714,7505477,313305286,44160294,
12/1/2022,2842456019,309698961,79811433,1166762673,384826192,233941976,123528750,130257557,102159886,7801198,303667393,42378392,
1/1/2023,2832557969,333252140,78214479,1153350739,375436246,234495548,126568399,130701744,103106118,7436338,289996218,42171987,
2/1/2023,2833995586,318107680,78370452,1149644886,371948816,239682162,131163884,131083240,104517948,7028917,302447601,41887968,
3/1/2023,2837724029,310776239,79703260,1152142314,383524017,243973066,130539947,132067760,106151191,7519094,291327141,41215199,
4/1/2023,2829683621,292456144,78964272,1149785945,388493936,237910832,133673193,133835532,108075629,7282126,299206012,41714879,
5/1/2023,2866485710,338310767,80847516,1141149575,393534676,235427771,134461357,133459913,106608814,7342790,295342531,41987177,
6/1/2023,2861390857,298331265,82018472,1153009494,412450259,237099403,134294667,132797680,107143464,7387979,296858174,41399972,
7/1/2023,2848877747,306869775,78133348,1142262973,407777569,233650580,135237787,132107394,108150696,7599186,297088439,41022788,
8/1/2023,2828763899,307900472,77463257,1131605503,402619796,232948393,134200125,132042567,108564454,7627834,293791498,41307577,
9/1/2023,2859531511,312239474,77273022,1131558865,419198766,239540144,131205242,132504619,107604579,7243677,301163123,41103067,
10/1/2023,2854671890,318056457,75061257,1126108036,420307864,238022890,132058336,132466416,107431948,7534354,297624332,41349631,
11/1/2023,2906007263,355468427,74895410,1135132145,436170231,237573811,130087630,133069710,108562245,7336348,287711306,41300498,
12/1/2023,2878174653,327531855,75166901,1126785103,453459553,234722318,130629797,132709160,111243937,7709096,278216933,40640839,
1/1/2024,2885703962,353238435,75026359,1114926884,456899504,235501759,130403649,132604464,112653862,7198969,267250077,40917108,
2/1/2024,2892009982,331289386,75609837,1115091320,470759009,238358917,136402126,133616264,114071324,7044274,269767525,41081089,
3/1/2024,2893745394,293180520,75352422,1121037684,488121094,240151488,138587188,134622887,118363895,7669851,276658365,40900581,
4/1/2024,2898858983,293192611,75822861,1120439393,488877180,244232103,141200220,134027246,116694081,7137229,277236059,40726596,
5/1/2024,2898591543,296939964,77540789,1119841371,480737267,245286361,143712556,133933776,119291930,6858026,274449503,40964713,
6/1/2024,2899246098,267199764,80142749,1139022426,491668371,246356299,143564051,133619405,117157309,6757709,273758015,39666176,
7/1/2024,2911862186,296568642,73684941,1130574107,498462795,246690996,141514637,131218146,118777530,7271500,267098892,39187393,
8/1/2024,2922216033,318982106,72100252,1124207263,486942199,248281273,142024509,131959756,117803469,7145586,272769620,39191726,
9/1/2024,2931118471,296912445,72504782,1126217515,519472169,251221831,139885451,131504403,116909855,6911263,269578757,39210248,
10/1/2024,2945826625,309854729,73154092,1125619717,510362189,253042736,144978796,131302065,116082946,7383974,274045381,38895315,
11/1/2024,3008517072,296371101,72436016,1140184079,548354825,256938841,146772267,131546375,116345649,6734285,292833634,39138008,
12/1/2024,2970014352,284962187,73820082,1130821071,536371782,254917615,149428169,129442759,119458377,7727749,283064561,38175672,
1/1/2025,2996961125,295127656,74875069,1129613967,551751404,258880029,156948119,130217433,120964204,7029798,271553446,38207991,
2/1/2025,3005289553,281726237,75980898,1131457314,562378765,259818112,163611396,130546527,123892648,6958116,268919540,37885291,
3/1/2025,2992364127,274780711,75320295,1138741275,553287711,268830358,163809800,130083116,119516155,6362753,261631953,37006288,
4/1/2025,3011194070,271650133,76790923,1142351033,551562234,267360170,168699972,128911810,119056849,7292780,277518166,36622126,
5/1/2025,3038936894,273267519,80602904,1145398343,567992113,266677526,171885400,129646048,122200478,6714372,274552191,35861692,
6/1/2025,3060422344,279066097,85009890,1166599979,557661392,265476994,173130554,129565955,117548211,6913625,279449647,34927585,
7/1/2025,3078497841,295899567,83680061,1159137496,573764344,264630357,173901063,131536797,119445771,7308037,269194348,34120875,
8/1/2025,3086153816,301447591,83515349,1156686683,577777245,265287066,175137878,132270237,119951446,7226984,266853337,34155602,
9/1/2025,3080439089,293068420,82414795,1157951114,566810829,267443835,183514106,132507298,121838159,7025575,267864958,33613101,
10/1/2025,3126656025,280939498,82086471,1163751873,612121522,264835771,187759493,131050757,124167353,7144279,272799008,33379921,
11/1/2025,3163227711,288517994,81708688,1177368967,618210626,264534162,192082723,131361774,125072286,6782716,277587775,33026134,
12/1/2025,3125520425,266453850,82368102,1173234662,604284697,268206487,198396599,129637922,128920548,7810602,266206956,32257431,
1/1/2026,3206534586,287214439,80443723,1173110621,650959619,270735235,204340505,129285700,125918749,7095145,277430850,32154444,
2/1/2026,3210767061,241514018,80880142,1176122398,688653159,272547292,211535552,129821336,129706207,6771913,273215044,31922179,
3/1/2026,3194134849,220690415,82797554,1184556971,659078174,280776925,225761445,129068012,123296811,7700607,280407935,31550366,
