C”DIGO DE LA SERIE,D_BFP00000NS,D_BFDE1000NS,D_BFSP0001NS,D_BFD21000S,D_BFL01000NS,D_BFP20000NS,D_BFP01000NS,D_BFK00000NS,D_BPY0000PNS,D_BFPFE000NS
N⁄MERO SECUENCIAL,3073399,3073400,3073401,3073410,3073402,3073403,3073404,3073405,3073411,3073412
ALIAS DE LA SERIE,BE_4_52.1,BE_4_52.2,BE_4_52.3,BE_4_52.4,BE_4_52.5,BE_4_52.6,BE_4_52.7,BE_4_52.8,BE_4_52.9,BE_4_52.10
DESCRIPCI”N DE LA SERIE,ED. Balance componentes. Pasivo. Total,ED. Balance componentes. Pasivo. DepÛsitos. Total,ED. Balance componentes. Pasivo. DepÛsitos. Residentes en EspaÒa. Sistema crediticio,ED. DepÛsitos. De AAPP,ED. Pasivos. Frente a OSR,ED. Balance componentes. Pasivo. DepÛsitos. Resto del mundo,ED. Balance componentes. Pasivo. Pasivos no sectorizados. Valores distintos de acciones y participaciones,"ED. Balance componentes. Pasivo. Pasivos no sectorizados. Patrimonio, ajustes y correcciones",EC y EFC. Balance agregado estados supervisiÛn. Pasivo. Pasivos no sectorizados. Pasivos de obra benÈfico-social,ED. Balance componentes. Pasivo. Pasivos no sectorizados. PeriodificaciÛn y otros pasivos
DESCRIPCI”N DE LAS UNIDADES,Miles de euros,Miles de euros,Miles de euros,Miles de euros,Miles de euros,Miles de euros,Miles de euros,Miles de euros,Miles de euros,Miles de euros
FRECUENCIA,MENSUAL,MENSUAL,MENSUAL,MENSUAL,MENSUAL,MENSUAL,MENSUAL,MENSUAL,MENSUAL,MENSUAL
fecha,ed_pasivo_total,ed_pasivo_depositos_total,ed_pasivo_depositos_esp,ed_pasivo_depositos_sector_publico,ed_pasivo_sector_privado,ed_pasivo_deposito_resto_mundo,ed_pasivo_deuda_emitida,ed_pasivo_patrimonio_ajustes,ec_efc_pasivo_obra_social,ed_pasivo_periodificacion_otros
1/1/1962,,2828856,643672,9093,2141520,34570,,,11960,
2/1/1962,,2863288,644604,9959,2173284,35442,,,12020,
3/1/1962,,2900376,648726,10464,2205029,36157,,,11906,
4/1/1962,,2941143,661660,11155,2230500,37828,,,8102,
5/1/1962,,2984085,673843,11654,2259595,38994,,,8102,
6/1/1962,,3001076,659959,11539,2291725,37852,,,8102,
7/1/1962,,3027689,656600,11551,2319757,39781,,,8102,
8/1/1962,,3103290,679949,12345,2370632,40364,,,8102,
9/1/1962,,3156281,690719,12844,2412727,39991,,,8102,
10/1/1962,,3203839,691597,13024,2455405,43814,,,8102,
11/1/1962,,3242310,688568,13541,2492626,47576,,,8102,
12/1/1962,,3343899,666739,13721,2616392,47047,,,10987,
1/1/1963,,3370296,672971,13336,2635829,48159,,,8102,
2/1/1963,,3398032,676595,15182,2653030,53226,,,8102,
3/1/1963,,3427001,656059,16197,2699145,55600,,,8102,
4/1/1963,,3455525,653402,16263,2728998,56862,,,8787,
5/1/1963,,3474727,640775,17345,2754294,62313,,,8787,
6/1/1963,,3506827,637061,19070,2781760,68936,,,8787,
7/1/1963,,3526697,639964,16498,2801119,69116,,,8787,
8/1/1963,,3593728,663800,18409,2832360,79159,,,8787,
9/1/1963,,3671908,688736,18758,2884486,79929,,,8787,
10/1/1963,,3748146,712909,19575,2935566,80097,,,8787,
11/1/1963,,3785451,702992,19869,2978850,83739,4508,,8787,
12/1/1963,,3913124,673915,18553,3129861,90795,9015,,8787,
1/1/1964,,3959732,705588,26973,3135071,92099,9015,,8787,
2/1/1964,,3971127,698058,27190,3150476,95405,10518,,8787,
3/1/1964,,4053580,721467,26949,3213624,91540,13523,,10650,
4/1/1964,,4126868,738157,28849,3266290,93572,16203,,12050,
5/1/1964,,4152657,720139,28067,3311835,92616,16396,,12152,
6/1/1964,,4178350,696315,24527,3362434,95074,16432,,12177,
7/1/1964,,4218318,714261,22850,3383506,97701,23650,,12110,
8/1/1964,,4327347,763952,27797,3437855,97743,26366,,12104,
9/1/1964,,4424020,776117,29185,3522574,96144,26679,,11930,
10/1/1964,,4501743,799274,30285,3576359,95825,28344,,11990,
11/1/1964,,4566406,812917,30045,3628899,94545,29450,,11888,
12/1/1964,,4701567,721587,27268,3849350,103362,29450,,12778,
1/1/1965,,4705095,760058,29017,3811793,104228,29450,,13144,
2/1/1965,,4720145,743758,34745,3837222,104420,29450,,13715,
3/1/1965,,4756253,733145,34931,3879118,109060,35231,,13517,
4/1/1965,,4793198,735591,36127,3912691,108789,38387,,13541,
5/1/1965,,4843370,723066,34684,3977877,107743,38549,,13517,
6/1/1965,,4927199,722224,34696,4057355,112924,38807,,13619,
7/1/1965,,5011287,765653,31289,4102599,111746,38916,,13312,
8/1/1965,,5109625,795103,30135,4172485,111902,44956,,13222,
9/1/1965,,5213978,824228,33597,4238103,118051,46200,,13126,
10/1/1965,,5276856,827491,35430,4295253,118682,54476,,13012,
11/1/1965,,5338388,818434,31709,4365482,122763,55888,,12970,
12/1/1965,,5568131,839235,35358,4566316,127222,60985,,16696,
1/1/1966,,5530958,858852,31998,4521739,118369,71256,,13823,
2/1/1966,,5559741,864652,35502,4541692,117895,72061,,13463,
3/1/1966,,5573588,822461,41518,4585314,124295,73979,,13451,
4/1/1966,,5581413,818627,40827,4594756,127204,74285,,13823,
5/1/1966,,5672430,880525,39108,4622402,130396,77026,,13913,
6/1/1966,,5752990,893459,39180,4687486,132866,77362,,13992,
7/1/1966,,5864959,963921,37443,4729100,134494,77555,,13998,
8/1/1966,,5974752,1010061,37155,4794153,133383,80127,,13998,
9/1/1966,,6079923,1046945,34847,4864478,133653,80500,,14094,
10/1/1966,,6146100,1054776,38525,4923263,129536,84695,,14088,
11/1/1966,,6229466,1067986,40821,4990516,130143,87063,,13956,
12/1/1966,,6457352,1094647,42648,5192685,127372,79370,,19010,
1/1/1967,,6432248,1104480,42089,5152591,133088,79899,,18902,
2/1/1967,,6459408,1109084,43994,5174588,131742,81714,,18932,
3/1/1967,,6535580,1099431,45821,5255400,134927,81954,,18974,
4/1/1967,,6589070,1136658,46320,5273971,132120,88709,,18974,
5/1/1967,,6674107,1153541,51158,5328345,141064,88956,,18962,
6/1/1967,,6785451,1161215,59092,5413514,151629,89875,,19172,
7/1/1967,,6837847,1169137,46753,5460712,161246,90711,,19172,
8/1/1967,,6947995,1188772,62932,5534438,161853,91113,,19172,
9/1/1967,,7021955,1180670,66682,5620840,153763,91342,,19172,
10/1/1967,,7148937,1203130,71532,5720980,153294,91456,,19172,
11/1/1967,,7224875,1204783,80199,5774753,165140,91763,,19695,
12/1/1967,,7517165,1218901,77717,6027460,193087,97466,,25699,
1/1/1968,,7518758,1239876,80620,6010896,187366,97628,,25585,
2/1/1968,,7581113,1257654,77801,6065480,180177,97953,,25585,
3/1/1968,,7629218,1229797,83180,6149646,166595,104209,,25591,
4/1/1968,,7769956,1277169,82158,6240405,170225,104750,,25597,
5/1/1968,,7881102,1287548,88902,6328321,176331,106481,,25597,
6/1/1968,,7971662,1285637,82363,6415047,188616,115214,,25633,
7/1/1968,,8049740,1276087,77543,6499784,196327,115665,,25651,
8/1/1968,,8208047,1329234,76749,6608213,193850,116771,,25663,
9/1/1968,,8371143,1355463,77891,6746457,191332,116819,,25669,
10/1/1968,,8529354,1402167,88174,6858702,180310,120034,,25669,
11/1/1968,,8621525,1400629,86900,6960526,173470,121615,,25717,
12/1/1968,,8944238,1412336,86990,7263923,180989,118183,,31962,
1/1/1969,,8936347,1431839,85686,7232063,186759,118225,,32154,
2/1/1969,,9082290,1459660,94479,7338466,189685,118327,,32028,
3/1/1969,,9159496,1413196,92033,7445771,208497,121609,,32058,
4/1/1969,,9300128,1451186,101667,7537564,209711,132788,,32130,
5/1/1969,,9434748,1502236,110214,7609529,212770,146322,,32130,
6/1/1969,,9629296,1545527,108302,7761555,213912,151179,,31824,
7/1/1969,,9769788,1580301,104919,7854585,229983,155782,,31830,
8/1/1969,,9896902,1589503,106860,7979109,221431,160548,,31830,
9/1/1969,,10078949,1628448,122685,8105279,222537,160933,,31836,
10/1/1969,,10266801,1665362,130143,8239011,232285,160969,,31866,
11/1/1969,,10393020,1675976,129374,8344242,243428,160548,,31872,
12/1/1969,,10758501,1647891,122649,8742064,245898,160506,,40352,
1/1/1970,,10726107,1685803,104750,8661955,273599,161137,,40418,
2/1/1970,,10770179,1673753,106499,8684439,305488,163974,,40418,
3/1/1970,,10886727,1676205,119367,8782145,309010,176968,,40472,
4/1/1970,,10969457,1700678,108164,8804106,356508,178224,,40472,
5/1/1970,,11053857,1715240,105039,8867351,366227,192666,,40256,
6/1/1970,,11339890,1808980,121705,9039943,369262,193195,,39847,
7/1/1970,,11490726,1845858,106073,9156576,382220,194091,,39847,
8/1/1970,,11607521,1866323,100393,9259577,381228,194572,,39811,
9/1/1970,,11815760,1865121,106728,9450495,393417,195629,,39805,
10/1/1970,,11984837,1898603,105399,9555786,425048,199855,,39901,
11/1/1970,,12256068,1945783,121957,9693388,494939,202565,,39901,
12/1/1970,,12897840,1972083,103518,10326019,496220,205402,,30087,204146
1/1/1971,,12995973,2035496,106283,10284339,569856,206688,,47143,251842
2/1/1971,,13129254,2049097,108915,10392990,578252,212830,,46927,186650
3/1/1971,,13472491,2112582,124211,10624259,611440,212818,,47191,185448
4/1/1971,,13700594,2129302,126771,10777199,667322,214489,,47264,204368
5/1/1971,,13887551,2175616,125648,10932416,653871,197853,,47264,211087
6/1/1971,,14199019,2165495,132595,11237935,662994,206339,,46693,216184
7/1/1971,,14504988,2320225,110941,11397930,675892,210583,,46831,232201
8/1/1971,,14693021,2319390,107876,11593710,672046,212554,,46536,208185
9/1/1971,,15142115,2437663,113573,11900749,690130,214345,,46590,222332
10/1/1971,,15370566,2507056,128989,12054398,680123,217464,,46446,224220
11/1/1971,,15697444,2544006,124692,12292224,736522,218312,,46500,231125
12/1/1971,,16345209,2386914,133112,13051272,773911,227597,,35352,246758
1/1/1972,,16317557,2481573,122108,12935878,777998,228150,,60396,305194
2/1/1972,,16516215,2495198,145006,13055846,820165,250412,,60402,268214
3/1/1972,,16896386,2520254,145926,13352145,878061,249120,,60384,249973
4/1/1972,,17106877,2479331,148835,13584610,894102,253922,,60263,248008
5/1/1972,,17297374,2447880,147813,13778725,922956,255244,,60654,267132
6/1/1972,,17664912,2452821,157862,14125522,928708,264289,,60191,309762
7/1/1972,,17896265,2470947,146611,14337252,941455,286611,,60179,337360
8/1/1972,,18160278,2521023,150271,14522658,966325,300939,,60173,298433
9/1/1972,,18584412,2575938,150385,14871852,986237,303715,,60221,329805
10/1/1972,,18989289,2718546,161462,15107484,1001797,305398,,60173,358558
11/1/1972,,19265335,2716058,164100,15333369,1051807,322521,,60155,380777
12/1/1972,,20211490,2613904,146304,16275967,1175315,357813,,43002,390135
1/1/1973,,20476158,2868150,151058,16257317,1199632,358498,,82357,399343
2/1/1973,,20722711,2954269,156522,16449305,1162616,388188,,82495,417884
3/1/1973,,21160056,2973778,174913,16823934,1187432,384954,,82489,404373
4/1/1973,,21314353,2874887,169533,17086563,1183369,384534,,82531,413076
5/1/1973,,21574658,2793570,179841,17402859,1198388,385820,,82543,465352
6/1/1973,,22244323,2839386,189511,17895237,1320189,407727,,81942,461108
7/1/1973,,22737772,2894384,178939,18278239,1386210,430289,,81930,520338
8/1/1973,,22861394,2862098,188640,18456180,1354477,461229,,81900,447682
9/1/1973,,23349375,2786304,200233,18858624,1504213,473051,,81840,467804
10/1/1973,,23734515,2750370,195401,19230308,1558436,513216,,81810,538567
11/1/1973,,24072620,2745477,215168,19472053,1639922,550665,,81756,597063
12/1/1973,,24834481,2570793,197619,20406765,1659304,688988,,59867,507705
1/1/1974,,24829313,2645487,194572,20321932,1667322,696315,,111488,535953
2/1/1974,,25212061,2797110,224063,20457316,1733571,747761,,111500,512303
3/1/1974,,25714303,2844218,224779,20821463,1823843,785072,,111470,521270
4/1/1974,,26101360,2879443,226654,21170964,1824300,791419,,111488,643810
5/1/1974,,26353262,2920600,240134,21303336,1889191,848323,,111476,639777
6/1/1974,,26998071,3105057,242268,21739672,1911074,877928,,111109,648720
7/1/1974,,27376390,3365926,212169,22049367,1748927,890568,,111067,743248
8/1/1974,,27182876,3220091,219514,22090374,1652897,904601,,110875,605874
9/1/1974,,27444251,3155013,225716,22461590,1601932,909025,,110863,632078
10/1/1974,,28133557,3342553,245880,22929904,1615220,945152,,111037,648528
11/1/1974,,28467978,3437423,248128,23138672,1643756,990841,,110905,672454
12/1/1974,,29998534,3538459,229707,24456577,1773791,1024329,,111560,629055
1/1/1975,,29905665,3575703,240098,24303445,1786418,1040899,,135258,595591
2/1/1975,,30077958,3667226,254529,24375729,1780474,1066983,,135528,576797
3/1/1975,,30423070,3688904,266579,24646076,1821511,1140625,,135528,551741
4/1/1975,,30814774,3742352,269350,24926075,1876997,1143173,,135372,624596
5/1/1975,,31151671,3905106,274410,25086263,1885892,1166697,,135258,625515
6/1/1975,,31938607,4020296,320682,25645625,1952003,1234804,,135270,709915
7/1/1975,,32822923,4318560,272060,26238956,1993347,1249258,,135108,695329
8/1/1975,,32868494,4161744,293787,26414790,1998173,1272589,,135083,567025
9/1/1975,,33193273,3966794,312634,26800548,2113297,1286046,,135162,635168
10/1/1975,,33915118,4339163,315051,27143833,2117071,1316241,,135065,794147
11/1/1975,,34430709,4513258,315652,27440409,2161390,1333904,,134933,783545
12/1/1975,,36003168,4393579,275095,29027190,2307303,1354459,,133028,641833
1/1/1976,,35773227,4314269,292092,28804360,2362506,1356052,,156540,736468
2/1/1976,,36225488,4533633,312058,28782554,2597244,1399006,,156263,754487
3/1/1976,,37121111,5069339,324997,29083235,2643540,1438216,,156173,696411
4/1/1976,,37926034,5258177,362200,29566028,2739630,1463338,,154737,871143
5/1/1976,,38411946,5342000,374605,29917824,2777517,1474872,,154622,780138
6/1/1976,,38994724,5261488,413238,30465695,2854303,1514827,,154376,926106
7/1/1976,,40358349,6026919,377496,30999797,2954137,1526300,,153529,822197
8/1/1976,,40202439,5715313,376612,31224268,2886246,1531451,,154238,703833
9/1/1976,,40967623,5866720,399601,31766176,2935127,1535526,,154226,766140
10/1/1976,,41874917,6081034,447670,32234310,3111902,1561730,,154436,832480
11/1/1976,,42865030,6473856,464017,32757304,3169852,1588157,,154406,842234
12/1/1976,,45041036,6806865,380933,34548531,3304707,1621026,,152525,800326
1/1/1977,,44990402,7039288,379984,34287074,3284056,1621164,,171415,826939
2/1/1977,,45417318,7273292,399523,34455470,3289033,1648402,,171349,721124
3/1/1977,,46068773,7294189,443222,34935601,3395760,1659683,,171120,830358
4/1/1977,,46925872,7563010,424435,35442760,3495667,1667839,,171126,907474
5/1/1977,,47576275,7728625,478514,35868559,3500577,1699470,,171012,915227
6/1/1977,,48652970,8040244,483292,36512044,3617390,1717747,,170904,1046747
7/1/1977,,50643870,8326662,462341,37297843,4557024,1730146,,170778,1061940
8/1/1977,,50220235,7682882,467149,37477330,4592874,1730500,,170724,828201
9/1/1977,,50641930,7345919,472840,38019714,4803457,1723036,,170591,1029293
10/1/1977,,50955880,7357831,467047,38272067,4858936,1732225,,170213,1157898
11/1/1977,,51805483,7457605,531914,38985149,4830815,1742689,,170135,1177870
12/1/1977,,54195877,7890550,458482,40838064,5008781,1763003,,174107,1148306
1/1/1978,,53559760,7532256,483857,40564965,4978682,1763532,,188489,1255208
2/1/1978,,54359267,8062421,537960,40600021,5158866,1768358,,188435,1189313
3/1/1978,,55401830,8019761,614391,41365397,5402281,1779489,,188321,1109096
4/1/1978,,55634909,7624662,561315,41973183,5475749,1784766,,188321,1403586
5/1/1978,,55924417,7384912,559831,42583710,5395965,1793384,,188267,1315982
6/1/1978,,57539498,7348515,617594,43720800,5852590,1790283,,188225,1359802
7/1/1978,,58928504,7999531,488052,44740165,5700756,1801780,,188213,1401771
8/1/1978,,58393273,7572368,488803,44804010,5528091,1800963,,188153,1119145
9/1/1978,,59200925,7368024,495997,45612203,5724700,1795542,,188207,1280955
10/1/1978,,59056755,6916153,504610,46124772,5511221,1787001,,188171,1353984
11/1/1978,,59853166,7117696,559566,46568347,5607557,1793102,,188171,1359063
12/1/1978,,62651196,7252185,472474,48990948,5935590,1837084,,152441,1857362
1/1/1979,,62411916,7340245,487084,48760160,5824426,1839969,,217867,1830052
2/1/1979,,63327533,7658799,493882,49343905,5830947,1826169,,214056,1926364
3/1/1979,,64254900,7811228,519815,49934987,5988869,1812142,,209116,1880375
4/1/1979,,64762173,7532268,510596,50850822,5868487,1805555,,203809,2037317
5/1/1979,,65162021,7235507,542720,51336303,6047492,1790932,,198514,
6/1/1979,,67633725,8085518,776502,52605940,6165765,1793564,,194854,2308950
7/1/1979,,69507805,8732790,725157,53771127,6278731,1783143,,189066,
8/1/1979,,69500817,8750159,594996,53448974,6706688,1778100,,184523,
9/1/1979,,70441450,8834734,653613,54237136,6715968,1770299,,180238,2253615
10/1/1979,,71611075,8832624,573227,55196941,7008282,1766411,,172821,
11/1/1979,,72844321,8835834,623538,55848678,7536271,1774044,,165038,
12/1/1979,,76287295,9190485,621495,58655000,7820315,1811066,,151852,1925547
1/1/1980,,75806259,9157159,597112,58196977,7855012,1805092,,230753,
2/1/1980,,76746808,9187167,670399,58775530,8113711,1805573,,226047,
3/1/1980,,77867946,8902516,644736,59776917,8543778,1812148,,220421,1936737
4/1/1980,,79201261,9312178,697150,60598230,8593704,1801870,,214489,
5/1/1980,,79670537,9474084,741306,60618754,8836392,1794177,,208569,
6/1/1980,,81562228,9689199,834445,61956162,9082423,1804797,,203503,2451450
7/1/1980,,83694795,10068137,698544,63464698,9463416,1805549,,196868,
8/1/1980,,84689423,10475695,765978,63422682,10025068,1807105,,190725,
9/1/1980,,85887190,10655830,819690,64535718,9875951,1810687,,185244,2480834
10/1/1980,,87048352,10767883,794562,65283823,10202084,1897642,,180057,
11/1/1980,,88368178,10999862,978009,65813559,10576749,1951348,,157880,
12/1/1980,,91905423,11294977,888182,68617316,11104949,2039096,,154857,2470707
1/1/1981,,91813092,11502981,957070,67887894,11465147,2057781,,246379,2843100
2/1/1981,,92902336,11758405,1012669,68162935,11968327,2069207,,248068,2522400
3/1/1981,,94046934,11852668,1002476,69028819,12162970,2119584,,243584,2733505
4/1/1981,,95773732,12082970,1021432,69947983,12721347,2130125,,232826,3404042
5/1/1981,,97050222,12210222,1106001,70367748,13366251,2132048,,219790,2994741
6/1/1981,,98832263,12088944,1297783,71756193,13689343,2158325,,221154,3043159
7/1/1981,,101323545,12632367,996057,73373483,14321638,2283534,,212494,3608483
8/1/1981,,100946968,12519653,1147098,73483996,13796221,2311445,,206309,2874821
9/1/1981,,102181038,12331693,1103993,74740604,14004748,2301810,,198328,3323537
10/1/1981,,103217187,12608356,1097737,75399209,14111884,2325677,,190948,3866954
11/1/1981,,104619872,12742076,1281370,76166168,14430259,2405761,,183074,3210907
12/1/1981,,110134158,13396229,1035538,79993551,15708840,2339987,,238854,6972492
1/1/1982,,110104313,13632181,1220601,79460641,15790890,2383746,,324258,7520675
2/1/1982,,112592454,14432999,1476464,79989717,16693273,2465766,,325448,7001400
3/1/1982,,116686836,16422271,1534180,81389432,17340954,2473075,,320622,7591144
4/1/1982,,118667744,17201826,1443090,82706275,17316553,2477216,,319480,8396410
5/1/1982,,119005822,16535297,1591137,83439302,17440085,2575565,,323302,7662856
6/1/1982,,122417044,17120635,1656161,85072130,18568119,2641941,,320820,8696260
7/1/1982,,126028466,18754084,1436191,86567099,19271093,2755761,,311529,9412607
8/1/1982,,126607010,18531403,1507200,86891553,19676854,2894306,,305903,7985894
9/1/1982,,128088421,18611878,1620148,88311643,19544751,2905395,,299965,8429014
10/1/1982,,129280590,19465394,1481717,88478462,19855018,3020741,,290686,9428708
11/1/1982,,130815028,20199548,1691741,89019018,19904722,3187089,,281773,9085500
12/1/1982,,131236615,20477672,2325340,92178365,16255238,3428239,,268226,8926346
1/1/1983,,128992927,19180634,2200029,91332030,16280234,3541542,,286418,11649045
2/1/1983,,131697865,21563293,2672424,91548910,15913238,3716671,,298541,10947916
3/1/1983,,133966703,22155139,2874833,92788852,16147879,3857885,,312364,10897654
4/1/1983,,132822622,21079965,2882610,92857331,16002717,3917559,,318422,11896643
5/1/1983,,133262065,20603657,3068798,93320982,16268628,4197457,,323928,12066400
6/1/1983,,137025858,21892605,3197000,94916450,17019803,4397960,,339668,13225121
7/1/1983,,137888002,21870698,2852716,96125612,17038976,4498804,,328994,13021624
8/1/1983,,139927396,22420234,3134296,96649909,17722957,4518445,,322010,12192769
9/1/1983,,142160002,22985888,3178501,98453909,17541704,4527112,,314450,12990167
10/1/1983,,143183224,23783437,3222284,98545983,17631519,4582850,,305933,14419260
11/1/1983,,146267485,24616596,3693844,99845070,18111975,4526637,,295908,12956716
12/1/1983,,150415382,24832870,2904445,104391462,18286605,4832432,,317515,11017856
1/1/1984,,151987406,26955098,3339307,103528612,18164389,5048484,,336242,15144754
2/1/1984,,151522153,26023271,3489981,104488226,17520675,5170110,,336723,13436131
3/1/1984,,153342957,25946967,3569633,105787105,18039252,5232628,,349567,14073047
4/1/1984,,154416685,25630720,3542311,106575293,18668362,5221942,,353353,16564783
5/1/1984,,157731764,26999159,3981765,107746092,19004748,5293606,,368084,15587959
6/1/1984,,160652076,27766976,4082417,109779136,19023548,5373577,,397299,16327558
7/1/1984,,168620623,33440734,3519034,111908099,19752756,5439063,,388350,17900442
8/1/1984,,169114117,32650253,4079796,112439566,19944503,5541187,,380621,14332895
9/1/1984,,171434450,33241517,4227760,113554592,20410581,5634356,,372880,16188376
10/1/1984,,172624080,33882142,4022532,113989021,20730386,5756356,,361455,19269157
11/1/1984,,174000461,32836260,4590134,115218623,21355445,5879810,,352836,16736960
12/1/1984,,177207990,31908604,3901236,119295070,22103080,6395869,,337030,15825189
1/1/1985,,175917965,31662333,3847415,118205050,22203166,6779104,,338214,19084545
2/1/1985,,181444127,33991009,4178759,119432804,23841555,6869406,,363751,17926322
3/1/1985,,181480079,33050707,4364592,121341306,22723474,6896668,,367507,17167063
4/1/1985,,184982242,35233914,4370951,122468846,22908532,6965232,,377171,20756290
5/1/1985,,185640287,33921117,4790325,123933851,22994993,7043585,,377952,17562500
6/1/1985,,186881574,34124398,4812905,125107729,22836543,6987871,,421923,19300272
7/1/1985,,187817871,35732490,4424519,126396742,21264121,7017910,,415041,19609402
8/1/1985,,186309035,34763622,4874563,125863607,20807243,7132205,,400683,15698358
9/1/1985,,190398637,36765954,4848383,127947686,20836615,7300151,,393579,18678278
10/1/1985,,190669915,37621386,4530850,128018977,20498702,7305555,,381781,20398784
11/1/1985,,192123883,37847439,5473429,128756166,20046849,7485702,,371540,18523674
12/1/1985,,195895792,38924206,4706628,132865880,19399078,7895394,,349837,17712897
1/1/1986,,194158792,39592225,3823447,131640690,19102431,8257996,,348196,15887882
2/1/1986,,194289425,38793468,4691999,132576120,18227838,8581161,,349128,16169167
3/1/1986,,199611719,42446967,4416940,133578002,19169810,8739179,,362224,16877093
4/1/1986,,199558510,42418316,4590422,134244758,18305014,8739089,,376805,19355487
5/1/1986,,200866959,42735356,4551212,134121920,19458470,8676679,,374124,17648757
6/1/1986,,207310123,45901446,4900256,137612450,18895971,8831692,,447784,18311763
7/1/1986,,202516282,40759517,4551242,138445344,18760178,9170429,,435638,19164407
8/1/1986,,202453630,41402083,4641598,137439170,18970779,9246199,,425673,16903387
9/1/1986,,206357664,40929904,5071316,140750942,19605502,9194175,,416399,17488154
10/1/1986,,207008992,41053250,4816986,140987794,20150962,9236552,,404619,17741745
11/1/1986,,208382481,40561760,5558839,141899773,20362110,9392515,,392816,18232159
12/1/1986,,213937789,42132980,4726251,146815435,20263123,10241234,,372315,17409241
1/1/1987,,209797051,40406049,4576647,144658037,20156317,10455477,,380489,18058298
2/1/1987,,216206510,42560456,4863594,147630933,21151527,10477144,,434760,17895238
3/1/1987,,213711940,37829787,5025146,150126464,20730542,10464655,,457292,17333286
4/1/1987,,217466646,39302117,4799106,152154385,21211039,10498173,,460405,18665056
5/1/1987,,221653404,42071268,4942892,153058439,21580806,10164719,,431905,18489018
6/1/1987,,222588231,40635456,5402330,154873465,21676980,9995366,,456589,21487674
7/1/1987,,225794976,41046525,4819979,157511683,22416790,9743555,,441275,20101860
8/1/1987,,227354907,42810423,5161540,157573129,21809816,9696867,,430156,18505133
9/1/1987,,227826905,38593295,5481940,160663622,23088048,9680713,,414951,20383151
10/1/1987,,229762509,41507062,5306270,160769210,22179967,9403808,,402912,21306979
11/1/1987,,234207572,42922692,6387316,162838082,22059482,9188724,,391680,20544620
12/1/1987,,238091098,41746794,5266933,169268439,21808932,8827576,,370073,20417824
1/1/1988,,233779020,39916249,4884804,166282224,22695744,8570355,,369136,20713907
2/1/1988,,237563957,40798294,5250838,168026604,23488220,8534967,,376101,18794646
3/1/1988,,241891677,41967275,5543501,170827386,23553514,8468712,,435764,18896578
4/1/1988,,242159216,41515308,5351189,171805653,23487066,8081449,,443835,20357867
5/1/1988,,243902928,40801305,5764403,173550135,23787085,8320856,,447586,19840341
6/1/1988,,249054442,40838749,6116753,176746898,25352043,8372147,,513354,21348611
7/1/1988,,252212943,40539312,5654075,180820092,25199464,8158234,,499916,23218684
8/1/1988,,250927466,38868372,6135691,179636805,26286599,8049000,,486742,19233877
9/1/1988,,256470451,41048466,6965580,182282388,26174017,8136875,,475629,19515981
10/1/1988,,256683222,40957160,6699458,183191588,25835016,8355102,,473375,20981314
11/1/1988,,261553799,42778641,7552132,185674116,25548910,8103158,,458043,21012603
12/1/1988,,267324793,43313987,6614739,191879408,25516660,7975022,,449317,20723288
1/1/1989,,266313420,41872159,6511347,192051661,25878253,7676511,,443637,21600050
2/1/1989,,273225181,45656191,7292320,193859393,26417277,7429147,,435349,20455459
3/1/1989,,277183710,45098518,7924597,196560894,27599702,7241529,,516323,20684630
4/1/1989,,278275853,45028254,8108543,196891332,28247725,7066340,,526246,23887040
5/1/1989,,283541296,45374785,9266446,198597220,30302844,6853606,,536133,22806781
6/1/1989,,290208673,45460604,9689385,205027354,30031331,6834031,,638774,24099912
7/1/1989,,302436304,51137506,10392972,211263080,29642746,6517742,,623376,28834523
8/1/1989,,300570499,52372646,10747172,207757095,29693586,6714953,,610899,23786785
9/1/1989,,303283426,51987878,11753669,210117054,29424825,6727658,,599329,25463765
10/1/1989,,300448342,51318134,12098891,208017873,29013445,6577267,,579177,25628437
11/1/1989,,308832619,56317184,13245940,209083789,30185707,6547919,,565426,27163788
12/1/1989,,310562771,53589821,12258964,215406171,29307814,6084611,,542696,25322173
1/1/1990,,297629535,43718258,11994573,211623724,30292981,5908118,,531120,25279952
2/1/1990,,302709552,45055852,12108459,214540265,31004976,5637056,,643257,23699415
3/1/1990,,311600404,51547174,11747400,216452057,31853774,5672095,,671817,23203334
4/1/1990,,321159670,55017279,12014117,220855240,33273034,5332150,,682077,25930650
5/1/1990,,324368436,56389985,11682101,222049551,34246800,5158842,,695077,24525501
6/1/1990,,326190645,52421303,11597316,228609797,33562229,4760659,,838496,28671613
7/1/1990,,330704750,55766104,10570258,230073880,34294508,4641352,,897539,31455597
8/1/1990,,327023493,54940620,10762582,227215571,34104720,4668626,,907907,26187359
9/1/1990,,331708251,55290355,11098025,229647446,35672424,4662099,,895394,29941172
10/1/1990,,336089641,60349627,10478316,229509544,35752155,4691224,,878878,28214753
11/1/1990,,341448320,61454797,11180297,231897373,36915852,4649850,,880164,27528356
12/1/1990,,344648080,55012255,11194367,239694430,38747028,4531397,,836909,27248855
1/1/1991,,344072897,57373510,10157074,237282429,39259883,4535964,,831843,29800771
2/1/1991,,357109462,67378481,10483256,240465388,38782337,4467058,,830004,27531998
3/1/1991,,366447531,69740946,10947700,243325574,42433312,4570228,,954930,27012694
4/1/1991,,356964939,59862831,11088986,245526633,40486489,4481386,,954305,28688651
5/1/1991,,362702627,66997181,9898164,244584811,41222470,4932308,,974884,26900484
6/1/1991,,368143730,60637800,10955002,251438130,45112798,5212337,,1066153,28413544
7/1/1991,,364087722,57609540,10438721,252753667,43285793,5205504,,1045683,29656660
8/1/1991,,368311809,65341694,9388903,250589560,42991652,5175459,,1027496,25517741
9/1/1991,,375874503,66621549,10128022,255186687,43938246,5162976,,1014052,27513079
10/1/1991,,372201852,64767944,9275768,254526537,43631603,5111295,,976062,28552306
11/1/1991,,382214863,70734755,10372057,256674253,44433798,5154478,,963482,29603704
12/1/1991,,384962020,68721425,10878662,261051619,44310315,5441676,,928149,27538435
1/1/1992,,386887986,75919747,10483652,256443274,44041313,5679052,,923257,33575025
2/1/1992,,386726665,75969042,10216924,255193068,45347632,5679815,,945981,32909091
3/1/1992,,385307470,69396415,11059770,258483008,46368276,5510600,,969222,32288300
4/1/1992,,383444590,65363985,11699296,258137677,48243632,5469533,,973219,33759534
5/1/1992,,384028766,66175321,10653685,258593087,48606674,5440221,,1063605,34108555
6/1/1992,,387211448,64862717,11691975,263046387,47610370,5465350,,1134044,35346681
7/1/1992,,387857709,66610899,9851189,263565118,47830503,5510727,,1104961,34557956
8/1/1992,,390679864,67828219,10214549,263350299,49286797,5683746,,1089220,33017735
9/1/1992,,410791378,81402558,11464407,265974194,51950218,5610050,,1068948,33066352
10/1/1992,,419847011,91326692,9999313,263296510,55224496,5661322,,1047835,34234486
11/1/1992,,432977493,99204440,12074201,265472577,56226275,5638952,,1020344,35262804
12/1/1992,,435254486,95295710,10559597,273253530,56145649,5352396,,980046,32676198
1/1/1993,,420764945,85467203,9839620,271216076,54242046,5278399,,957112,36347162
2/1/1993,,435892955,95515073,10074285,272328605,57974991,5600229,,981411,32517934
3/1/1993,,435490962,93710847,9896771,276072248,55811096,5701428,,1021919,32402690
4/1/1993,,452214191,108365091,9352001,275462126,59034973,5776831,,1012447,32890093
5/1/1993,,469104284,110685846,10316793,280845158,67256488,5692617,,1031812,35516216
6/1/1993,,479398992,113748026,11508505,285514680,68627781,5709800,,1139044,36550485
7/1/1993,,498421596,130846958,8753904,285615898,73204836,5948955,,1103062,37543820
8/1/1993,,495033883,130572368,9073112,285784680,69603723,5974107,,1086540,34923684
9/1/1993,,492235875,126797694,8587838,288915584,67934760,6142625,,1047582,35199897
10/1/1993,,488878598,121414747,9519250,289491348,68453253,6495383,,1019942,40536787
11/1/1993,,505701729,128300728,12539198,291492919,73368883,6933857,,987078,37598067
12/1/1993,,524212570,140966716,8825046,300450281,73970527,7696945,,968074,36581082
1/1/1994,,508040085,133399319,11449702,296524493,66666571,8090109,,944214,38420786
2/1/1994,,514621812,142055461,10646648,294479330,67440373,8570065,,1003119,34056945
3/1/1994,,502350466,126157741,9839199,298781181,67572344,8780954,,1015260,33347818
4/1/1994,,499166369,123362753,10982300,298176561,66644754,9327383,,1042594,37728156
5/1/1994,,506714522,122666438,10722308,300980080,72345695,9312369,,1053376,33213227
6/1/1994,,524252910,132328417,11272294,307447175,73205023,15179557,,1190905,34727099
7/1/1994,,528095156,130709129,13055431,308681245,75649351,15236630,,1158391,38932380
8/1/1994,,529571816,135192498,9836729,306148193,78394396,15558815,,1139549,33601560
9/1/1994,,527730943,132599071,10293306,310839912,73998654,15388301,,1116019,32972671
10/1/1994,,525144402,131219939,10873818,308812659,74237986,15734330,,1088661,34603116
11/1/1994,,536160673,134630389,11982517,312599008,76948759,15567425,,1056357,34479620
12/1/1994,,557828455,144448035,10938661,322818799,79622960,15747919,,1002747,33009123
1/1/1995,,547342729,134844831,11092399,319702360,81703139,15795142,,981855,35525273
2/1/1995,,557301407,143806504,10562601,322686348,80245954,15740397,,1011053,32296347
3/1/1995,,564854232,146111590,11026055,325880471,81836117,15502631,,1083048,32799303
4/1/1995,,559005827,145833888,11473927,326223197,75474815,15602637,,1102797,34152910
5/1/1995,,563498007,146812574,11447229,329565300,75672904,15542330,,1126772,35009761
6/1/1995,,570510626,148194457,10851298,336361536,75103336,15407957,,1209663,36165321
7/1/1995,,580425031,156590488,11135937,336514698,76183908,15914742,,1179991,38924712
8/1/1995,,567024665,142128959,11463753,338420192,75011761,15802820,,1169618,36384985
9/1/1995,,580443450,144512290,11492061,344792370,79646729,15769586,,1143071,36679169
10/1/1995,,581841385,146364953,11619499,343984944,79871988,15846125,,1112714,36849731
11/1/1995,,596014012,151368456,12712236,351360994,80572326,16093295,,1084364,37671174
12/1/1995,,610973231,157124248,12760058,361497526,79591400,16365305,,1057709,35920703
1/1/1996,,614075787,162748278,11506260,356961930,82859319,16530385,,1035027,39669047
2/1/1996,,610992302,158934749,10936772,358402970,82717811,16617363,,1087069,35785420
3/1/1996,,615990357,158321595,10159461,364854774,82654527,16348937,,1104696,35933882
4/1/1996,,614814544,154141953,11375010,361973648,87323932,16062767,,1186067,36599985
5/1/1996,,611800136,148434207,10867298,361936528,90562103,16019535,,1182660,36767084
6/1/1996,,620334700,151770702,11129025,369532318,87902655,16069003,,1316144,37763483
7/1/1996,,628619397,159685965,10961223,365963052,92009157,16414054,,1274314,39019905
8/1/1996,,611549538,143127224,11016330,366228464,91177521,16365489,,1250298,36424075
9/1/1996,,631092674,155425186,11373367,371327218,92966904,16472661,,1212398,36891993
10/1/1996,,634094957,157879112,11875918,369068448,95271479,16431624,,1177443,37775366
11/1/1996,,644591749,160100927,12980420,371432308,100078093,16592026,,1150734,38283762
12/1/1996,,642634967,152359946,12861845,380409552,97003623,16391023,,1134452,38382617
1/1/1997,,642498671,150814642,11963963,372254516,107465550,16682681,,1121314,42389703
2/1/1997,,641107814,145524773,12466415,372202080,110914545,16701836,,1203340,38173740
3/1/1997,,643753164,141918527,11990985,374621670,115221982,16570731,,1225680,39616091
4/1/1997,,641086732,145681655,12871786,371272190,111261101,16400863,,1353563,40585956
5/1/1997,,648229852,150826747,12476416,373861448,111065242,17285384,,1358552,40914272
6/1/1997,,665542437,150247532,13779531,386353562,115161812,17739737,,1487222,41999176
7/1/1997,,667898253,153833675,12943102,380858004,120263471,17834623,,1431683,47065691
8/1/1997,,661766261,154521889,13046525,378666822,115531025,18018276,,1405166,41196152
9/1/1997,,673394657,153707865,13517213,386155734,120013845,17780081,,1374082,40318338
10/1/1997,,669256418,152598260,13877340,380016808,122764010,17935468,,1311511,40489153
11/1/1997,,681187526,149742521,15415967,388746518,127282521,17983045,,1278124,40990270
12/1/1997,,689069219,154469708,14650969,397020062,122928480,17836310,,1222651,39152837
1/1/1998,,700753933,158950152,13149725,386241070,142412985,17625068,,1313812,44305416
2/1/1998,,720448511,169049223,13412368,390339166,147647754,17360677,,1302760,39414615
3/1/1998,,702158194,151497218,13041055,391609682,146010239,18255310,,1429916,40073828
4/1/1998,,690760233,151418322,14241314,381889358,143211239,18618057,,1442201,41495770
5/1/1998,,693249409,150708984,13971169,390695914,137873342,19057289,,1470803,40511101
6/1/1998,,715041458,159851598,13485216,395229822,146474823,19178176,,1601193,43428882
7/1/1998,,722746664,165122931,14331651,395102084,148189998,18459690,,1552276,46994927
8/1/1998,,716456787,164164059,13914380,389013766,149364582,18664899,,1523145,42800367
9/1/1998,,716440003,155023620,14452940,392457812,154505631,19487728,,1471981,45450129
10/1/1998,,724750547,166981007,16053021,389160716,152555804,19361924,,1426677,45819227
11/1/1998,,738964073,166528842,16421796,394928716,161084719,19726359,,1379953,44646994
12/1/1998,,737734842,162760850,17323386,404564780,153085826,19915480,,1310169,45464007
1/1/1999,,740389884,142814484,14936619,403971216,178667565,21025655,,1411364,52940194
2/1/1999,,742386495,140609928,15094804,404305386,182376377,21716770,,1402467,48678024
3/1/1999,,745558658,145952795,16116667,409792192,173697004,23997822,,1515243,48755458
4/1/1999,,727712590,138475858,15784548,403274748,170177436,23980794,,1552313,48788275
5/1/1999,,741374728,140876834,15528600,406913232,178056062,23602317,,1584407,48553211
6/1/1999,,757766179,143692440,14454938,415127042,184491759,25727325,,1711067,49801540
7/1/1999,,752208031,141413430,14913152,414356608,181524841,27697642,,1657374,54597832
8/1/1999,,748328306,138789198,15615953,414788124,179135031,29146527,,1625327,48934804
9/1/1999,,761814788,146099896,15458896,421316136,178939860,32227307,,1587921,51102166
10/1/1999,,761557621,141929199,16070506,416937052,186620864,37100842,,1538250,53057899
11/1/1999,,782703035,151448413,18115092,424317240,188822290,38694621,,1479560,52518953
12/1/1999,,791955370,154853318,17772732,435007062,184322258,42608143,,1408551,53842411
1/1/2000,,778737265,132921745,17113635,433416844,195285041,38925706,,1517004,60699120
2/1/2000,,778904231,134477108,16733757,438156268,189537098,38202961,,1470753,55658245
3/1/2000,,799651024,137976864,16427214,448722690,196524256,38637803,,1609462,56584366
4/1/2000,,811017539,141722140,17532874,450742720,201019805,36413406,,1706624,59582441
5/1/2000,,811628136,138443650,17107650,447779338,208297498,36076044,,1713664,56027322
6/1/2000,,817164041,138359272,16333359,459050502,203420908,36801161,,1885144,58244587
7/1/2000,,812731210,128315515,18093119,462057370,204265206,35929693,,1821334,64888253
8/1/2000,,810955139,128610016,17691923,459974018,204679182,36886624,,1781790,61633917
9/1/2000,,835359105,126979663,18255014,472386644,217737784,38430378,,1743475,61013730
10/1/2000,,836674976,126937712,19012175,465461584,225263505,39244976,,1680583,63707574
11/1/2000,,850626455,130834105,20936563,469593956,229261831,39165179,,1619937,62748352
12/1/2000,,878646875,139705861,19993647,490129136,228818231,39941027,,1526054,67735400
1/1/2001,,875147884,130351903,19327655,483719102,241749224,40308370,,1642557,76347379
2/1/2001,,878500912,128472182,27747567,483734140,238547023,40662865,,1613352,69711506
3/1/2001,,906264953,135772466,29601622,492256372,248634493,42367196,,1803267,70514368
4/1/2001,,907879369,134692342,35885511,494408068,242893448,43407747,,1891593,70111532
5/1/2001,,910553465,124462532,33155660,499165180,253770093,42106148,,1919899,71498465
6/1/2001,,925625298,127478619,32297295,516528908,249320476,42792246,,2057081,71819162
7/1/2001,,912651820,125047951,31076748,511716074,244811047,43956073,,1982403,75514911
8/1/2001,,904039689,124948118,27935172,512470072,238686327,44179701,,1942270,70181152
9/1/2001,,929196521,130564016,30319307,524340304,243972894,44433213,,1899191,72116058
10/1/2001,,935460540,133194401,36285794,518061756,247918589,49180247,,1833121,72255814
11/1/2001,,953293799,137414558,37913463,528036408,249929370,51191507,,1764400,72937232
12/1/2001,,970655963,137428141,33227743,550506836,249493243,50434834,,1647161,73291073
1/1/2002,,958851887,132458862,29905717,539472168,257015140,50651891,,1756393,78910839
2/1/2002,,958124212,129857826,32518094,545023368,250724924,50956323,,1715084,67802433
3/1/2002,,978151280,132717656,33366529,557037644,255029451,54863683,,1975857,68080422
4/1/2002,,990274484,135887284,41796338,551060292,261530570,52714304,,2066087,68249232
5/1/2002,,1002641760,136318736,42412289,556521480,267389255,51733016,,2102555,69019072
6/1/2002,,1007247071,138415563,33984817,570495564,264351127,51934168,,2196371,73736592
7/1/2002,,1004886585,136098867,29544628,570133856,269109234,51266210,,2119230,77865942
8/1/2002,,1001216207,136034830,29048687,571469740,264662950,51844295,,2071975,70974200
9/1/2002,,1016361728,134338988,36393020,575036872,270592848,55546248,,2014561,71685975
10/1/2002,,1032954133,141882236,45585122,571773496,273713279,60595542,,1942122,72464745
11/1/2002,,1036283871,137232530,44766012,582748748,271536581,62257975,,1871585,75284577
12/1/2002,,1043306572,144261252,39263121,593925076,265857123,62544809,,1737692,71447826
1/1/2003,,1029085208,132148433,28775138,592759300,275402337,66735785,,1684199,80783866
2/1/2003,,1056644436,143126622,39454429,592892536,281170849,67196488,,1633721,70614791
3/1/2003,,1062213224,144179811,35315515,599686984,283030914,74539390,,1880771,70781502
4/1/2003,,1095293331,152055406,50249283,600225316,292763326,76693587,,1938785,72499565
5/1/2003,,1086203503,147778423,40472989,607090608,290861483,76951819,,2092759,73307518
6/1/2003,,1096993357,151759744,37111580,619473756,288648277,78908703,,2310208,77749654
7/1/2003,,1094080091,140710767,36674381,617782728,298912215,83058758,,2205412,81095798
8/1/2003,,1113237974,153966699,36922558,616673964,305674753,83426557,,2159170,72946833
9/1/2003,,1112719521,150243548,35904930,619590944,306980099,85774789,,2114762,73629719
10/1/2003,,1123669815,153447223,41243409,619273964,309705219,94734399,,2038307,74437488
11/1/2003,,1133989152,150017439,41688470,632038312,310244931,98294362,,1971326,75326285
12/1/2003,,1154661171,166385596,34583068,642526624,311165883,102176233,,1843571,71800302
1/1/2004,,1153760900,153787358,39692743,638273864,322006935,104410101,,1783226,82204157
2/1/2004,,1160502436,149464009,41923486,656764568,312350373,111439853,,1873581,73320425
3/1/2004,,1169309593,153630019,38953543,661463312,315262719,121240611,,2005520,73286533
4/1/2004,,1191543588,152800033,49384116,664322996,325036443,123084656,,2076794,76517127
5/1/2004,,1196619708,143859396,45230882,672113628,335415802,123516419,,2101911,75323392
6/1/2004,,1227854302,152535949,38944433,695096740,341277180,129341694,,2439590,81273070
7/1/2004,,1229488707,155888407,38363046,694999904,340237350,138645153,,2350314,86389509
8/1/2004,,1215932447,153386804,34847908,691397972,336299763,140721851,,2295043,77004166
9/1/2004,,1236613834,163544897,44618175,699429976,329020786,145077324,,2231652,79525407
10/1/2004,,1252577799,161882405,46156825,699837280,344701289,149630293,,2151441,84375304
11/1/2004,,1244336188,155075178,51270957,713295664,324694389,155447203,,2067299,84419094
12/1/2004,,1265088670,167671189,41978949,736322680,319115852,163531622,,1917598,83305732
1/1/2005,,1258568852,160360341,42277353,729766048,326165110,168031625,,1876446,96161202
2/1/2005,,1273144289,161461630,43325677,741094928,327262054,185769137,,1817053,86439334
3/1/2005,,1311796066,181591908,42066346,760102352,328035460,190582469,,2092197,84773227
4/1/2005,,1329764741,183076511,49981566,760999552,335707112,192623531,,2371675,88702323
5/1/2005,,1343830265,180467510,49729223,774993024,338640508,191722508,,2389046,87413216
6/1/2005,1914480317,1418569106,185880961,42056909,850538796,340092440,202521812,156753053,2780564,133855782
7/1/2005,1947338717,1443934317,183714499,60083832,849450750,350685236,205139114,156860977,2699534,138704775
8/1/2005,1909596679,1408438246,172532533,42649990,842851860,350403863,210765228,158239320,2647209,129506676
9/1/2005,1956479018,1445684942,172559488,51079540,865080836,356965078,218083064,159680917,2576078,130454017
10/1/2005,1989018017,1479103151,181438503,63353540,868612866,365698242,226669977,156500878,2499271,124244740
11/1/2005,2030694294,1509387818,183847269,65612184,887944279,371984086,236171997,157059467,2401079,125673933
12/1/2005,2067500501,1543005293,189246299,54958252,925531791,373268951,238274383,159360595,2245342,124614888
1/1/2006,2064309768,1515947423,171927642,46024539,922784093,375211149,253089426,158715980,2198571,134358368
2/1/2006,2102868173,1554689969,178863852,52169123,938143138,385513856,261465828,159431502,2137777,125143097
3/1/2006,2128067995,1574852748,175524227,53119052,961583224,384626245,270941257,155546524,2506445,124221021
4/1/2006,2171559614,1612967833,186602008,62910583,974200036,389255206,268943503,153677106,2778393,133192779
5/1/2006,2162692950,1592198751,179867284,56913699,991631653,363786115,280292896,155432160,2845844,131923299
6/1/2006,2209953965,1618074364,185132862,49352345,1024409391,359179766,290786402,154371422,3127577,143594200
7/1/2006,2252639032,1643730046,188079036,60116078,1041706098,353828834,299811034,158873070,3044302,147180580
8/1/2006,2235743705,1633592640,182532733,57514172,1039135130,354410605,303583151,162560533,2981851,133025530
9/1/2006,2301132256,1678388526,189516616,63728039,1064354294,360789577,313494464,166572087,2911124,139766055
10/1/2006,2339595399,1703057747,186441395,71739637,1074128216,370748499,318142532,167682751,2822664,147889705
11/1/2006,2382548874,1730365089,187799604,77718689,1096758469,368088327,324815045,173273149,2710578,151385013
12/1/2006,2420499637,1763158516,185960071,65790248,1142147372,369260825,327716419,174187007,2528532,152909163
1/1/2007,2421503067,1746741987,173473962,66107991,1138026748,369133286,335005235,172484065,2466970,164804810
2/1/2007,2454978023,1771444750,174214589,72749426,1149978276,374502459,346091260,176132685,2400482,158908846
3/1/2007,2503190805,1815138741,155528121,72236124,1204637426,382737070,352131233,175166795,2783359,157970677
4/1/2007,2524944202,1820004993,163741812,74387421,1207277126,374598634,358957190,176269040,2876448,166836531
5/1/2007,2563774963,1842853208,167022695,70114085,1223877718,381838710,367009283,174659382,3018693,176234397
6/1/2007,2642124136,1896047040,175398240,68843764,1257776276,394028760,375057777,176419697,3650120,190949502
7/1/2007,2654116195,1888519872,165229661,68962245,1255537150,398790816,382396465,180277934,3539898,199382026
8/1/2007,2656158919,1893926895,163355656,72542491,1257944925,400083823,394600304,183253511,3450570,180927639
9/1/2007,2724613227,1947518282,190596365,78593535,1270454591,407873791,397290458,186109673,3369078,190325736
10/1/2007,2771352279,1977696027,191906009,79193067,1278769515,427827436,395557776,196379578,3238000,198480898
11/1/2007,2820142721,2020138498,196365618,84896544,1298590639,440285697,393895778,199227250,3174079,203707116
12/1/2007,2836829582,2046684600,222760416,74470976,1319390781,430062427,395916341,199177480,2993579,192057582
1/1/2008,2812150119,2017869938,182608596,60897288,1316227496,458136558,392243544,204315896,2918260,194802481
2/1/2008,2861008857,2069545098,188789378,68487082,1321699534,490569104,391419704,204528125,2806616,192709314
3/1/2008,2854241279,2069273170,188388154,63612236,1337797932,479474848,382988089,203036270,3303609,195640141
4/1/2008,2883418222,2098319308,206450491,70817222,1334433055,486618540,384751618,200341420,3819789,196186087
5/1/2008,2910707937,2110936580,203232009,68132700,1344616330,494955541,399123654,197354916,3915761,199377026
6/1/2008,2972943354,2154983585,211226295,62614808,1380712301,500430181,403044566,193758304,4213228,216943671
7/1/2008,2993050262,2159707871,214911780,66895255,1380961605,496939231,401352039,198688361,4023543,229278448
8/1/2008,3002104799,2181545253,217624055,64706220,1394881188,504333790,398071621,202541205,3921747,216024973
9/1/2008,3019008136,2201791005,231595466,72079807,1397789436,500326296,387041628,204428070,3735857,222011576
10/1/2008,3062022223,2256191515,270427830,59565078,1395433192,530765415,371842951,210491657,3556018,219940082
11/1/2008,3088798580,2265119544,266488023,69687824,1406097197,522846500,365054092,220462847,3393378,234768719
12/1/2008,3096255098,2262196394,265744281,75057760,1428936047,492458306,355875221,232757752,3136134,242289597
1/1/2009,3105313093,2264999347,259392875,78776247,1410920440,515909785,357146416,233374249,3059904,246733177
2/1/2009,3094207223,2250979381,248303336,76923914,1413696563,512055568,361767634,237676113,2968166,240815929
3/1/2009,3108664200,2252512400,248891551,80463394,1415328395,507829060,365900712,243517843,3210818,243522427
4/1/2009,3114981874,2247059582,248044240,84181979,1406597093,508236270,375853569,244657320,3698130,243713273
5/1/2009,3105992979,2243424290,241744695,83456692,1415315123,502907780,383024138,244110345,3731241,231702965
6/1/2009,3155677676,2291591164,273241663,83786094,1427302018,507261389,388870452,245596773,4079114,225540173
7/1/2009,3127195443,2250373793,262668668,78291332,1418902721,490511072,388184909,250944917,3940873,233750951
8/1/2009,3089483287,2217490992,244015731,70795669,1416947414,485732178,389336962,254153473,3874512,224627348
9/1/2009,3094736333,2226446199,243444276,80063213,1416834067,486104643,392512421,257631584,3775778,214370351
10/1/2009,3079243418,2211421721,246146500,84859762,1396693784,483721675,393853340,257721717,3668383,212578257
11/1/2009,3086248866,2205939814,245765990,87589022,1391900635,480684167,396198213,260403373,3514986,220192480
12/1/2009,3122834152,2267890615,270897221,77873472,1422781151,496338771,390791009,259750277,3313822,201088429
1/1/2010,3118007474,2247146712,262270371,80543189,1400102157,504230995,394939527,261461561,3247951,211211723
2/1/2010,3109850108,2233684715,264780648,67851199,1393783985,507268883,391698999,264550980,3184133,216731281
3/1/2010,3123153185,2240891927,267791814,71889676,1396117721,505092716,396447358,264024175,3803518,217986207
4/1/2010,3139001506,2236693205,274789047,74744292,1377245591,509914275,400810227,265290264,3761312,232446498
5/1/2010,3176521033,2276715071,315308019,67348470,1389359772,504698810,385392280,267806605,3860946,242746131
6/1/2010,3173848020,2282281192,323854258,69347950,1413302962,475776022,375320981,268045896,3874912,244325039
7/1/2010,3144002593,2254041528,314594297,76290438,1398384143,464772650,371225175,271916250,3866067,242953573
8/1/2010,3174694693,2251617186,299719316,69945479,1395211609,486740782,370526925,277684237,3828318,271038027
9/1/2010,3138394352,2231786756,256484730,73267305,1410635247,491399474,370685240,274775473,3709709,257437174
10/1/2010,3140670910,2238594746,256878583,87866983,1397145041,496704139,375651161,273310386,3617983,249496634
11/1/2010,3124745786,2230352037,244350424,86614518,1403035380,496351715,377309699,272079561,3487447,241517042
12/1/2010,3119257058,2244624468,236123047,75287050,1434103776,499110595,377454686,269888252,3217449,224072203
1/1/2011,3094979199,2215130288,223047198,73317770,1407012094,511753226,374801364,269332756,3150994,232563797
2/1/2011,3090967198,2219119744,228772768,86344348,1408815405,495187223,380687986,270809627,3078702,217271139
3/1/2011,3099475720,2233296532,226192543,84156525,1419547879,503399585,383060988,268141611,3186400,211790189
4/1/2011,3095493170,2228634312,240534093,77881234,1401434169,508784816,381039272,268222294,3621282,213976010
5/1/2011,3146844621,2257164311,248415604,75433025,1405013076,528302606,379232815,293436038,3601686,213409771
6/1/2011,3189212063,2281430643,249204262,74289898,1420969039,536967444,373708327,313731057,3566379,216775657
7/1/2011,3188947424,2260784887,257301738,82656592,1391508223,529318334,368487772,322754151,3459118,233461496
8/1/2011,3186789576,2237111617,266285277,57199267,1389789234,523837839,365968679,330057817,3403485,250247978
9/1/2011,3205627413,2231746175,257324239,67205669,1386897650,520318617,359957424,337140510,3328964,273454340
10/1/2011,3192370933,2216931032,281045174,63270781,1363714043,508901034,363011313,340675162,3273758,268479668
11/1/2011,3187031649,2213689895,287421068,71936806,1356063774,498268247,363935088,337213446,3171392,269021828
12/1/2011,3250225749,2245317169,340065731,66470059,1358356390,480424989,368620088,350125924,3022143,283140425
1/1/2012,3270910901,2231616861,342583360,72223562,1339008898,477801041,373432658,362196423,2981524,300683435
2/1/2012,3286306198,2265594359,388091838,71911391,1341345349,464245781,369560733,364319639,2895977,283935490
3/1/2012,3342058392,2331875166,478529744,71443755,1348182789,433718878,367975933,362599756,2914442,276693095
4/1/2012,3294566794,2285870684,471566292,65196096,1318861760,430246536,358747951,361516477,2878253,285553429
5/1/2012,3355069021,2316146443,505139765,77875678,1314274162,418856838,351207630,357352653,3298617,327063678
6/1/2012,3360240020,2344347123,562781117,66662030,1318911632,395992344,338603818,368776492,3276087,305236500
7/1/2012,3330234987,2291673756,584149367,60053551,1273605087,373865751,340952055,369451233,3207904,324950039
8/1/2012,3288031533,2252089962,589331337,53524752,1259567857,349666016,339820928,372816783,3165360,320138500
9/1/2012,3301574108,2263207524,557980339,72283674,1277125643,355817868,333299541,382814628,3105396,319147019
10/1/2012,3269034868,2242487959,546484161,66267014,1276851799,352884985,327482090,384410447,3054388,311599984
11/1/2012,3263723115,2240958064,544756222,73337757,1290778671,332085414,321031252,383291708,2936116,315505975
12/1/2012,3256385942,2224677498,524074376,67341464,1304172269,329089389,324418474,389230211,2077083,315982676
1/1/2013,3183397112,2172913665,465259163,66872862,1299168122,341613518,320231586,388612905,1763497,299875459
2/1/2013,3186249299,2191129896,453507742,82110090,1302973261,352538803,310538722,380850036,1717871,302012774
3/1/2013,3205983630,2213426612,442021259,86360427,1321136941,363907985,305591530,381545225,1687901,303732362
4/1/2013,3183073206,2178059076,437327049,76192388,1300492765,364046874,296385983,387363984,1671859,319592304
5/1/2013,3121188143,2143399236,404646507,86045289,1303362072,349345368,277026077,406011112,1633300,293118418
6/1/2013,3112990185,2164237384,407214871,80546507,1322492519,353983487,268015301,408312358,1943748,270481394
7/1/2013,3032889130,2095726121,403520095,76996740,1299782191,315427095,256781119,410826184,1890296,267665410
8/1/2013,3009659523,2083470311,392760074,70282274,1314489771,305938192,254773614,410464393,1862424,259088781
9/1/2013,3008135174,2079106730,382358064,78783134,1309716770,308248762,248800073,412349756,1811426,266067189
10/1/2013,2962477109,2044883908,372302434,77932349,1294804452,299844673,241354986,415337414,1733232,259167569
11/1/2013,2946445010,2035083978,364764962,68124935,1306208570,295985511,238095692,415295835,1638228,256331277
12/1/2013,2874176306,1999035737,333422041,61796163,1307975514,295842019,234984837,414009790,1592719,224553223
1/1/2014,2900808543,1998920089,335647716,59995892,1305097524,298178957,233623143,417853100,1479390,248932821
2/1/2014,2865716740,1982031374,323244780,70958598,1294673684,293154312,227603323,419171802,1408054,235502187
3/1/2014,2864773754,1994851155,320547673,73851305,1302130851,298321326,225649591,419521500,1360487,223391021
4/1/2014,2851939346,1973023633,327162706,63661062,1281397448,300802417,225871054,419906864,1330481,231807314
5/1/2014,2863949046,1985296661,318605387,73518051,1288561775,304611448,221462839,418430690,1646168,237112688
6/1/2014,2844221335,1982720548,302210258,75824525,1307469680,297216085,213764589,408595979,513543,238626676
7/1/2014,2822700786,1969709020,309782646,67182029,1291554219,301190126,207677676,407597182,505136,237211772
8/1/2014,2814322383,1952156238,298548800,71693643,1285736652,296177143,208025991,409544316,494786,244101052
9/1/2014,2818680870,1958175472,290391865,75858727,1278864994,313059886,204660430,406062964,448105,249333899
10/1/2014,2805188913,1960155958,290547263,73744560,1267089419,328774716,195149348,401209693,389287,248284627
11/1/2014,2827728573,1980228072,285027651,77708052,1274955203,342537166,194495782,400754624,171214,252078881
12/1/2014,2779129112,1938813406,276373477,73448988,1283799281,305191660,196334405,392410266,85838,251485197
1/1/2015,2759369744,1918454963,268170250,87850427,1265832845,296601441,186700059,375349738,88349,278776635
2/1/2015,2751637362,1921797028,266903643,79293241,1272264393,303335751,186505221,377952678,90471,265291964
3/1/2015,2789697065,1960915004,292200839,84512164,1274017515,310184486,182312538,375469203,92156,270908164
4/1/2015,2730841470,1916186574,280324906,74261439,1259500206,302100023,179382798,374413879,87889,260770330
5/1/2015,2716579995,1920564077,281841544,74213741,1261301998,303206794,180018748,367863055,88210,248045905
6/1/2015,2711690355,1933559260,290846535,74915744,1270901571,296895410,178273376,360890958,106446,238860315
7/1/2015,2695199212,1910548794,279805394,64364331,1260803136,305575933,180843515,362354323,95431,241357149
8/1/2015,2665243407,1891250261,281013922,64855042,1250452614,294928683,184074364,361293839,96502,228528441
9/1/2015,2683296778,1913496502,285102009,69391669,1255265382,303737442,179759732,358892909,96207,231051428
10/1/2015,2681462100,1911845901,282292816,85230990,1246301295,298020800,178739984,359422519,96299,231357397
11/1/2015,2701635867,1913973469,280351836,79576578,1249828812,304216243,185124879,359005613,96124,243435782
12/1/2015,2645492331,1887280517,274080774,76097156,1255068129,282034458,184175805,353534122,93215,220408672
1/1/2016,2657803592,1885267340,274641372,76142839,1253617788,280865341,179494563,353542237,95265,239404187
2/1/2016,2658995013,1888754033,277545564,69551273,1245077191,296580005,177698351,352151542,97273,240293814
3/1/2016,2631557759,1873583996,274036061,68665398,1236035873,294846664,176278460,350128660,94448,231472195
4/1/2016,2627020608,1872495896,273721846,73007630,1232867047,292899373,179017656,349565544,97429,225844083
5/1/2016,2616053346,1860373668,271220160,72565630,1237701961,278885917,181692396,347794433,99848,226093001
6/1/2016,2653002026,1877248713,273708503,71027641,1248694562,283818007,181219431,350031913,102626,244399343
7/1/2016,2618064697,1850633998,272092744,60349918,1238828653,279362683,176779295,351136338,104343,239410723
8/1/2016,2592469953,1838281018,276899451,57691441,1239950226,263739900,176229204,351183723,105928,226670080
9/1/2016,2592139870,1834532923,268569767,58057294,1237417227,270488635,175388590,349191504,105534,232921319
10/1/2016,2557474204,1811492521,265366892,59223860,1224629976,262271793,172288296,348430515,107800,225155072
11/1/2016,2552133321,1805080207,259769005,56850203,1228441456,260019543,171900711,347178327,108083,227865993
12/1/2016,2541131558,1806954181,256567319,53441195,1234175905,262769762,174674430,345286544,97469,214118934
1/1/2017,2517238556,1786658107,255226611,53032987,1221633477,256765032,167979491,345134757,99382,217366819
2/1/2017,2511816746,1789057494,262490057,50378961,1215848201,260340275,168808558,345229768,101286,208619640
3/1/2017,2523714008,1815082712,280822741,49080500,1224901351,260278120,164326426,343349559,104250,200851061
4/1/2017,2507880568,1796722065,282229552,51822818,1208726332,253943363,169320174,341901275,98874,199838180
5/1/2017,2504976209,1795861686,285104104,53089583,1209711546,247956453,170837999,342644932,102157,195529435
6/1/2017,2533163433,1826940183,294376086,54149672,1223605213,254809212,170060710,338007620,103149,198051771
7/1/2017,2540403242,1815570010,297096627,62118172,1213141274,243213937,170373753,353125587,104056,201229836
8/1/2017,2527934635,1806098479,295270834,63775912,1211386821,235664912,168348766,353185480,104828,200197082
9/1/2017,2541081350,1819762325,289426451,63607744,1213629118,253099012,170740325,352836259,106182,197636259
10/1/2017,2559965637,1831936219,292790995,64819401,1200323248,274002575,173455597,352322454,106787,202144580
11/1/2017,2561549824,1804525412,290555986,68764435,1182853587,262351404,199565557,351920411,106333,205432111
12/1/2017,2549848662,1805740472,293383380,60910483,1193835580,257611029,200289371,346830528,107197,196881094
1/1/2018,2519897037,1768518563,294225301,59832942,1175202992,239257328,199264111,343679606,109806,208324951
2/1/2018,2503266654,1770247540,295167842,58370716,1167114927,249594055,201621284,340672104,111502,190614224
3/1/2018,2520322544,1798214687,298735964,59309664,1182632576,257536483,203803760,329888637,114996,188300464
4/1/2018,2495779469,1771591528,299506240,60812670,1172184149,239088469,205190551,328656683,119400,190221307
5/1/2018,2520842929,1794033062,298226052,61056104,1186327082,248423824,202123731,326306718,121208,198258210
6/1/2018,2523877053,1806983136,277073480,67009791,1210686762,252213103,197710096,324328640,120208,194734973
7/1/2018,2506409908,1784346280,278531134,71231682,1188946354,245637110,195715451,325778021,120479,200449677
8/1/2018,2500996938,1786022426,274515387,70608921,1186790928,254107190,197987844,324938226,122956,191925486
9/1/2018,2483029491,1776325349,256997807,70503951,1197301970,251521621,201405861,315949738,124581,189223962
10/1/2018,2474644802,1757495762,253589840,74586330,1182050056,247269536,205112295,314617820,125219,197293706
11/1/2018,2486596756,1770872501,253779712,84085049,1188937541,244070199,204535974,314458432,124846,196605003
12/1/2018,2476348812,1773708831,251850367,70862506,1203245591,247750367,206744252,314267023,125235,181503471
1/1/2019,2478371661,1759611332,255105367,69156905,1196540050,238809010,203624514,314064830,127357,200943628
2/1/2019,2467379034,1759034552,253955557,68893750,1202052135,234133110,207805530,313993422,129553,186415977
3/1/2019,2523745205,1810022178,254309116,71137644,1226173273,258402145,209426893,313038668,134256,191123210
4/1/2019,2505188762,1787835690,251282623,73380964,1215907312,247264791,208417875,311781909,138738,197014550
5/1/2019,2516346642,1795860788,252636605,72437131,1223554779,247232273,207966629,312414225,133241,199971759
6/1/2019,2541690105,1816802837,241997561,74061060,1250791191,249953025,210324845,310308349,134088,204119986
7/1/2019,2524969712,1782514783,240079391,73665923,1230184263,238585206,215395236,310251159,134754,216673780
8/1/2019,2550741412,1794417185,239291696,73918924,1235427696,245778869,214942087,309839802,137311,231405027
9/1/2019,2540155925,1778932639,222904936,73579495,1237901839,244546369,218553049,310748291,139365,231782581
10/1/2019,2537492443,1783338512,230955025,75610494,1229215827,247557166,219344771,309818889,140994,224849277
11/1/2019,2562971829,1811226808,231381256,80577805,1243154008,256113739,223602978,310268482,142815,217730746
12/1/2019,2517992159,1787099432,214414505,68816882,1252423294,251444751,226864748,311171644,143635,192712700
1/1/2020,2527968068,1769190141,217358372,67584575,1235042429,249204765,236693690,311718407,145498,210220332
2/1/2020,2548897164,1791785542,220000153,66639790,1241132231,264013368,240445947,311482763,147970,205034942
3/1/2020,2634914077,1859292355,257090491,64471758,1262047755,275682351,236605699,310063757,150681,228801585
4/1/2020,2653365523,1879377683,262766463,67702029,1289221517,259687674,234645179,309978361,151813,229212487
5/1/2020,2664866649,1907826838,271203776,65200055,1308129877,263293130,236490496,310205950,155525,210187840
6/1/2020,2777976008,2003297253,342652428,71910939,1329088184,259645702,238971085,309171137,163313,226373220
7/1/2020,2757364538,1989884229,347401824,77441571,1319449454,245591380,238467452,309255124,163804,219593929
8/1/2020,2735616394,1987780785,342800683,77084231,1324213433,243682438,236570677,309572068,165788,201527076
9/1/2020,2738065743,1990846367,338764976,75743649,1327852388,248485354,235383334,309203566,159048,202473428
10/1/2020,2720213861,1980006441,338456907,77503295,1322363573,241682666,232182807,309233397,158118,198633098
11/1/2020,2749233061,2007961087,339287394,90764987,1337375657,240533049,227826195,309782011,155849,203507919
12/1/2020,2736799708,2005842343,335625407,79415541,1364283747,226517648,228316078,314409538,151757,188079992
1/1/2021,2720681306,1999734842,339092880,74500294,1350121495,236020173,223619055,314787836,152224,182387349
2/1/2021,2710432984,1994786501,340212146,71233825,1350096898,233243632,228367900,315829777,154240,171294566
3/1/2021,2768997314,2045567932,372573360,74169333,1355862110,242963129,235310159,312619168,156794,175343261
4/1/2021,2755839468,2038087691,370896393,76549115,1353996390,236645793,234072591,312422248,156671,171100267
5/1/2021,2771018453,2056526880,372370373,77514144,1367091968,239550395,232646462,312085243,156705,169603163
6/1/2021,2815623992,2085961576,368715386,84984545,1399176637,233085008,237472233,306555781,158446,185475956
7/1/2021,2802036431,2081268587,372345499,87485013,1377479058,243959017,238388104,302661318,161135,179557287
8/1/2021,2806673458,2089227456,371132996,88902648,1379591362,249600450,238132819,303975170,162635,175175378
9/1/2021,2816519457,2089702301,364956284,92444001,1385883559,246418457,242290206,301895247,163162,182468541
10/1/2021,2813203886,2089823703,366359481,94903486,1377197512,251363224,244968715,298078710,164825,180167933
11/1/2021,2865747650,2124951579,365825829,109050567,1392620857,257454326,248494917,294357915,165740,197777499
12/1/2021,2846345892,2124356529,373707340,96328675,1420288174,234032340,247109665,297189879,165632,177524187
1/1/2022,2857581850,2126252511,378617104,90562602,1402064346,255008459,240801165,297891479,168328,192468367
2/1/2022,2847081670,2129548838,376232233,85898796,1407584965,259832844,237889627,298607219,170549,180865437
3/1/2022,2874200261,2150762627,375055636,87925456,1424410641,263370894,237727840,294099400,174052,191436342
4/1/2022,2921829016,2184290522,373880672,88527230,1420564643,301317977,236895695,292289916,175795,208177088
5/1/2022,2916775132,2178226497,369663963,89029286,1431088513,288444735,243029307,295079673,178794,200260861
6/1/2022,2977835115,2223198288,373348467,98508214,1446425551,304916056,245869723,291584876,177906,217004322
7/1/2022,2978455070,2227561803,376724096,95121432,1440494103,315222172,247353344,290712270,178186,212649467
8/1/2022,2969764939,2216082105,373262786,99786465,1438931962,304100892,249397405,290065198,180667,214039564
9/1/2022,3005064508,2218359282,367964550,92255860,1436726291,321412581,260871489,290969959,181855,234681923
10/1/2022,2991181617,2210832473,367186628,93373835,1422009705,328262305,263655465,290833608,186121,225673950
11/1/2022,2971778310,2192677598,307904081,102241108,1428281360,354251049,268626731,289737316,187984,220548681
12/1/2022,2842456019,2069349346,204688161,95678405,1436964461,332018319,268469624,292989415,192458,211455176
1/1/2023,2832557969,2045179327,191137905,95861082,1412580118,345600222,277975917,293718114,197870,215486741
2/1/2023,2833995586,2042983129,183796685,92131190,1393905596,373149658,281697972,293186418,203709,215924358
3/1/2023,2837724029,2057167036,172423270,96865309,1396723405,391155052,276918814,292123189,210882,211304108
4/1/2023,2829683621,2052876093,171676222,96399115,1389214122,395586634,275971191,293786710,221454,206828173
5/1/2023,2866485710,2075294516,179271141,94866431,1390883013,410273931,284828831,293964298,217474,212180591
6/1/2023,2861390856,2050421330,125517475,104900805,1407481825,412521225,288880768,295444025,225265,226419468
7/1/2023,2848877747,2034276856,124706241,106800080,1392541784,410228751,292451535,295697116,233707,226218533
8/1/2023,2828763899,2021247353,121947633,106733266,1391334573,401231881,295205809,299639529,242265,212428943
9/1/2023,2859531513,2042167218,117042103,105930375,1402295614,416899126,298494093,298825372,250065,219794765
10/1/2023,2854671890,2036537400,117757509,106514741,1388451727,423813423,299192412,300603225,253003,218085850
11/1/2023,2906007263,2085273865,119051966,115745552,1403295458,447180889,306296051,301489000,251166,212697181
12/1/2023,2878174288,2070900686,108109511,96189591,1437850406,428751178,302139806,304514184,251604,200368008
1/1/2024,2885703962,2056982836,107479070,95528126,1417851445,436124195,311475901,307688590,260287,209296348
2/1/2024,2892009982,2076012930,107767049,128114935,1418865941,421265005,306621590,308073884,270259,201031319
3/1/2024,2893744741,2070659250,92001537,139234432,1434028587,405394694,313033947,304308254,279188,205464102
4/1/2024,2898858983,2069948272,91345792,157092717,1421110174,400399589,314529840,305885329,280878,208214664
5/1/2024,2898591543,2084293812,90232660,153636709,1441138401,399286042,306541381,307474621,291143,199990586
6/1/2024,2899246098,2085591804,86404243,150691642,1478994217,369501702,300455299,311082842,307085,201809068
7/1/2024,2911862186,2094883309,87839669,158064116,1454834246,394145278,301549199,310751577,309360,204368741
8/1/2024,2922216033,2109599846,90484512,172130086,1461440477,385544771,303278725,313193135,323758,195820569
9/1/2024,2931118471,2112103617,89564697,182160566,1467138317,373240037,304943395,312944188,331035,200796236
10/1/2024,2945826625,2127238110,87327017,189013678,1458868874,392028541,307141059,310996935,336865,200113656
11/1/2024,3008517072,2179967555,88798484,189995865,1489066359,412106847,307179438,310505132,339286,210525661
12/1/2024,2970014355,2147014301,92380329,139101626,1513246457,402285889,306457484,312185739,340996,204015835
1/1/2025,2996961090,2169231496,90777690,138971763,1498433973,441048070,301873477,316322234,344525,209189358
2/1/2025,3005289604,2195459069,94884816,162188645,1500633645,437751963,294772312,318351003,355060,196352160
3/1/2025,2992363676,2189436064,91339250,174024809,1509055282,415016723,287773160,319630411,363436,195160605
4/1/2025,3011194071,2205770958,90671661,181415821,1501171814,432511662,282273291,317731925,368355,205049542
5/1/2025,3038936894,2243555159,93653169,192669681,1518867691,438364618,282692740,316666984,384162,195637849
6/1/2025,3060422344,2242770983,97698957,181494771,1540082925,423494330,282333326,320381057,391165,214545813
7/1/2025,3078497841,2263621903,94881300,172283160,1525013974,471443469,288178762,320145362,394633,206157181
8/1/2025,3086153815,2295749419,94368667,200920564,1532209557,468250631,284427548,320573641,401350,185001857
9/1/2025,3080439089,2286178352,91616548,196448770,1539357749,458755285,278551733,317364065,410722,197934217
10/1/2025,3126656019,2330217419,90606301,202503774,1528777228,508330116,278308556,314628618,413622,203087804
11/1/2025,3163227711,2366190071,94083369,201886015,1551412059,518808628,280900104,314572669,411809,201153058
12/1/2025,3125520425,2341244399,95010739,161457947,1583198293,501577420,278456901,315947483,418573,189453069
1/1/2026,3206534586,2391328581,95140332,186394787,1566590553,543202909,275174038,323476885,423268,216131814
2/1/2026,3210767061,2415663629,94061104,183108363,1575950943,562543219,276433206,322486519,430848,195752859
3/1/2026,3194134849,2395687851,98200525,188746133,1586522952,522218241,274378072,313440413,440056,210188457
