C”DIGO DE LA SERIE,DCIIPR2021IND.M,DCIIPR2021IND_D09B00.M,DCIIPR2021IND_D09C00.M,DCIIPR2021IND_D09D00.M,DCIIPR2021IND_D09E00.M,DCIIPR2021IND_D09ENR.M,DCIIPR2021IND_D09EQP.M,DCIIPR2021IND_D09INT.M,DCIIPR2021IND_D09CNS.M,DCIIPR2021IND_D09CNSD.M,DCIIPR2021IND_D09CNSX.M
N⁄MERO SECUENCIAL,4628277,4628278,4628281,4628280,4628279,4628263,4628269,4628266,4628274,4628271,4628270
ALIAS DE LA SERIE,BE_25_3.1,BE_25_3.2,BE_25_3.3,BE_25_3.4,BE_25_3.5,BE_25_3.6,BE_25_3.7,BE_25_3.8,BE_25_3.9,BE_25_3.10,BE_25_3.11
DESCRIPCI”N DE LA SERIE,EstadÌsticas Generales. IPRI. Base 2021. Mercado interior. Total industria,EstadÌsticas generales. INE. IPRI.  Mercado interior. Industrias extractivas. Base 2021. Õndice. Mensual,EstadÌsticas generales. INE. IPRI.  Mercado interior. Industria manufacturera. Base 2021. Õndice. Mensual,"EstadÌsticas generales. INE. IPRI.  Mercado interior. Suministro de energÌa elÈctrica, gas, vapor y aire acondicionado. Base 2021. Õndice. Mensual","EstadÌsticas generales. INE. IPRI.  Mercado interior. Suministro de agua, actividades de saneamiento, gestiÛn de residuos y descontaminaciÛn. Base 2021. Õndice. Mensual",EstadÌsticas generales. INE. IPRI.  Mercado interior. EnergÌa. Base 2021. Õndice. Mensual,EstadÌsticas generales. INE. IPRI.  Mercado interior. Bienes de equipo. Base 2021. Õndice. Mensual,EstadÌsticas generales. INE. IPRI.  Mercado interior. Bienes intermedios. Base 2021. Õndice. Mensual,EstadÌsticas generales. INE. IPRI.  Mercado interior. Bienes de consumo. Base 2021. Õndice. Mensual,EstadÌsticas generales. INE. IPRI.  Mercado interior. Bienes de consumo duradero. Base 2021. Õndice. Mensual,EstadÌsticas generales. INE. IPRI.  Mercado interior. Bienes de consumo no duradero. Base 2021. Õndice. Mensual
DESCRIPCI”N DE LAS UNIDADES,Base 2021 = 100,Base 2021 = 100,Base 2021 = 100,Base 2021 = 100,Base 2021 = 100,Base 2021 = 100,Base 2021 = 100,Base 2021 = 100,Base 2021 = 100,Base 2021 = 100,Base 2021 = 100
FRECUENCIA,MENSUAL,MENSUAL,MENSUAL,MENSUAL,MENSUAL,MENSUAL,MENSUAL,MENSUAL,MENSUAL,MENSUAL,MENSUAL
FUENTE,Instituto Nacional de EstadÌstica,Instituto Nacional de EstadÌstica,Instituto Nacional de EstadÌstica,Instituto Nacional de EstadÌstica,Instituto Nacional de EstadÌstica,Instituto Nacional de EstadÌstica,Instituto Nacional de EstadÌstica,Instituto Nacional de EstadÌstica,Instituto Nacional de EstadÌstica,Instituto Nacional de EstadÌstica,Instituto Nacional de EstadÌstica
fecha,EstadÌsticas Generales. IPRI. Base 2021. Mercado interior. Total industria,EstadÌsticas generales. INE. IPRI.  Mercado interior. Industrias extractivas. Base 2021. Õndice. Mensual,EstadÌsticas generales. INE. IPRI.  Mercado interior. Industria manufacturera. Base 2021. Õndice. Mensual,"EstadÌsticas generales. INE. IPRI.  Mercado interior. Suministro de energÌa elÈctrica, gas, vapor y aire acondicionado. Base 2021. Õndice. Mensual","EstadÌsticas generales. INE. IPRI.  Mercado interior. Suministro de agua, actividades de saneamiento, gestiÛn de residuos y descontaminaciÛn. Base 2021. Õndice. Mensual",EstadÌsticas generales. INE. IPRI.  Mercado interior. EnergÌa. Base 2021. Õndice. Mensual,EstadÌsticas generales. INE. IPRI.  Mercado interior. Bienes de equipo. Base 2021. Õndice. Mensual,EstadÌsticas generales. INE. IPRI.  Mercado interior. Bienes intermedios. Base 2021. Õndice. Mensual,EstadÌsticas generales. INE. IPRI.  Mercado interior. Bienes de consumo. Base 2021. Õndice. Mensual,EstadÌsticas generales. INE. IPRI.  Mercado interior. Bienes de consumo duradero. Base 2021. Õndice. Mensual,EstadÌsticas generales. INE. IPRI.  Mercado interior. Bienes de consumo no duradero. Base 2021. Õndice. Mensual
1/1/1975,10.8,11.34,11.84,6.03,,6.04,11.87,13,12.04,13.45,11.76
2/1/1975,11.01,12.39,12.06,6.85,,6.83,12.2,13.14,12.12,13.45,11.92
3/1/1975,11.08,12.56,12.06,6.89,,6.89,12.37,13.14,12.2,13.45,11.92
4/1/1975,11.08,12.56,12.13,6.89,,6.89,12.45,13.14,12.28,13.61,12.07
5/1/1975,11.21,12.72,12.28,6.89,,6.89,12.53,13.14,12.44,13.78,12.23
6/1/1975,11.21,12.8,12.28,6.89,,6.89,12.53,13.14,12.52,13.86,12.23
7/1/1975,11.28,12.88,12.28,6.89,,6.89,12.62,13.21,12.52,13.86,12.31
8/1/1975,11.28,12.88,12.36,6.89,,6.89,12.86,13.21,12.6,13.94,12.39
9/1/1975,11.35,13.04,12.43,6.89,,6.89,13.03,13.21,12.67,13.94,12.39
10/1/1975,11.42,13.12,12.43,6.89,,6.89,13.28,13.21,12.67,14.02,12.46
11/1/1975,11.42,13.12,12.51,6.89,,6.89,13.28,13.28,12.67,14.02,12.54
12/1/1975,11.62,13.85,12.66,8.03,,7.89,13.28,13.28,12.75,14.02,12.54
1/1/1976,11.76,14.82,12.73,8.03,,7.89,13.53,13.42,12.99,14.26,12.7
2/1/1976,11.9,14.82,12.96,8.03,,7.89,13.69,13.7,13.15,14.34,12.93
3/1/1976,12.1,14.82,13.18,8.17,,8.05,13.78,13.98,13.3,14.59,13.09
4/1/1976,12.45,14.82,13.56,8.17,,8.05,13.78,14.74,13.46,14.91,13.25
5/1/1976,12.65,15.07,13.71,8.17,,8.1,13.86,15.09,13.62,15.23,13.41
6/1/1976,12.79,15.15,13.93,8.22,,8.1,14.44,15.3,13.78,15.32,13.41
7/1/1976,12.92,15.15,14.08,8.22,,8.1,14.52,15.51,13.85,15.48,13.56
8/1/1976,12.99,15.23,14.16,8.22,,8.1,14.69,15.58,13.93,15.4,13.72
9/1/1976,12.99,15.23,14.23,8.22,,8.1,14.69,15.58,14.09,15.56,13.72
10/1/1976,13.2,15.31,14.46,8.22,,8.1,14.94,15.79,14.41,16.04,14.11
11/1/1976,13.33,15.31,14.53,8.22,,8.16,14.94,15.79,14.56,16.29,14.27
12/1/1976,13.33,15.31,14.53,8.22,,8.16,15.02,15.79,14.72,16.45,14.35
1/1/1977,13.68,15.47,14.98,8.22,,8.16,15.85,16,15.19,16.94,14.82
2/1/1977,13.88,15.47,15.21,8.22,,8.21,16.18,16.28,15.35,17.1,15.13
3/1/1977,14.36,16.2,15.66,9.36,,8.74,16.68,16.7,15.9,17.67,15.6
4/1/1977,14.77,17.5,16.1,9.36,,9.22,16.93,17.33,16.14,17.83,15.84
5/1/1977,14.91,18.31,16.25,9.36,,9.27,17.18,17.54,16.29,17.99,15.99
6/1/1977,15.04,18.39,16.4,9.36,,9.27,17.26,17.68,16.53,18.07,16.31
7/1/1977,15.32,18.39,16.7,9.36,,9.27,18.18,17.82,16.77,18.39,16.46
8/1/1977,15.8,18.39,17.23,9.9,,10.22,18.43,18.17,17.4,19.37,16.93
9/1/1977,16.07,20.49,17.53,9.9,,10.33,18.59,18.59,17.63,19.85,17.25
10/1/1977,16.34,20.49,17.9,9.9,,10.33,19.09,18.94,18.03,20.26,17.64
11/1/1977,16.55,20.74,18.05,9.9,,10.38,19.34,19.15,18.34,20.66,17.87
12/1/1977,16.62,20.74,18.2,9.9,,10.38,19.42,19.22,18.34,20.74,17.87
1/1/1978,16.82,20.74,18.43,9.9,,10.38,19.84,19.43,18.66,20.99,18.19
2/1/1978,16.96,21.14,18.58,9.9,,10.38,19.92,19.57,18.89,21.31,18.5
3/1/1978,17.1,21.22,18.73,9.9,,10.38,20.09,19.7,19.13,21.47,18.66
4/1/1978,17.3,21.3,18.95,9.9,,10.38,20.42,19.98,19.36,21.88,18.97
5/1/1978,17.64,21.87,19.33,9.9,,10.38,20.92,20.54,19.52,21.88,19.13
6/1/1978,17.85,21.95,19.63,9.9,,10.38,21.33,20.89,19.76,22.28,19.21
7/1/1978,17.98,21.95,19.7,9.9,,10.38,21.41,21.1,19.84,22.45,19.36
8/1/1978,18.05,21.95,19.85,9.9,,10.38,21.41,21.1,19.92,22.69,19.44
9/1/1978,18.19,21.95,19.92,9.9,,10.43,21.75,21.31,20.07,22.93,19.6
10/1/1978,18.39,22.11,20.22,9.9,,10.43,22.41,21.52,20.31,23.09,19.83
11/1/1978,18.53,22.11,20.3,9.9,,10.43,22.58,21.59,20.39,23.26,19.91
12/1/1978,18.6,22.68,20.45,9.9,,10.43,22.66,21.73,20.55,23.5,19.99
1/1/1979,19.01,23,20.82,9.9,,10.43,23.41,22.15,21.02,24.15,20.38
2/1/1979,19.28,23,21.2,9.9,,10.49,23.65,22.64,21.33,24.55,20.77
3/1/1979,19.42,24.14,21.42,9.9,,10.54,23.82,22.92,21.57,24.8,20.93
4/1/1979,19.63,24.38,21.65,9.95,,10.54,23.9,23.13,21.88,24.88,21.32
5/1/1979,19.76,24.46,21.8,9.95,,10.54,24.07,23.34,22.12,24.96,21.56
6/1/1979,20.1,24.46,22.17,9.95,,11.23,24.82,23.48,22.28,25.28,21.71
7/1/1979,20.51,25.19,22.55,9.95,,12.34,24.9,23.69,22.43,25.53,21.87
8/1/1979,20.86,25.27,22.92,11.27,,12.82,25.31,24.11,22.67,25.69,22.11
9/1/1979,21.2,25.27,23.22,11.27,,12.82,25.9,24.53,23.06,26.5,22.34
10/1/1979,21.4,25.27,23.52,11.37,,12.87,25.98,24.81,23.46,28.04,22.58
11/1/1979,21.47,25.27,23.6,11.41,,12.87,26.14,25.02,23.54,27.96,22.65
12/1/1979,21.68,25.43,23.82,11.41,,12.87,26.39,25.23,23.77,29.01,22.73
1/1/1980,22.16,25.6,24.34,11.41,,12.92,26.73,25.64,24.64,31.76,23.13
2/1/1980,23.11,28.27,25.32,13.28,,15.57,27.06,26.48,25.19,34.03,23.36
3/1/1980,23.32,28.11,25.62,13.28,,15.57,27.14,26.83,25.27,33.79,23.6
4/1/1980,23.39,28.75,25.62,13.33,,15.57,27.39,27.04,25.27,32.9,23.67
5/1/1980,23.52,29.08,25.77,13.33,,15.62,27.64,27.18,25.27,32.25,23.83
6/1/1980,23.66,29.89,25.92,13.33,,15.62,28.14,27.39,25.27,32.66,23.83
7/1/1980,24.07,29.89,26.44,13.33,,17.16,28.3,27.46,25.5,33.55,23.83
8/1/1980,24.34,30.37,26.59,15.06,,17.74,28.39,27.88,25.66,33.71,23.99
9/1/1980,24.62,30.37,26.89,15.06,,17.74,28.63,28.23,25.9,33.95,24.22
10/1/1980,24.82,30.62,27.19,15.06,,17.64,28.8,28.65,26.29,34.68,24.61
11/1/1980,24.96,30.7,27.27,15.06,,17.64,29.05,28.72,26.45,34.52,24.85
12/1/1980,25.16,30.78,27.57,15.06,,17.64,29.55,28.93,26.69,34.36,25.16
1/1/1981,25.92,30.86,28.31,15.2,,19.07,30.71,29.35,27.16,34.6,25.56
2/1/1981,26.19,34.67,28.54,16.16,,19.6,30.96,29.7,27.24,34.52,25.79
3/1/1981,26.39,35.15,28.76,16.16,,19.6,31.12,30.05,27.47,34.76,25.95
4/1/1981,27.35,35.48,29.74,17.39,,23.14,31.37,30.47,27.79,35.17,26.34
5/1/1981,27.49,35.48,29.96,17.39,,23.14,31.46,30.81,27.94,35.09,26.5
6/1/1981,27.76,35.56,30.26,17.39,,23.2,32.29,31.02,28.1,35.25,26.73
7/1/1981,27.97,36.37,30.49,17.39,,23.3,32.53,31.23,28.42,35.01,27.12
8/1/1981,28.38,36.45,31.01,17.39,,24.41,32.53,31.65,28.73,35.09,27.44
9/1/1981,28.58,36.61,31.16,17.39,,24.41,32.78,31.86,29.13,35.33,27.83
10/1/1981,28.79,36.69,31.54,17.39,,24.41,33.12,32,29.52,35.65,28.3
11/1/1981,29.06,36.69,31.76,17.39,,24.41,33.28,32.42,29.83,35.74,28.61
12/1/1981,29.2,36.69,31.91,17.44,,24.47,33.28,32.63,29.99,35.82,28.93
1/1/1982,29.68,37.18,32.43,17.44,,24.47,34.19,33.12,30.46,36.14,29.4
2/1/1982,30.22,38.64,32.96,19.4,,25.21,34.69,33.82,30.94,36.71,29.87
3/1/1982,30.5,39.2,33.26,19.44,,25.21,35.02,34.24,31.25,36.71,30.18
4/1/1982,30.7,39.28,33.48,19.44,,25.42,35.36,34.45,31.41,36.71,30.42
5/1/1982,30.98,39.28,33.78,19.44,,25.42,35.52,34.8,31.72,37.03,30.65
6/1/1982,31.11,39.61,33.86,19.44,,25.47,35.94,34.87,31.88,36.87,30.89
7/1/1982,31.25,39.61,34.08,19.44,,25.47,36.27,35.01,32.04,37.36,31.04
8/1/1982,31.39,40.01,34.31,19.44,,25.47,36.44,35.29,32.27,37.68,31.2
9/1/1982,31.59,40.01,34.46,19.44,,25.47,36.68,35.43,32.59,38.33,31.51
10/1/1982,31.87,40.01,34.83,19.44,,25.47,36.93,35.71,33.14,39.06,31.98
11/1/1982,32.14,40.01,35.13,19.44,,25.47,37.27,35.99,33.53,40.19,32.22
12/1/1982,33.03,40.01,36.1,19.44,,29.45,37.6,36.2,33.77,40.52,32.38
1/1/1983,33.71,43.82,36.78,20.45,,29.92,38.68,36.89,34.32,41.73,32.85
2/1/1983,34.26,43.98,37.38,20.45,,29.92,39.51,37.73,34.71,42.62,33.16
3/1/1983,34.46,44.23,37.68,20.54,,30.13,39.76,38.01,35.03,43.03,33.39
4/1/1983,34.81,44.87,38.05,20.58,,30.13,40,38.57,35.27,43.43,33.63
5/1/1983,35.01,44.79,38.35,20.58,,30.13,40.34,38.92,35.66,44.32,34.02
6/1/1983,35.35,45.2,38.73,20.58,,30.13,40.83,39.34,35.97,44.57,34.33
7/1/1983,35.63,45.6,38.95,20.58,,30.13,41.08,39.76,36.29,44.89,34.57
8/1/1983,35.9,45.52,39.25,20.58,,30.13,41.25,40.18,36.6,44.89,34.96
9/1/1983,36.17,45.44,39.62,20.58,,30.13,41.5,40.46,37.15,45.54,35.43
10/1/1983,36.79,45.52,40.07,24.14,,31.35,41.66,41.16,37.55,46.19,35.82
11/1/1983,37.06,46.01,40.37,24.14,,31.35,41.91,41.65,37.86,46.19,36.29
12/1/1983,37.75,46.25,41.2,24.14,,33.1,42.08,42.13,38.34,47.08,36.61
1/1/1984,38.22,47.95,41.72,24.14,,32.68,42.91,42.76,38.97,47.16,37.39
2/1/1984,38.91,48.6,42.55,24.14,,32.52,43.49,44.3,39.52,47.81,37.86
3/1/1984,39.18,49.57,42.85,24.14,,32.57,43.49,44.72,39.91,47.97,38.25
4/1/1984,39.59,49.17,43.07,26.2,,33.26,43.66,45.14,40.22,47.73,38.72
5/1/1984,39.8,49.17,43.37,26.24,,33.31,44.07,45.35,40.54,48.05,39.04
6/1/1984,40,49.17,43.52,26.24,,33.31,44.32,45.49,40.85,48.38,39.35
7/1/1984,40.14,49.98,43.74,26.2,,33.31,44.49,45.7,41.17,48.7,39.67
8/1/1984,40.28,50.7,43.82,26.24,,33.31,44.74,45.84,41.25,48.7,39.82
9/1/1984,40.41,50.62,44.04,26.2,,33.31,44.82,46.05,41.48,48.78,40.06
10/1/1984,40.69,50.62,44.34,26.2,,33.31,45.15,46.26,41.88,49.51,40.45
11/1/1984,40.89,50.7,44.49,26.2,,33.31,45.32,46.54,42.11,49.35,40.68
12/1/1984,41.03,50.62,44.72,26.2,,33.31,45.48,46.68,42.43,49.35,41.08
1/1/1985,41.99,52.97,45.84,26.24,,35.32,46.23,47.79,42.66,49.51,41.39
2/1/1985,42.46,53.7,46.14,28.21,,36.01,46.98,48.14,42.98,49.83,41.7
3/1/1985,42.6,54.27,46.37,28.21,,36.07,47.14,48.49,43.06,49.92,41.78
4/1/1985,42.81,54.67,46.59,28.25,,36.01,47.39,48.7,43.53,50.24,42.25
5/1/1985,43.08,55.24,46.82,28.25,,36.01,47.89,48.98,43.69,50.56,42.41
6/1/1985,43.08,55.08,46.89,28.25,,36.01,48.06,48.91,43.85,50.4,42.57
7/1/1985,43.22,55,47.04,28.25,,36.12,48.3,48.91,44.08,50.97,42.72
8/1/1985,43.42,55,47.26,28.25,,36.12,48.97,48.91,44.32,51.13,43.04
9/1/1985,43.49,55.16,47.41,28.25,,36.12,49.13,49.05,44.63,51.21,43.35
10/1/1985,43.69,55.81,47.56,28.25,,36.12,49.3,49.47,44.55,50.4,43.51
11/1/1985,43.83,55.81,47.79,28.25,,36.12,49.88,49.47,44.87,50.48,43.82
12/1/1985,43.83,55.81,47.71,28.25,,35.8,50.05,49.47,44.95,50.48,43.9
1/1/1986,43.56,55.81,47.49,28.25,,34.21,50.13,49.26,45.26,50.64,44.21
2/1/1986,43.69,56.05,47.56,28.25,,34.32,50.38,49.33,45.42,51.05,44.37
3/1/1986,43.56,56.21,47.12,31.49,,33.15,50.63,49.33,45.5,50.24,44.6
4/1/1986,43.63,56.21,47.26,31.49,,33.15,50.96,49.4,45.58,50.56,44.68
5/1/1986,43.69,57.75,47.34,31.49,,33.21,51.13,49.33,45.73,50.4,44.92
6/1/1986,43.69,57.75,47.34,31.49,,33.21,51.29,49.26,45.73,50.64,44.92
7/1/1986,43.69,57.99,47.34,31.49,,33.21,51.79,49.19,45.81,50.56,45
8/1/1986,43.35,57.91,46.89,31.49,,30.61,52.12,49.12,45.97,50.81,45.15
9/1/1986,43.42,57.91,46.97,31.49,,30.61,52.2,49.12,46.36,52.1,45.31
10/1/1986,43.49,57.91,47.12,31.49,,30.61,52.29,49.12,46.6,52.35,45.47
11/1/1986,43.22,57.83,46.82,31.45,,29.07,52.54,49.05,46.68,52.51,45.54
12/1/1986,43.35,57.91,46.89,31.4,,29.07,52.87,49.05,46.76,52.51,45.7
1/1/1987,43.42,57.99,47.04,31.4,,29.29,53.37,48.91,46.84,52.67,45.78
2/1/1987,43.42,58.24,46.97,33.14,,29.87,53.78,48.42,46.99,52.83,45.94
3/1/1987,43.56,58.8,47.04,33.14,,29.87,53.86,48.49,47.15,52.99,46.09
4/1/1987,43.69,59.05,47.12,33.14,,29.82,54.53,48.63,47.23,53.32,46.09
5/1/1987,43.76,58.8,47.34,33.14,,29.82,54.61,48.7,47.39,54.05,46.17
6/1/1987,43.83,58.97,47.34,33.14,,29.82,54.69,48.84,47.39,54.05,46.09
7/1/1987,43.97,58.89,47.49,33.14,,29.82,54.94,49.05,47.47,54.05,46.17
8/1/1987,44.11,58.8,47.64,33.14,,29.82,55.28,49.12,47.62,54.78,46.25
9/1/1987,44.04,58.8,47.64,33.14,,29.82,55.36,49.19,47.47,53.8,46.25
10/1/1987,44.17,58.8,47.79,33.14,,29.82,55.44,49.4,47.7,54.05,46.49
11/1/1987,44.24,58.8,47.79,33.14,,29.82,55.52,49.47,47.62,53.56,46.56
12/1/1987,44.38,58.89,47.94,33.14,,29.82,55.61,49.61,47.94,53.97,46.88
1/1/1988,44.52,59.13,48.16,33.23,,30.03,56.02,49.68,48.1,54.05,46.88
2/1/1988,44.65,59.29,48.24,34.64,,30.5,56.35,49.47,48.17,54.05,47.11
3/1/1988,44.72,59.61,48.31,34.64,,30.45,56.6,49.54,48.41,54.05,47.35
4/1/1988,44.99,59.61,48.61,34.64,,30.45,56.85,49.96,48.57,54.86,47.43
5/1/1988,44.86,59.61,48.46,34.64,,29.71,57.02,49.96,48.57,54.45,47.5
6/1/1988,45.06,59.29,48.61,34.6,,29.71,57.35,50.31,48.65,54.94,47.5
7/1/1988,45.27,59.53,48.91,34.6,,29.71,57.77,50.52,48.88,55.51,47.66
8/1/1988,45.34,59.53,48.99,34.6,,29.71,57.77,50.59,49.2,55.51,47.97
9/1/1988,45.47,59.53,49.14,34.6,,29.71,57.85,50.8,49.36,55.51,48.29
10/1/1988,45.61,59.53,49.29,34.6,,29.71,57.85,51.08,49.36,54.78,48.45
11/1/1988,45.81,59.29,49.51,34.6,,29.71,57.93,51.5,49.51,54.78,48.6
12/1/1988,45.88,60.1,49.59,34.6,,29.71,58.01,51.71,49.51,54.7,48.6
1/1/1989,46.22,59.78,49.96,35.83,,30.13,58.35,52.06,49.99,54.62,49.23
2/1/1989,46.57,59.45,50.34,35.83,,30.13,58.84,52.41,50.46,55.02,49.62
3/1/1989,46.7,60.34,50.49,35.83,,30.13,59.09,52.48,50.69,55.51,49.78
4/1/1989,46.77,60.51,50.56,35.83,,30.13,59.26,52.55,50.77,55.51,49.93
5/1/1989,46.84,60.26,50.64,35.83,,30.13,59.43,52.48,51.01,55.51,50.25
6/1/1989,46.91,60.34,50.71,35.83,,30.13,59.51,52.55,51.09,55.83,50.25
7/1/1989,47.18,60.42,51.08,35.83,,31.4,59.76,52.55,51.24,55.99,50.4
8/1/1989,47.32,60.83,51.16,35.87,,31.4,59.76,52.69,51.32,55.91,50.64
9/1/1989,47.39,60.83,51.23,35.87,,31.14,59.92,52.83,51.48,55.91,50.8
10/1/1989,47.46,60.91,51.38,35.87,,31.35,60.17,52.69,51.8,55.99,51.11
11/1/1989,47.52,60.83,51.38,35.87,,31.78,60.26,52.55,51.8,56.07,51.11
12/1/1989,47.52,60.83,51.38,35.87,,31.83,60.34,52.41,51.95,56.8,51.19
1/1/1990,47.8,60.67,51.61,37.65,,32.68,60.84,52.41,52.11,56.8,51.35
2/1/1990,47.93,61.4,51.68,37.65,,32.52,61.33,52.41,52.27,57.53,51.42
3/1/1990,47.8,61.15,51.61,37.65,,31.78,61.42,52.48,52.35,57.61,51.5
4/1/1990,47.8,61.48,51.61,37.65,,31.62,61.5,52.48,52.43,57.05,51.66
5/1/1990,47.93,61.48,51.68,37.65,,31.19,61.75,52.69,52.58,56.97,51.89
6/1/1990,47.8,61.4,51.61,37.65,,31.03,61.83,52.48,52.58,56.72,51.97
7/1/1990,47.73,61.4,51.46,37.65,,30.56,62,52.34,52.66,56.32,52.13
8/1/1990,47.93,61.48,51.76,37.65,,31.62,62.16,52.41,52.66,56.64,52.05
9/1/1990,48.34,61.48,52.21,37.65,,33.47,62.5,52.27,52.74,57.21,52.05
10/1/1990,48.69,61.56,52.58,37.65,,34.58,62.75,52.48,52.82,57.53,52.05
11/1/1990,48.62,61.4,52.51,37.7,,34.58,62.91,52.27,52.74,57.29,52.05
12/1/1990,48.62,61.4,52.58,37.7,,34.53,62.91,52.41,52.82,57.37,52.13
1/1/1991,48.89,61.48,52.73,39.85,,35.75,63.49,52.2,53.06,57.29,52.36
2/1/1991,48.82,61.4,52.58,39.85,,34.79,63.99,51.99,53.37,57.94,52.6
3/1/1991,48.62,62.13,52.36,39.85,,33.1,63.99,51.92,53.68,58.59,52.83
4/1/1991,48.62,62.37,52.36,39.85,,32.94,64.07,51.85,53.84,58.99,52.99
5/1/1991,48.69,62.85,52.43,39.85,,33.05,64.07,51.85,54.08,59.23,53.15
6/1/1991,48.69,63.02,52.43,39.85,,32.99,64.32,51.57,54.31,59.96,53.38
7/1/1991,48.75,62.94,52.51,39.85,,33.15,64.41,51.64,54.39,60.04,53.46
8/1/1991,48.75,62.94,52.58,39.85,,33.26,64.49,51.5,54.47,59.88,53.46
9/1/1991,48.89,62.85,52.66,39.85,,33.26,64.57,51.64,54.55,59.15,53.78
10/1/1991,48.96,61.64,52.73,40.3,,33.42,64.9,51.36,54.94,58.99,54.32
11/1/1991,48.96,61.56,52.73,40.48,,33.79,64.99,51.22,55.02,58.99,54.4
12/1/1991,48.89,61.15,52.66,40.48,,33.47,64.99,51.15,55.1,59.07,54.4
1/1/1992,49.23,62.69,52.96,41.58,,34.11,65.32,51.22,55.57,59.4,55.03
2/1/1992,49.3,63.18,52.96,41.58,,34.11,65.4,51.15,55.73,59.56,55.19
3/1/1992,49.3,63.18,53.03,41.63,,34.11,65.48,51.22,55.73,59.72,55.11
4/1/1992,49.44,63.75,53.11,41.58,,34.21,65.73,51.36,55.81,59.72,55.19
5/1/1992,49.44,64.15,53.11,41.58,,34.26,65.82,51.29,55.73,59.8,55.11
6/1/1992,49.51,63.66,53.18,41.58,,34.32,65.98,51.29,55.81,59.88,55.19
7/1/1992,49.51,63.83,53.18,41.58,,34.48,65.98,51.22,55.81,59.8,55.19
8/1/1992,49.51,63.75,53.18,41.63,,34.32,65.98,51.22,55.81,59.88,55.19
9/1/1992,49.51,63.75,53.26,41.63,,34.21,65.98,51.29,55.97,59.88,55.42
10/1/1992,49.58,63.26,53.26,41.63,,34.48,65.98,51.08,56.2,60.13,55.58
11/1/1992,49.64,63.34,53.41,41.63,,34.79,66.15,51.08,56.2,60.29,55.58
12/1/1992,49.64,63.5,53.41,41.63,,34.74,66.15,51.08,56.36,60.29,55.81
1/1/1993,50.05,65.45,53.71,42.68,,35.32,66.48,51.15,57.07,60.53,56.52
2/1/1993,50.12,65.61,53.86,42.68,,35.22,66.81,51.29,57.07,60.69,56.44
3/1/1993,50.19,65.45,53.93,42.63,,35.32,66.98,51.29,57.15,60.85,56.6
4/1/1993,50.26,65.61,53.93,42.63,,35.32,66.98,51.36,57.23,60.85,56.68
5/1/1993,50.33,65.77,54.08,42.63,,35.43,66.98,51.43,57.38,61.02,56.83
6/1/1993,50.46,65.77,54.23,42.63,,35.43,67.23,51.57,57.54,61.1,56.99
7/1/1993,50.67,65.93,54.46,42.63,,35.48,67.39,51.99,57.78,61.18,57.22
8/1/1993,50.94,66.09,54.76,42.63,,35.96,67.39,52.13,58.17,61.26,57.69
9/1/1993,51.01,65.85,54.91,42.68,,35.8,67.48,52.2,58.33,61.18,57.93
10/1/1993,51.15,65.37,55.05,42.68,,35.8,67.48,52.41,58.49,61.26,58.09
11/1/1993,51.22,65.61,55.13,42.63,,35.91,67.48,52.48,58.72,61.34,58.32
12/1/1993,51.35,65.45,55.2,42.72,,35.8,67.48,52.55,58.96,61.42,58.56
1/1/1994,51.9,66.01,55.8,43.45,,36.38,68.06,53.1,59.59,62.23,59.18
2/1/1994,52.11,65.93,56.03,43.59,,36.59,68.22,53.31,59.82,62.39,59.5
3/1/1994,52.24,66.01,56.18,43.5,,36.54,68.47,53.52,59.98,62.64,59.58
4/1/1994,52.31,66.58,56.25,43.5,,36.44,68.56,53.66,59.98,62.64,59.58
5/1/1994,52.45,66.9,56.48,43.5,,36.59,68.72,54.01,60.06,62.72,59.65
6/1/1994,52.65,66.82,56.7,43.54,,36.75,68.89,54.29,60.14,62.72,59.81
7/1/1994,52.79,67.07,56.85,43.54,,36.75,69.05,54.5,60.38,62.8,59.97
8/1/1994,52.93,66.58,57,43.54,,36.86,69.22,54.78,60.45,62.88,60.13
9/1/1994,53.13,66.74,57.23,43.54,,36.59,69.22,55.13,60.77,63.04,60.44
10/1/1994,53.4,66.82,57.53,43.59,,36.54,69.39,55.69,60.93,63.12,60.6
11/1/1994,53.75,66.9,57.98,43.54,,36.86,69.63,56.32,61.16,63.2,60.91
12/1/1994,54.02,66.82,58.28,43.54,,36.91,69.97,56.95,61.16,63.29,60.91
1/1/1995,54.91,67.47,59.25,44.18,,37.55,70.55,58.35,61.87,64.01,61.54
2/1/1995,55.52,67.8,60,44.32,,37.76,70.88,59.39,62.58,64.42,62.32
3/1/1995,55.93,67.88,60.45,44.36,,37.71,71.21,60.16,62.97,64.83,62.71
4/1/1995,56.14,68.04,60.67,44.36,,37.71,71.46,60.58,63.05,65.07,62.79
5/1/1995,56.28,68.12,60.9,44.36,,37.6,71.63,60.86,63.21,65.23,62.87
6/1/1995,56.35,68.12,60.97,44.27,,37.39,71.79,61,63.29,65.47,62.95
7/1/1995,56.41,68.52,61.05,44.27,,37.12,71.87,61.21,63.45,65.64,63.1
8/1/1995,56.48,68.44,61.12,44.36,,36.97,71.87,61.21,63.6,65.64,63.34
9/1/1995,56.69,68.61,61.35,44.27,,37.07,72.04,61.35,64,65.88,63.73
10/1/1995,56.62,69.01,61.2,44.23,,37.12,72.21,61,64.08,65.88,63.81
11/1/1995,56.48,69.01,61.12,44.23,,37.18,72.21,60.44,64.23,66.04,63.97
12/1/1995,56.41,69.01,61.05,44.36,,37.44,72.29,60.02,64.31,66.04,64.12
1/1/1996,56.96,69.5,61.65,44.27,,37.81,73.04,60.3,65.26,66.28,65.14
2/1/1996,57.1,69.98,61.8,44.32,,38.02,73.37,60.3,65.41,66.53,65.3
3/1/1996,57.03,70.06,61.72,44.32,,38.02,73.53,60.02,65.33,66.85,65.22
4/1/1996,57.1,69.66,61.8,44.32,,38.34,73.53,59.95,65.57,66.85,65.46
5/1/1996,57.17,70.06,61.87,44.32,,38.24,73.62,59.88,65.81,67.01,65.61
6/1/1996,57.03,69.82,61.72,44.41,,37.97,73.87,59.6,65.73,67.01,65.61
7/1/1996,56.96,70.06,61.57,44.41,,37.87,73.95,59.25,65.81,67.18,65.61
8/1/1996,56.96,70.31,61.65,44.41,,37.92,73.95,59.04,65.96,67.18,65.85
9/1/1996,57.1,70.06,61.8,44.41,,38.5,74.03,59.04,66.12,67.18,66
10/1/1996,57.3,70.23,62.02,44.46,,39.51,74.03,59.18,66.12,67.26,65.93
11/1/1996,57.37,70.23,62.1,44.41,,39.93,74.03,59.18,66.12,67.34,65.93
12/1/1996,57.44,70.23,62.17,44.41,,40.09,74.03,59.18,66.2,67.42,66.08
1/1/1997,57.44,69.9,62.32,43.18,,39.51,74.28,59.25,66.2,67.82,66
2/1/1997,57.37,69.58,62.25,43.18,,39.3,74.53,59.32,66.12,67.99,65.85
3/1/1997,57.44,70.47,62.32,43.22,,38.87,74.7,59.46,66.28,68.07,66
4/1/1997,57.51,70.39,62.4,43.22,,38.4,74.7,59.74,66.44,68.07,66.24
5/1/1997,57.51,70.55,62.4,43.22,,38.18,74.61,59.88,66.52,67.99,66.4
6/1/1997,57.51,70.71,62.4,43.22,,38.08,74.53,59.95,66.52,68.07,66.32
7/1/1997,57.64,70.95,62.55,43.22,,38.08,74.53,60.44,66.52,68.07,66.32
8/1/1997,57.85,70.63,62.77,43.36,,38.55,74.53,60.65,66.59,68.07,66.4
9/1/1997,57.99,71.04,62.92,43.36,,38.66,74.53,60.51,67.07,67.99,67.02
10/1/1997,58.05,69.98,62.99,43.36,,38.82,74.78,60.65,66.91,68.23,66.79
11/1/1997,58.05,70.39,62.99,43.41,,39.03,74.78,60.58,66.99,68.23,66.87
12/1/1997,57.92,70.31,62.84,43.41,,38.87,74.78,60.3,66.91,68.23,66.79
1/1/1998,57.78,70.71,62.77,42.08,,37.44,75.03,60.37,66.91,68.39,66.71
2/1/1998,57.64,69.9,62.7,41.85,,36.7,75.11,60.37,66.91,68.71,66.63
3/1/1998,57.58,70.31,62.7,41.72,,36.17,75.28,60.51,66.91,69.04,66.63
4/1/1998,57.58,70.23,62.62,41.67,,36.22,75.28,60.23,66.99,69.36,66.71
5/1/1998,57.51,70.47,62.55,41.58,,36.17,75.36,60.02,67.07,69.61,66.71
6/1/1998,57.44,69.5,62.47,41.58,,35.64,75.36,59.95,67.07,69.61,66.71
7/1/1998,57.37,69.42,62.4,41.49,,35.48,75.36,59.74,67.22,70.25,66.79
8/1/1998,57.23,69.58,62.25,41.49,,35.22,75.36,59.53,67.22,70.25,66.79
9/1/1998,57.1,69.25,62.1,41.49,,35.01,75.36,59.32,67.15,70.25,66.63
10/1/1998,56.96,69.9,61.95,41.49,,35.11,75.36,58.97,66.99,70.25,66.55
11/1/1998,56.82,69.17,61.8,41.72,,34.95,75.44,58.76,66.91,70.34,66.4
12/1/1998,56.76,68.85,61.65,41.85,,34.58,75.36,58.35,67.15,70.34,66.63
1/1/1999,56.69,69.09,61.65,41.12,,34.26,75.44,58.07,67.54,70.5,67.1
2/1/1999,56.82,69.09,61.87,41.12,,34.05,75.61,58,68.09,70.74,67.73
3/1/1999,56.96,69.17,61.95,41.08,,34.26,75.78,58,68.25,70.74,67.89
4/1/1999,57.1,69.09,62.17,40.53,,34.9,75.69,58.14,68.25,71.06,67.81
5/1/1999,57.23,68.93,62.4,40.62,,35.43,75.86,58.35,68.17,71.15,67.73
6/1/1999,57.44,69.09,62.55,40.58,,35.69,75.86,58.62,68.25,71.15,67.89
7/1/1999,57.71,68.93,62.92,40.71,,36.54,75.94,59.11,68.33,71.31,67.89
8/1/1999,58.05,68.44,63.29,40.99,,37.71,75.94,59.46,68.4,71.23,67.96
9/1/1999,58.46,68.12,63.67,41.4,,38.71,75.94,59.74,68.72,71.31,68.36
10/1/1999,58.46,67.88,63.82,41.17,,38.98,76.02,60.02,68.4,71.55,67.89
11/1/1999,58.6,68.2,63.89,41.17,,39.51,76.11,60.3,68.17,71.63,67.65
12/1/1999,58.81,67.55,64.19,41.21,,40.3,76.02,60.51,68.17,71.63,67.65
1/1/2000,59.22,68.28,64.64,41.17,,40.99,76.36,61.07,68.48,71.87,67.96
2/1/2000,59.7,68.12,65.17,41.21,,41.94,76.52,61.56,68.8,71.96,68.36
3/1/2000,60.11,69.01,65.69,41.44,,43.32,76.85,61.91,68.96,72.12,68.51
4/1/2000,60.24,69.25,65.84,41.44,,43.16,76.94,62.4,68.96,72.2,68.43
5/1/2000,60.52,69.17,66.14,41.4,,43.59,76.85,62.89,68.96,72.69,68.36
6/1/2000,60.72,69.33,66.37,41.49,,44.64,76.94,63.17,68.8,72.85,68.2
7/1/2000,60.86,69.42,66.52,41.58,,45.02,76.85,63.24,68.96,73.01,68.36
8/1/2000,60.99,68.85,66.66,41.58,,45.44,76.94,63.45,68.96,73.01,68.36
9/1/2000,61.61,69.66,67.41,41.67,,47.93,77.02,63.8,69.19,73.09,68.59
10/1/2000,61.95,70.31,67.79,41.72,,48.99,77.27,64.01,69.43,73.17,68.83
11/1/2000,61.95,70.63,67.71,41.85,,48.62,77.27,64.07,69.43,73.17,68.83
12/1/2000,61.75,70.71,67.49,41.9,,47.03,77.27,64.07,69.66,73.17,69.22
1/1/2001,61.61,71.93,67.26,41.95,,44.54,77.52,64.21,70.22,73.74,69.69
2/1/2001,61.88,72.74,67.64,41.85,,44.38,77.6,64.49,70.92,74.14,70.47
3/1/2001,62.02,73.14,67.86,41.9,,44.49,77.77,64.49,71.4,74.31,70.94
4/1/2001,62.02,73.22,67.79,42.17,,44.7,77.77,64.28,71.4,74.55,70.94
5/1/2001,62.16,72.98,67.94,42.08,,45.28,77.85,64.35,71.47,74.63,71.02
6/1/2001,62.16,73.14,67.94,42.13,,45.65,77.85,64.14,71.47,74.79,71.02
7/1/2001,62.09,73.55,67.86,42.08,,44.96,77.85,63.94,71.71,74.95,71.26
8/1/2001,61.95,74.11,67.71,42.08,,44.33,77.85,63.8,71.95,75.03,71.49
9/1/2001,62.02,74.11,67.79,41.95,,44.54,78.02,63.8,71.95,74.95,71.49
10/1/2001,61.75,74.28,67.41,41.85,,43.37,78.02,63.45,71.95,75.03,71.49
11/1/2001,61.41,73.87,67.11,41.85,,42.1,78.1,63.17,71.95,75.03,71.49
12/1/2001,61.27,74.44,66.89,41.76,,41.47,78.1,62.89,72.1,75.12,71.65
1/1/2002,61.61,74.92,67.19,42.72,,42.74,78.76,63.59,72.34,75.68,71.88
2/1/2002,61.68,75,67.34,42.68,,42.68,79.01,63.73,72.5,75.85,72.04
3/1/2002,62.02,75,67.71,42.26,,43.11,79.18,63.87,72.81,76.01,72.35
4/1/2002,62.29,75.25,68.16,42.13,,44.01,79.43,64.01,73.13,75.93,72.67
5/1/2002,62.43,75.17,68.24,42.17,,44.11,79.43,64.14,73.13,76.01,72.67
6/1/2002,62.23,75.98,68.01,42.13,,43.43,79.43,64.28,72.97,76.09,72.51
7/1/2002,62.23,75.65,68.01,42.13,,43.27,79.43,64.28,73.05,76.17,72.59
8/1/2002,62.36,75.33,68.16,42.54,,43.74,79.43,64.21,73.21,76.25,72.75
9/1/2002,62.57,75,68.39,42.58,,44.54,79.43,64.14,73.36,76.25,72.9
10/1/2002,62.7,74.36,68.46,43.09,,45.17,79.43,64.07,73.29,76.25,72.82
11/1/2002,62.36,74.03,68.01,43.13,,44.01,79.43,64.01,73.13,76.49,72.67
12/1/2002,62.43,73.87,68.09,43.13,,44.22,79.51,64.01,73.13,76.49,72.67
1/1/2003,63.11,74.68,68.84,43.63,,45.81,79.84,64.35,73.6,76.66,73.14
2/1/2003,63.39,75.33,69.21,43.54,,46.34,80.01,64.63,73.92,76.98,73.53
3/1/2003,63.73,75,69.66,43.54,,47.13,80.09,64.7,74.31,77.14,73.84
4/1/2003,63.18,75.25,68.99,43.41,,44.59,80.17,64.77,74.15,77.38,73.69
5/1/2003,62.84,75.73,68.61,43.36,,43.21,80.34,64.77,74.31,77.38,73.84
6/1/2003,62.77,75.57,68.54,43.36,,43.16,80.42,64.49,74.39,77.47,73.92
7/1/2003,62.91,74.6,68.76,42.86,,43.37,80.26,64.28,75.02,77.47,74.63
8/1/2003,63.05,75,68.91,42.86,,43.8,80.26,64.21,75.17,77.55,74.86
9/1/2003,63.11,75.17,68.99,42.86,,43.53,80.42,64.35,75.41,77.63,75.1
10/1/2003,63.11,74.84,68.99,42.9,,43.64,80.42,64.49,75.17,77.63,74.78
11/1/2003,63.18,74.52,69.06,42.9,,43.8,80.59,64.56,75.1,78.03,74.63
12/1/2003,63.11,74.28,68.99,42.95,,43.64,80.59,64.63,74.94,78.03,74.47
1/1/2004,63.52,76.14,69.36,43.41,,44.22,80.84,65.19,75.1,78.28,74.71
2/1/2004,63.87,76.46,69.81,43.22,,43.96,81.09,65.89,75.57,78.84,75.1
3/1/2004,64.35,76.79,70.41,43.22,,44.59,81.17,66.45,76.2,79.09,75.72
4/1/2004,64.82,77.35,71.01,43.13,,45.12,81.25,67.15,76.43,79.17,76.04
5/1/2004,65.23,77.52,71.53,42.99,,46.13,81.25,67.5,76.75,79.01,76.43
6/1/2004,65.23,77.76,71.53,42.99,,46.02,81.42,67.5,76.91,79.17,76.59
7/1/2004,65.51,78.08,71.83,42.95,,46.34,81.59,67.64,77.14,79.33,76.82
8/1/2004,65.78,77.6,72.13,43.5,,47.56,81.67,67.78,76.99,79.41,76.67
9/1/2004,66.05,77.52,72.43,43.59,,48.14,81.67,68.06,76.99,79.49,76.67
10/1/2004,66.47,78.16,72.88,43.59,,49.57,81.75,68.41,76.91,79.57,76.59
11/1/2004,66.4,78.73,72.73,44.04,,49.15,81.75,68.55,76.91,79.65,76.51
12/1/2004,66.19,78.65,72.58,44.04,,48.14,81.83,68.55,77.06,79.73,76.74
1/1/2005,66.6,79.86,72.88,44.55,,47.93,82.33,69.04,77.69,80.3,77.37
2/1/2005,67.01,80.35,73.41,44.55,,48.67,82.66,69.53,78.01,80.46,77.68
3/1/2005,67.49,80.59,74.01,44.59,,50.26,82.75,69.6,78.32,80.79,77.92
4/1/2005,67.9,80.51,74.53,44.77,,51.48,82.83,69.66,78.56,80.87,78.31
5/1/2005,67.83,80.51,74.38,45,,51.16,82.91,69.73,78.64,81.03,78.31
6/1/2005,68.04,81.16,74.6,45,,52.06,83.08,69.53,78.56,81.11,78.23
7/1/2005,68.38,81.97,75.05,45.05,,53.44,83,69.66,78.64,81.19,78.31
8/1/2005,68.86,81.4,75.5,46.01,,55.13,83.08,69.73,78.95,81.19,78.55
9/1/2005,69.41,81.4,76.1,46.05,,56.56,83.08,70.22,79.03,81.19,78.78
10/1/2005,69.68,81.65,76.4,46.19,,56.88,83.25,70.43,79.27,81.36,79.02
11/1/2005,69.61,81.73,76.03,47.92,,56.3,83.33,70.71,79.19,81.44,78.94
12/1/2005,69.61,80.92,76.03,47.88,,55.66,83.49,70.78,79.58,81.44,79.41
1/1/2006,70.64,83.67,76.93,49.07,,56.72,84.32,71.69,80.68,81.92,80.51
2/1/2006,71.18,83.83,77.68,49.07,,57.35,84.82,72.25,81.24,82.49,81.05
3/1/2006,71.39,83.75,77.9,49.07,,57.41,84.99,72.81,81.16,82.73,80.9
4/1/2006,71.8,83.83,78.42,49.07,,58.25,85.24,73.3,81.16,82.89,80.9
5/1/2006,72.28,84.08,79.02,49.07,,58.89,85.49,74.07,81.31,83.3,81.05
6/1/2006,72.41,84.4,79.17,49.07,,58.47,85.65,74.42,81.47,83.14,81.21
7/1/2006,72.82,84.08,79.55,49.84,,59.58,85.74,74.77,81.63,83.3,81.37
8/1/2006,72.89,84.48,79.62,49.84,,59.58,85.82,74.91,81.55,83.3,81.37
9/1/2006,72.48,84.48,79.1,49.84,,57.99,85.82,75.12,81.39,83.46,81.05
10/1/2006,72.28,84.32,78.8,49.84,,56.67,85.98,75.6,81.16,83.3,80.9
11/1/2006,72.21,84.48,78.72,49.84,,56.24,86.07,75.67,81.16,83.46,80.82
12/1/2006,72.28,85.05,78.8,49.89,,56.24,86.23,75.74,81.16,83.62,80.82
1/1/2007,72.82,87.07,79.1,51.8,73.87,56.82,87.31,76.44,81.47,84.6,81.05
2/1/2007,73.23,88.21,79.55,51.8,73.94,56.72,87.73,77.28,81.87,84.92,81.45
3/1/2007,73.71,88.21,80.15,51.8,73.87,57.3,88.06,77.77,82.26,85.41,81.76
4/1/2007,74.12,88.13,80.75,51.48,74,57.72,88.14,78.33,82.65,85.57,82.23
5/1/2007,74.47,88.21,81.12,51.48,73.94,58.2,88.39,78.75,82.73,85.81,82.31
6/1/2007,74.6,88.37,81.27,51.48,73.94,58.41,88.47,78.89,82.81,85.97,82.31
7/1/2007,74.74,89.26,81.5,51.89,73.94,58.84,88.56,78.96,82.97,86.06,82.54
8/1/2007,74.88,88.77,81.57,51.89,74.07,58.68,88.64,79.03,83.28,86.3,82.94
9/1/2007,75.08,88.77,81.87,51.89,74.14,58.94,88.81,79.17,83.75,86.3,83.33
10/1/2007,75.63,89.58,82.47,52.21,74.28,59.84,88.89,79.45,84.54,86.62,84.27
11/1/2007,76.11,89.83,83.14,52.21,74.28,61.33,88.97,79.52,84.7,86.78,84.43
12/1/2007,76.38,89.18,83.44,52.21,74.49,61.96,88.97,79.52,85.09,87.03,84.82
1/1/2008,77.41,92.01,84.27,54.04,76.36,63.13,89.8,80.64,85.88,87.59,85.68
2/1/2008,77.88,92.66,84.87,54.04,76.92,62.97,90.05,81.82,86.43,88.32,86.15
3/1/2008,78.57,92.9,85.69,54.04,77.06,64.4,90.22,82.38,86.67,88.73,86.39
4/1/2008,79.05,93.39,86.29,54.27,77.33,65.4,90.38,82.87,86.9,88.81,86.7
5/1/2008,80,94.04,87.49,54.27,77.33,68.32,90.47,83.36,86.98,88.81,86.78
6/1/2008,80.89,94.12,88.61,54.27,77.54,70.75,90.55,83.78,87.14,89.05,86.93
7/1/2008,82.33,94.36,89.29,59.61,77.89,74.94,90.8,84.69,87.22,89.05,86.93
8/1/2008,81.78,94.36,88.54,59.61,78.03,72.29,90.88,85.04,87.3,89.13,87.01
9/1/2008,81.3,94.2,87.94,59.33,78.1,70.7,90.96,84.83,87.22,89.3,86.86
10/1/2008,80.28,93.55,86.36,61.02,78.3,68.74,91.05,83.64,86.9,89.46,86.54
11/1/2008,78.29,94.28,83.82,60.93,78.37,63.97,91.05,81.82,86.59,89.54,86.15
12/1/2008,76.65,94.28,81.65,61.25,78.44,59.84,91.05,80.29,86.43,89.54,85.99
1/1/2009,77,94.2,81.42,63.94,80.87,61.75,91.54,79.31,86.67,90.11,86.23
2/1/2009,77,94.44,81.35,64.04,81.08,61.75,91.46,79.17,86.75,90.27,86.31
3/1/2009,76.59,94.77,80.82,64.22,81.56,61.17,91.38,78.82,86.35,90.11,85.84
4/1/2009,76.38,94.85,80.97,62.26,82.05,60.96,91.46,78.33,86.19,90.03,85.68
5/1/2009,76.45,95.5,81.05,62.12,82.26,61.64,91.46,78.12,86.04,89.7,85.44
6/1/2009,76.93,95.09,81.65,62.44,82.26,63.6,91.38,77.98,86.04,89.86,85.44
7/1/2009,76.79,94.85,81.42,62.62,82.33,62.97,91.3,78.12,86.12,89.78,85.68
8/1/2009,77.27,94.28,82.17,61.75,82.19,63.97,91.13,78.47,86.51,89.86,86.07
9/1/2009,76.93,94.52,81.87,61.39,82.19,62.6,91.3,78.4,86.59,89.7,86.15
10/1/2009,76.86,94.28,81.87,61.16,82.26,62.97,91.21,78.33,86.27,89.54,85.84
11/1/2009,76.86,94.12,81.87,61.07,82.4,63.5,91.21,78.05,86.04,89.62,85.52
12/1/2009,76.93,94.69,81.8,61.43,82.6,63.6,91.13,78.12,85.96,89.62,85.44
1/1/2010,77.68,95.42,82.54,62.53,83.71,65.67,91.3,78.61,86.19,89.94,85.6
2/1/2010,77.84,94.91,82.72,62.68,83.74,65.78,91.51,78.9,86.26,90.14,85.64
3/1/2010,78.52,94.86,83.59,62.72,83.82,67.43,91.52,79.41,86.37,90.03,85.79
4/1/2010,79.51,94.75,84.76,63.14,83.94,69.29,91.55,80.83,86.43,90.15,85.84
5/1/2010,79.74,94.38,85.12,62.89,84.57,69.49,91.47,81.54,86.34,90.35,85.7
6/1/2010,79.81,94.38,85.12,63.22,84.47,69.52,91.66,81.65,86.32,90.43,85.67
7/1/2010,79.73,94.47,84.72,64.46,84.43,69.47,91.67,81.41,86.34,90.36,85.71
8/1/2010,79.95,94.4,85.08,64.13,84.39,68.95,91.77,82.27,86.75,90.37,86.18
9/1/2010,80.11,95.22,85.45,63.44,84.5,68.82,91.92,82.73,86.93,90.46,86.37
10/1/2010,80.41,94.72,85.52,64.71,84.64,69.54,91.86,82.85,87.1,90.51,86.56
11/1/2010,80.85,95.73,86.09,64.65,84.79,70.35,91.96,83.41,87.18,90.63,86.63
12/1/2010,81.79,96.82,87.2,65.03,84.8,72.43,91.98,84.11,87.58,90.56,87.09
1/1/2011,83.37,96.65,88.39,68.46,85.82,75.9,92.23,85.68,87.98,90.83,87.51
2/1/2011,84.18,96.78,89.41,68.56,85.97,76.96,92.29,86.96,88.45,90.93,88.04
3/1/2011,84.84,96.37,90.26,68.54,86.53,78.74,92.39,87.36,88.58,90.96,88.18
4/1/2011,85.31,95.98,90.82,68.74,86.73,79.6,92.5,87.83,88.84,91.07,88.46
5/1/2011,85.1,96.36,90.51,68.89,86.86,78.49,92.51,88.07,88.94,91.16,88.56
6/1/2011,85.13,95.83,90.56,68.83,86.87,78.59,92.59,87.99,88.99,91.12,88.62
7/1/2011,85.79,95.96,90.84,71.15,86.92,80.57,92.71,88.09,89.18,91.25,88.83
8/1/2011,85.46,96.84,90.5,70.75,86.74,79.36,92.79,87.94,89.33,91.36,88.99
9/1/2011,85.62,96.41,90.73,70.7,86.68,80.18,92.73,87.72,89.34,91.45,88.98
10/1/2011,85.75,96.71,90.61,71.87,86.61,80.97,92.84,87.38,89.31,91.45,88.95
11/1/2011,85.86,97.05,90.74,71.88,86.73,81.69,92.78,86.95,89.46,91.59,89.09
12/1/2011,85.87,96.48,90.54,72.74,87.1,82.13,92.64,86.59,89.48,91.65,89.11
1/1/2012,87.39,96.47,91.38,77.24,88.73,86.65,92.89,87.13,89.67,91.73,89.32
2/1/2012,88.04,97.79,91.98,78.1,89.01,87.96,92.95,87.85,89.86,91.82,89.51
3/1/2012,88.64,97.26,92.85,77.71,89.67,89.32,92.91,88.39,90.07,91.77,89.77
4/1/2012,88.04,97.52,93.01,73.92,89.4,86.44,92.93,88.8,90.4,91.87,90.14
5/1/2012,87.97,97.33,92.51,75.54,89.48,85.88,92.93,88.94,90.55,91.95,90.29
6/1/2012,87.41,97.79,91.69,75.95,89.9,84.27,93.16,88.52,90.56,91.88,90.31
7/1/2012,88.28,97.58,92.33,77.91,90.08,86.81,93.16,88.4,91.18,92.12,90.99
8/1/2012,89.37,97.23,93.55,78.7,90,89.65,93.14,88.84,91.74,92.14,91.62
9/1/2012,89.3,97.62,93.99,76.52,90.02,88.27,93.2,89.15,92.5,92.31,92.47
10/1/2012,89.12,97.11,93.73,76.61,90.21,87.75,93.09,89.05,92.52,92.22,92.5
11/1/2012,88.65,97.17,93.18,76.32,91.24,86.28,93.13,88.91,92.48,92.23,92.46
12/1/2012,88.67,96.7,92.85,77.76,91.54,86.03,93.17,89.06,92.61,92.24,92.6
1/1/2013,89.72,97.14,93.35,81.12,92.62,89.13,93.12,89.3,93.09,92.26,93.12
2/1/2013,89.93,98.56,93.92,79.89,92.6,89.62,93.17,89.43,93.2,92.3,93.24
3/1/2013,88.59,97.78,93.57,74.32,93.61,84.84,93.17,89.31,93.26,92.25,93.31
4/1/2013,87.52,97.78,92.81,71.72,94.87,81.5,93.26,88.85,93.19,92.19,93.24
5/1/2013,88.54,97.82,92.65,77.6,95.31,85.63,92.96,88.6,93.15,92.16,93.2
6/1/2013,88.57,97.14,92.47,78.47,95.4,86.04,92.72,88.25,93.33,92.1,93.4
7/1/2013,89.38,97.53,92.74,81.55,95.29,89.28,92.94,87.87,93.32,92.17,93.38
8/1/2013,89.28,97.05,92.79,80.89,95.28,89.07,93.11,87.64,93.35,92.14,93.42
9/1/2013,89.43,97.07,92.72,81.96,95.34,89.73,92.98,87.53,93.41,92.02,93.49
10/1/2013,88.97,97.89,92.15,81.79,95.37,88.75,92.94,87.26,93.03,92.02,93.08
11/1/2013,88.21,98.08,91.87,78.98,95.35,86.4,92.82,87.13,92.85,91.93,92.89
12/1/2013,89.21,97.84,91.79,84.45,95.68,90.42,92.8,86.99,92.59,92.05,92.59
1/1/2014,88,97.69,91.75,77.93,96.26,85.7,93.02,87.13,92.5,92.24,92.48
2/1/2014,87.12,97.61,91.66,73.43,96.65,82.84,92.88,86.91,92.36,92.35,92.33
3/1/2014,87.25,97.65,91.53,74.57,98.11,83.36,93.12,86.73,92.4,92.56,92.35
4/1/2014,87.36,97.68,91.69,74.53,97.53,83.49,93.11,86.88,92.53,92.47,92.5
5/1/2014,88.1,98.05,91.75,78.35,97.5,86.05,93.15,86.89,92.69,92.57,92.66
6/1/2014,88.85,97.81,91.98,81.52,97.4,88.74,93.1,87.03,92.69,92.65,92.65
7/1/2014,88.9,98.66,92,81.67,97.2,88.66,93.29,87.03,92.86,92.67,92.83
8/1/2014,88.13,98.11,91.87,78.03,97.09,85.74,93.31,86.84,93.1,92.66,93.1
9/1/2014,88.63,97.72,91.86,80.81,97.23,87.59,93.5,86.9,92.95,92.77,92.92
10/1/2014,87.9,97.79,91.23,79.53,97.34,85.21,93.38,86.83,92.76,92.83,92.72
11/1/2014,86.89,97.81,90.68,76.29,97.52,81.69,93.29,86.58,92.8,92.78,92.76
12/1/2014,85.97,97.16,89.33,77.07,97.73,78.37,93.4,86.29,92.94,92.8,92.91
1/1/2015,85.56,97.56,88.34,78.9,98.02,76.77,93.59,86.04,93.3,92.64,93.32
2/1/2015,85.76,97.99,89.44,75.48,97.99,77.54,93.61,85.91,93.39,92.64,93.41
3/1/2015,86.15,97.49,90.08,74.92,98.31,78.25,93.59,86.4,93.52,92.72,93.55
4/1/2015,86.55,97.48,90.57,75.03,98.29,79,93.67,86.89,93.62,92.79,93.65
5/1/2015,86.85,97.92,91.06,74.58,98.18,79.62,93.96,87.07,93.72,92.76,93.76
6/1/2015,87.63,97.41,91,78.97,98.21,82.2,94.03,87.13,93.77,92.64,93.83
7/1/2015,87.72,97.09,90.6,81.06,98.21,82.41,94.1,86.93,94.04,92.78,94.11
8/1/2015,86.2,97.01,89.56,77.32,98.34,77.28,94.14,86.53,94.34,92.94,94.42
9/1/2015,85.42,97.08,88.99,75.52,98.24,75.06,94.38,86.08,94.19,92.93,94.25
10/1/2015,84.77,96.85,88.43,74.42,98.42,73.78,94.16,85.57,93.84,92.99,93.88
11/1/2015,84.64,96.31,88.17,74.82,98.55,74.05,94.2,85.05,93.63,93.08,93.64
12/1/2015,84.06,96.22,87.18,75.78,98.62,72.24,94.21,84.89,93.57,93.1,93.57
1/1/2016,81.93,95.99,86.24,68.32,99.02,65.24,94.3,84.54,93.71,93.47,93.69
2/1/2016,81.04,96.67,85.72,65.67,98.99,62.86,94.32,84.04,93.56,93.58,93.52
3/1/2016,81.49,96.75,86.51,64.81,99.06,64.43,94.2,84.09,93.51,93.65,93.45
4/1/2016,81.37,95.38,86.95,62.39,99.35,63.62,94.3,84.39,93.57,93.71,93.52
5/1/2016,82.02,95.18,87.73,62.62,99.42,65.27,94.37,84.87,93.6,93.86,93.54
6/1/2016,83.67,95.12,88.57,67.94,99.31,70.14,94.46,85.18,93.99,93.95,93.95
7/1/2016,83.68,95.54,88.31,69.06,99.19,69.66,94.63,85.47,94.18,94.09,94.15
8/1/2016,83.46,95.6,88.19,68.44,98.61,69.17,94.61,85.27,94.12,94.07,94.09
9/1/2016,83.73,95.57,88.25,69.65,98.26,70.32,94.55,85.1,94.06,94.09,94.02
10/1/2016,84.99,95.07,88.96,73.44,98.15,74.34,94.87,85.01,94.25,94.14,94.22
11/1/2016,85.14,95.15,88.85,74.68,98.25,74.2,94.8,85.59,94.37,94.12,94.35
12/1/2016,86.5,95.49,89.99,77.16,98.35,78.26,94.76,85.86,94.67,94.12,94.68
1/1/2017,88.1,95.88,90.94,81.76,98.5,82.6,95.08,86.76,95.04,93.77,95.11
2/1/2017,87.05,95.53,91.3,74.7,98.68,77.72,95.16,87.41,95.32,93.74,95.42
3/1/2017,86.19,95.74,91.19,70.58,98.69,73.9,95.34,87.79,95.46,93.9,95.56
4/1/2017,86.27,96.01,91.18,71.03,98.66,73.82,95.31,87.84,95.78,94.05,95.89
5/1/2017,86.33,96.23,91.09,71.75,98.54,73.91,95.33,87.75,96.03,93.92,96.17
6/1/2017,86.32,96.53,90.63,73.55,98.4,74.06,95.42,87.56,96,93.99,96.13
7/1/2017,86.23,96.37,90.67,72.95,98.2,73.68,95.35,87.64,96.02,93.99,96.15
8/1/2017,86.18,96.21,90.9,71.75,98.31,73.39,95.41,87.73,95.99,94.06,96.12
9/1/2017,86.69,96.21,91.33,72.7,98.23,74.9,95.42,88.09,95.94,94.17,96.05
10/1/2017,87.37,95.99,91.56,75.33,98.2,77.26,95.35,88.37,95.77,94.15,95.87
11/1/2017,87.82,96.26,91.89,76.33,98.27,78.88,95.5,88.43,95.63,94.16,95.72
12/1/2017,87.99,96.11,92.11,76.36,98.41,79.14,95.51,88.75,95.67,94.29,95.75
1/1/2018,88.13,96.65,92.81,74.84,98.74,78.93,95.87,89.15,95.88,94.41,95.97
2/1/2018,88.14,96.96,92.36,76.17,98.98,78.6,95.88,89.56,95.91,94.72,95.97
3/1/2018,87.25,97.22,92.51,72.12,99.07,75.84,96.17,89.68,95.91,94.89,95.96
4/1/2018,87.85,97.2,93.28,72.3,99.18,77.47,96.14,89.85,95.89,94.96,95.94
5/1/2018,88.97,97.31,93.96,74.82,98.93,80.8,96.17,90.03,95.55,95.2,95.57
6/1/2018,89.81,97.07,94.16,77.62,98.96,82.89,96.15,90.51,95.51,95.19,95.53
7/1/2018,90.25,97.21,94.01,79.83,98.84,84.24,96.24,90.38,95.5,95.07,95.53
8/1/2018,90.62,96.99,94.09,81.07,98.71,85.32,96.18,90.38,95.5,95.13,95.52
9/1/2018,91.33,96.78,94.29,83.32,98.68,87.45,96.29,90.45,95.27,95.03,95.29
10/1/2018,91.37,97.24,94.8,81.98,98.88,87.4,96.38,90.67,95.21,95.09,95.22
11/1/2018,90.4,97.38,93.99,80.46,98.94,84.81,96.34,90.52,95.13,95.14,95.13
12/1/2018,89.49,97.45,92.56,81.02,99.03,82.62,96.37,89.98,95.12,95.23,95.11
1/1/2019,89.63,97.57,92.44,81.92,99.11,82.81,96.79,90.03,95.14,95.63,95.11
2/1/2019,89.63,98.01,93.16,79.72,99.13,82.7,96.76,90.3,95.03,95.79,94.99
3/1/2019,89.37,97.6,93.76,76.8,99.12,81.68,96.92,90.44,95.15,95.97,95.1
4/1/2019,89.97,97.66,94.42,77.31,99.16,82.99,96.98,90.65,95.47,95.96,95.45
5/1/2019,90.01,97.75,94.66,76.75,98.96,83.21,97.07,90.38,95.6,96.13,95.57
6/1/2019,89.05,97.54,93.56,76.1,98.89,80.39,97.21,90.19,95.76,96.21,95.73
7/1/2019,89.66,97.92,93.82,77.82,98.85,82.25,97.27,89.88,95.94,96.32,95.91
8/1/2019,88.26,98.21,92.7,75.41,98.85,78.45,97.21,89.62,95.89,96.42,95.86
9/1/2019,88.33,98.02,93.43,73.51,98.88,78.72,97.29,89.46,95.95,96.53,95.92
10/1/2019,88.78,97.88,93.4,75.48,98.86,80.21,97.28,89.12,96.06,96.58,96.04
11/1/2019,88.27,97.94,93.3,73.67,98.92,78.84,97.3,88.83,96.22,96.52,96.2
12/1/2019,87.94,97.8,93.52,71.59,99.01,77.61,97.43,88.74,96.59,96.61,96.59
1/1/2020,88.77,99.06,94.02,73.37,99.15,79.2,97.73,89.19,97.04,96.96,97.04
2/1/2020,87.62,99,93.38,70.74,99.29,75.96,97.74,89,97.24,97.11,97.25
3/1/2020,84.97,99.13,91.12,66.89,99.31,69.1,97.7,88.28,97.25,97.26,97.25
4/1/2020,82.41,99.23,89.19,62.46,99.63,62.42,97.73,87.73,97.12,97.4,97.1
5/1/2020,82.1,99.36,88.64,62.78,99.75,62.23,97.88,87.47,96.38,97.45,96.32
6/1/2020,83.77,98.8,89.52,66.64,99.65,66.98,97.95,87.47,96.23,97.38,96.16
7/1/2020,85.29,99.08,90.43,69.92,99.5,70.84,98.05,87.85,96.34,97.53,96.27
8/1/2020,85.14,99.18,90.47,69.25,99.56,70.41,98.04,87.81,96.41,97.64,96.34
9/1/2020,85.45,98.96,90.17,71.21,99.6,70.99,98.14,88.01,96.56,97.67,96.49
10/1/2020,85.05,99.1,90.4,69.08,99.71,69.38,98.21,88.21,96.98,97.67,96.95
11/1/2020,85.85,99.43,90.73,71.19,99.8,71.02,98.25,88.83,97.15,97.95,97.11
12/1/2020,86.66,99.19,91.68,71.7,99.94,72.57,98.21,89.87,97.09,97.83,97.05
1/1/2021,89.62,99.45,93.18,78.92,100.13,79.35,98.56,91.36,97.62,98.15,97.59
2/1/2021,88.1,99.69,94.85,68.37,100.23,73.12,98.92,93.1,98.2,98.38,98.18
3/1/2021,90.41,99.89,96.61,72.36,100.15,77.7,98.94,94.93,98.94,98.64,98.96
4/1/2021,93.12,99.67,97.53,80.27,100.17,83.46,99.33,96.58,99.7,99.16,99.73
5/1/2021,94.59,99.63,99.04,81.76,99.93,85.48,99.66,98.6,100.38,99.57,100.43
6/1/2021,96.7,100.27,99.7,88.08,99.9,90.87,99.92,99.41,100.26,99.85,100.28
7/1/2021,98.59,99.88,100.79,92.36,99.81,95.07,100.22,100.89,100.18,100.13,100.19
8/1/2021,100.38,99.87,100.84,99.12,99.7,99.41,100.37,101.92,100.07,100.38,100.05
9/1/2021,105.78,99.96,101.89,117.09,99.84,113.81,100.61,102.82,100.39,100.81,100.36
10/1/2021,112.08,100.24,104.09,135.29,99.95,129.67,100.91,105.01,100.82,101.14,100.8
11/1/2021,113.5,100.59,105.68,136.29,100.04,131.61,101.27,107.01,101.39,101.82,101.36
12/1/2021,117.15,100.86,105.8,150.08,100.15,140.46,101.29,108.38,102.06,101.95,102.07
1/1/2022,121.93,103.55,108.26,165.86,100.81,152.79,102.69,111.29,103.66,103.65,103.66
2/1/2022,124.55,104.89,110.78,168.69,100.85,158.9,103.46,113.41,104.51,105.14,104.47
3/1/2022,132.88,104.59,116.81,187.68,101.02,183.78,103.95,116.5,107.36,105.94,107.44
4/1/2022,134.58,106.81,120.18,180.84,100.9,181.11,104.93,121.46,109.47,106.33,109.65
5/1/2022,135.85,107.4,122.22,178.19,100.8,182.66,105.3,123.34,110.19,107.06,110.36
6/1/2022,138.85,107.85,125.13,181.31,100.68,193.13,105.84,123.74,110.53,107.75,110.69
7/1/2022,139.64,108.6,123.74,192.85,100.72,195.97,106.05,122.91,111.48,107.93,111.68
8/1/2022,143.47,108.73,121.89,224.66,100.96,210.36,106.16,122.43,112.4,108.13,112.64
9/1/2022,143.41,109.9,121.81,224.65,101.19,209.63,106.27,121.89,113.3,108.67,113.55
10/1/2022,140.06,110.11,123.48,196.5,101.58,194.95,106.45,121.63,114.77,109.07,115.09
11/1/2022,136.79,110.11,122.56,181.86,101.53,181.48,106.62,121.22,115.69,108.97,116.07
12/1/2022,134.56,110.17,120.16,180.64,101.58,173.12,106.87,119.92,116.6,109.08,117.02
1/1/2023,131.47,112.01,121.76,155.85,102.08,156.72,107.8,120.91,119.14,109.61,119.67
2/1/2023,134.47,114.07,121.55,173.52,102.39,166.92,108.16,120.87,120.07,109.93,120.64
3/1/2023,131.06,114.69,121.51,154.69,102.42,153.07,108.35,120.56,121.06,110.3,121.66
4/1/2023,128.55,114.65,120.66,144.57,102.54,144.23,108.73,119.58,121.27,110.37,121.88
5/1/2023,126.66,114.62,119.32,140.26,102.78,137.75,109.14,118.4,121.69,110.52,122.32
6/1/2023,127.81,114.92,119.27,146.91,102.86,143.39,109.03,117.2,121.91,110.65,122.54
7/1/2023,127.57,115.5,119.42,144.86,102.71,143.51,108.73,115.78,122.64,110.85,123.3
8/1/2023,129.2,115.71,121.21,145.65,102.7,149.25,108.75,115.37,123.45,110.97,124.15
9/1/2023,131.2,115.61,122.45,151.02,102.93,156.32,108.8,115.4,123.82,110.9,124.55
10/1/2023,129.31,114.74,121.63,144.26,102.98,149.24,109.26,114.97,123.95,110.89,124.68
11/1/2023,126.46,114.4,120.55,133.42,102.98,138.83,109.33,114.53,124.02,110.62,124.77
12/1/2023,126.12,114.55,119.68,135.55,102.98,137.41,109.81,114.05,124.41,110.69,125.18
1/1/2024,126.33,114.76,120.28,134.23,103.53,136.64,110.69,114.08,125.5,110.48,126.36
2/1/2024,123.01,115.76,121.3,114.61,103.51,125.08,110.86,114.39,125.45,110.87,126.28
3/1/2024,120.27,116.42,121.42,101.13,103.91,115.22,110.85,114.71,125.78,111.11,126.62
4/1/2024,119.92,116.36,121.56,98.93,104.15,114.37,110.87,114.83,125.32,110.83,126.14
5/1/2024,121,116.26,120.91,106.45,104.35,117.51,110.99,114.72,125.88,110.86,126.73
6/1/2024,123.7,116.61,120.8,119.65,104.71,126.4,111,114.79,126.03,110.94,126.89
7/1/2024,125.58,115.9,120.79,128.59,105.16,133.25,111.09,114.49,125.76,110.75,126.61
8/1/2024,127.38,115.81,119.84,140.64,105.52,140.03,111.2,114.02,125.46,110.89,126.29
9/1/2024,124.37,115.53,118.76,130.39,106.13,129.98,111.27,113.74,125.62,110.82,126.46
10/1/2024,124.33,115.98,119.02,129.23,106.1,130,111.24,113.54,125.72,110.99,126.55
11/1/2024,127.92,115.97,118.69,147.48,106.05,143.15,111.37,113.47,124.61,111.01,125.37
12/1/2024,129.06,116.11,118.51,153.52,106.08,147.86,111.64,113.55,123.44,111.23,124.11
1/1/2025,129.57,117.72,119.77,150.63,107.4,148.13,112.34,114.22,123.86,111.1,124.57
2/1/2025,131.24,119.8,120.08,157.89,107.55,153.14,112.45,115.04,123.8,111.61,124.47
3/1/2025,125.82,121.04,119.36,132.55,108.13,133.43,112.78,115.36,123.77,112.48,124.38
4/1/2025,121.85,120.97,118.35,116.05,108.48,119.59,112.85,114.97,123.91,112.42,124.54
5/1/2025,120.9,120.97,118.07,112.25,108.52,116.83,112.99,114.35,123.91,112.54,124.53
6/1/2025,124.89,121.01,118.34,131.97,108.63,131.44,112.94,113.96,123.91,112.63,124.53
7/1/2025,126.05,121.07,119,135.16,109.04,135.72,113.15,113.59,124.06,112.61,124.68
8/1/2025,125.3,120.93,118.55,133.23,108.93,133.06,113.07,113.41,124.3,112.72,124.94
9/1/2025,124.67,121.32,118.79,128.83,109.29,130.41,113.29,113.22,124.81,112.74,125.47
10/1/2025,125.34,121.42,118.55,133.33,109.26,132.75,113.54,112.94,125.01,112.9,125.67
11/1/2025,124.77,121.48,119.27,127.26,109.47,130.27,113.7,113.22,125.06,112.83,125.73
12/1/2025,125.23,121.32,118.42,133.3,109.61,131.75,113.85,113.46,124.9,112.98,125.56
1/1/2026,125.89,123.08,118.97,134.24,110.04,132.4,114.56,114.48,125.07,114.5,125.64
2/1/2026,122.13,124.44,119.81,113.53,110.31,119.26,114.73,115.12,125.22,114.58,125.79
3/1/2026,130.04,124.61,126.27,126.6,110.2,143.91,114.83,116.26,125.3,114.96,125.85
