fecha,año,mes,ed_activo_total,ed_activo_creditos_esp,ed_activo_credito_sector_publico,ed_activo_credito_sector_privado,ed_activo_creditos_resto_mundo,ed_activo_renta_fija_esp,ed_activo_renta_fija_resto_mundo,ed_activo_acciones_esp,ed_activo_acciones_resto_mundo,ed_activo_efectivo,ed_activo_otros_residual,credito_privado_share,crecimiento_credito_yoy
1976-07-01,1976,9,489061.72923047247,72815.19087777242,737.720837994214,335301.03990453226,18274.43362174542,,,20657.08807280617,494.7477589199614,5903.930430810028,34877.57772589199,68.56006509283007,
1976-10-01,1976,12,513047.3744028162,73503.97526246538,1317.3051200369346,350458.85535226227,20965.003456602037,,,20283.73641735919,446.7179012003693,6342.88150854109,39728.89938434903,68.30925813823609,
1977-01-01,1977,3,487069.9613453098,67092.17938962995,1082.312986876076,338137.44761531847,20173.247570137697,,,19451.621939974186,420.80918911359726,5436.482057444062,35275.86059681584,69.42276766182977,
1977-04-01,1977,6,494254.2193470637,68594.15274816476,1076.7068957993476,340949.5459106852,21810.68959257749,,,19278.75176835237,402.6367414355629,5894.130393964112,36247.60529608483,68.9826272724789,
1977-07-01,1977,9,476762.7492328431,64677.17046587482,1093.135463989442,327091.27782654605,25065.36684144042,,,18182.35047831825,438.2274081825038,5300.870009803922,34914.35073868778,68.60671861483877,-2.4484749824586594
1977-10-01,1977,12,494063.3301679459,68140.91356999267,1124.2831655701752,338181.8760667032,25301.64393786549,,,17366.25790350877,448.8384963450292,5944.561753289473,37554.95527467105,68.44909456278525,-3.5031157290115966
1978-01-01,1978,3,484725.74827936006,69170.9627317159,1093.490036392405,328729.9240216245,27396.14163449367,,,17483.885925632912,522.5548908227848,5190.861683016878,35137.92735566104,67.81771448876466,-2.78215963953109
1978-04-01,1978,6,483731.1959336597,63069.92126130992,997.0379429439568,331133.8719741728,30690.1464027684,,,16985.93768365969,515.4669559419311,5493.77476181634,34845.03895104659,68.45410731367953,-2.8789227186956534
1978-07-01,1978,9,470813.46583086345,62155.14258714562,614.8142069909794,321093.87681894336,28911.737937661084,,,16601.551846488404,533.1749568298969,5747.640083601805,35155.52739320233,68.19980738067805,-1.8335557730105756
1978-10-01,1978,12,490157.7213125391,63303.67585815046,319.994550783699,331082.0416717868,30977.27189905956,,,16560.48496630094,547.9376166144201,6622.167296081504,40744.14745376176,67.54602187745178,-2.0994130370002417
1979-01-01,1979,3,486286.67952619627,71508.5639371593,480.5724444276196,324308.6886701999,29759.18122698365,,,16143.445696396122,588.5129359479104,5528.414367655966,37969.3002474258,66.69084355470801,-1.344944596870279
1979-04-01,1979,6,496472.37036148447,79937.90366350087,450.3617331969608,325924.4732337814,28937.76030260082,,,15504.487645821158,628.7475366744593,6309.865278199883,38778.770967708944,65.64805872207428,-1.5732002012762147
1979-07-01,1979,9,494708.9705560683,80882.54994449107,487.85635766219247,322083.8166345079,31433.079290548107,,,15107.410463926177,674.4059359619688,6065.19387346197,37974.65805550896,65.1057158459196,0.30830230254523805
1979-10-01,1979,12,522398.5087449809,82078.53084495384,531.2954549647312,331576.68411977746,38271.33523467172,,,14175.082696418876,698.7619944384154,6927.92985404232,48138.88166739011,63.47198136464113,0.14940177531013177
1980-01-01,1980,3,511859.9307744664,76707.80613443519,594.7975973451327,328143.70526978135,40553.82071902655,,,13784.860286309213,688.3191491410722,5978.7406837584585,45407.89413274336,64.10810566345477,1.1825204607704531
1980-04-01,1980,6,521932.8277291982,78865.74395272315,571.8985031517902,332889.773716465,41124.43179765507,,,13096.3293290469,758.546546394352,6818.5316780131125,47807.57220574887,63.78019469761785,2.1370903551901854
1980-07-01,1980,9,530927.464780627,86277.06074039862,619.6570421730676,332466.11521803593,44431.515731040345,,,12642.08460439961,856.9655556635877,6580.496611084102,47053.56927783178,62.619875081317744,3.2234772588122906
1980-10-01,1980,12,631209.5930136535,87588.64334392657,722.1808396892657,343378.0159256121,49280.561239759896,79353.14854072506,46.63062511770245,12004.04071433616,798.2592447033899,6888.130553672318,51149.98198611112,54.39999957639817,3.559156108084971
1981-01-01,1981,3,622188.9765461503,90995.64069473208,735.8508060558305,332353.8032681224,52454.49655132822,78393.98659736603,52.9329939216569,11701.547770598823,803.7379129896442,5935.898175934263,48761.07606742457,53.41685818881916,1.2830043455746898
1981-04-01,1981,6,644577.3931925974,91496.6739183289,1070.4267928856382,342661.2621464982,59137.37027847961,78255.18482025708,62.512785350177296,11819.394875221633,842.0598617021276,6763.714801085992,52468.78729366134,53.16060813881387,2.9353525405547476
1981-07-01,1981,9,644432.3937100383,96414.58915718245,1170.5027940110826,338701.44295875955,60061.29594543904,77206.30852823955,73.65591613384483,11640.74719927536,877.9270784313725,6558.8942529838005,51727.03528314152,52.558103264926494,1.8754776668396422
1981-10-01,1981,12,674710.2750314947,99249.51147869496,2265.745953787568,350424.8876414164,64287.040197612216,78097.34946212437,84.6873702140799,11380.172636270074,867.9998791683826,6340.201621037468,61712.67879116924,51.937090720170076,2.052219824501189
1982-01-01,1982,3,687981.712366779,116676.26959419574,2765.7363705427897,341582.1405875595,70179.99976772981,77798.75665263472,141.65916551109353,11433.876026743266,1043.2804530507133,5822.917451465928,60537.07629734549,49.64988668266434,2.7766606636338675
1982-04-01,1982,6,696755.293522146,116315.3671554983,3398.733965063001,344749.879402921,74856.73634287897,75254.28967793052,236.1292752959145,10391.5225873425,1197.7278009736544,6534.813801832762,63820.09351240933,49.479334080145506,0.6095282680450342
1982-07-01,1982,9,711930.1579287583,125139.22503290948,3813.3740445961103,346931.491329095,78497.28992801048,77673.14473345176,343.7323992146596,10733.362506451009,1174.1164131451008,6209.417276178009,61415.00900645101,48.73111322302094,2.429882878100864
1982-10-01,1982,12,706649.0999976534,127668.91303032493,4898.332811552347,354471.507557852,58188.03070162456,77885.00467608303,466.788139530686,10284.166748375452,1029.3475235559567,6143.130167779784,65613.8740645307,50.16230934972239,1.1547752625882035
1983-01-01,1983,3,712745.0965647823,134926.59547428018,6378.537329792837,348401.84142011934,56756.698517819525,79443.25156776684,236.26915967345505,10010.426204792837,1260.1659841116573,5529.493303897472,69801.81315142204,48.88168899362644,1.996503921671433
1983-04-01,1983,6,722163.6859489027,135800.32342926957,7271.0942692901235,349717.1800725309,56887.81986505487,76865.1475769033,248.05739197530863,10137.656967849794,1379.7312098765435,6670.57019015775,77186.10062868657,48.426303742068164,1.440841887519384
1983-07-01,1983,9,727941.3327245733,148500.48796738038,7831.491727333556,347351.6824952325,56603.7669057377,76259.66366008698,269.5283169120107,9868.016492137838,1369.3349857811977,6102.063245817999,73785.30116928738,47.71698856488176,0.12111646726786773
1983-10-01,1983,12,736631.7280618564,154015.76217141244,8349.24282311776,348827.16983083973,58385.11332657657,75153.12123914092,300.2448265765765,12518.372199967824,2190.695760939511,6450.6751794562415,70441.33070382882,47.35435042265082,-1.592324800912548
1984-01-01,1984,3,746013.6519506105,141631.31085801503,8251.814122964934,332246.2465266906,55788.23749882592,109292.64378318722,333.1635645742016,12391.511218221664,2163.6997589229804,5573.63834791797,78341.38627128991,44.536215343775886,-4.6370578374606115
1984-04-01,1984,6,771568.8280544013,150789.76177000615,8594.727251308093,332010.79739281314,59002.6589572176,115012.707514466,401.9766601261927,11671.755676208064,2152.210935749461,6427.717019544475,85504.52268044013,43.030613124951685,-5.063057718824526
1984-07-01,1984,9,797919.9941786572,167239.5913568639,8352.184693601683,313983.9167280715,63329.577742415146,140292.94870216283,632.0058638480024,11380.808398843496,2109.1880526434365,6033.264781616101,84566.5040506158,39.350300659061986,-9.606334861389065
1984-10-01,1984,12,807993.2612631305,163960.75159036583,8477.753303850692,319834.70174461487,65103.160930141625,145264.1014123635,809.4791267335495,11681.6382169519,2074.8349809678366,6780.149825022128,84006.68265100323,39.58383282115737,-8.311413385684519
1985-01-01,1985,3,807110.3946481136,160186.7497495713,10804.286422977992,306127.12945813086,66973.7012586453,160578.95006237496,843.1506050300085,11619.891634967133,2111.5538207344957,5894.974964132609,81970.006671549,37.92878043549384,-7.861373105523251
1985-04-01,1985,6,826297.2613760594,168626.8017285311,10254.839007485876,313902.3424045198,67132.21484096046,160751.91510346046,899.9095908898306,11714.094077612996,2119.3628068502826,6687.311496257063,84208.47390049435,37.98903337544265,-5.454176529948396
1985-07-01,1985,9,825960.6247938401,181430.88412874585,9956.021877011652,309133.3788591149,63399.14570886515,158502.13616807712,800.6155525110988,11047.94590850444,2092.908913568257,6525.789704078801,83071.79797336293,37.42713267188428,-1.5448364105724144
1985-10-01,1985,12,831563.2602736637,176768.5371177033,10985.527700354614,318945.02786190686,60913.63373942992,163021.34173847525,890.4085574195311,10725.86871665303,2076.6736487315884,6722.031686442992,80514.20950654669,38.354872455156745,-0.27816677735563733
1986-01-01,1986,3,817260.0671724547,176478.13946704817,15939.917541633782,304591.66618705605,57292.5165956985,170403.30812970272,1673.907973888451,10779.1028915417,2138.2785710339385,6348.083502828204,71615.14964713233,37.269857958541664,-0.5015769996578601
1986-04-01,1986,6,837203.0619233013,171850.42172704873,16422.02609167531,313637.68426368,57238.59681133299,183504.73726640295,1853.5834703708504,10961.466716091803,2103.650116830913,6633.405316001036,72997.49014386669,37.46255819265187,-0.08431225419105459
1986-07-01,1986,9,817305.5937429674,177443.2193322985,14147.734883552965,308627.05038038513,56546.66728592244,171576.47340325644,1160.5747740750123,11083.848577546882,1990.79588469336,6536.017932970095,68193.20807570957,37.76152429925062,-0.16378964982636246
1986-10-01,1986,12,841404.0301839255,169947.61820414467,12396.334796422276,321245.466266566,55661.86216452509,189755.88807035785,2488.335195263291,11810.665113693629,2020.89560947342,6839.140161375663,69237.82460210382,38.179691889084935,0.7212648587377135
1987-01-01,1987,3,829095.6316226788,166458.29126089378,12850.555492634314,315729.0563148056,53060.23039230007,191328.07548143103,2423.801504889824,11808.924615375092,2001.112397128002,6405.801249133448,67029.7891912602,38.08113856502548,3.656498638708605
1987-04-01,1987,6,868975.8649807122,185511.631598232,14935.963771636993,328710.9706781034,51637.43081800197,190236.4105507542,1665.6979915306629,11634.090447205735,2271.251041666667,7407.40056274728,74965.01438612759,37.827399347322434,4.805955142096718
1987-07-01,1987,9,869323.0874156152,190414.2102759039,13992.929487745692,331186.4551960082,51254.247391834506,186410.77819370295,1434.5337600703713,11647.71843320796,2337.0777550958505,7018.594454986654,73626.53939092453,38.09705045112543,7.309600628920387
1987-10-01,1987,12,896521.638158757,190650.99368748497,14691.608097747532,349855.80189900025,47134.3461482173,195112.9898064924,1645.5191083473862,12351.946073295592,2390.85154107444,7573.507613105276,75114.06807618646,39.02368743910311,8.906066742337671
1988-01-01,1988,3,891523.6473643043,213287.8150812396,16691.019112052618,345957.51252956863,44624.33538919176,175543.83307827683,1439.119104823418,13502.337240400568,2362.6289056648498,6277.800626925812,71837.24329147903,38.80519754606124,9.574176215388608
1988-04-01,1988,6,923246.2909689648,211732.3251908908,19219.541723229093,359029.4328940417,46402.10363877044,182037.72456023452,1525.1472706112295,16148.236392383322,2415.441940180052,8195.592454809286,76540.73889729922,38.88772003808793,9.223440931525296
1988-07-01,1988,9,915656.3867482208,214184.93328059,17457.747266069786,361009.61856054864,47410.29999357208,175646.62090874655,1397.3032082759412,16454.788182851236,2525.6358146235075,6461.757959079429,73107.68448404499,39.426320155162735,9.004946578171502
1988-10-01,1988,12,947549.710228209,219669.723043127,17192.765734638146,382457.9889070893,44016.68506924216,179766.19617176836,1391.5113261265365,17715.336913006377,2846.417942307693,6943.740300238964,75549.34770567821,40.36284163022725,9.31874984811627
1989-01-01,1989,3,959300.3426819145,234883.1137335232,17295.607128016083,382235.9026262288,43431.65004256032,174439.55973564563,1312.7601615840033,18602.52737483244,2909.7616063449505,6384.080404714029,77805.37986846514,39.84527948333809,10.48637152909333
1989-04-01,1989,6,997091.3365579222,229337.2638992034,19492.953477096704,407690.392555488,47743.60560837575,181444.85585583092,1653.6636633657888,19131.263554270856,2910.886445950432,6350.950762392123,81335.50073594823,40.88796859502196,13.553473671838855
1989-07-01,1989,9,1012743.9442936368,240141.2914971517,14862.434795840494,410430.35235613695,43968.012994894656,191586.52406104893,1618.0296318787612,18790.5950144024,3281.654143594152,6034.604426859413,82030.4453718293,40.52656692431784,13.689589211678976
1989-10-01,1989,12,1024804.8477347208,241197.1829953684,14999.329821497016,426903.62053183554,43369.00009470826,182774.07796539605,1866.4138834114135,19956.989168547698,3358.63418616908,7045.840770070272,83333.75561823891,41.657064901233085,11.621049347603885
1990-01-01,1990,3,1005009.0745931627,239631.5508079854,15943.977208507304,419189.9470712944,43816.37125203549,174330.77186012524,1880.096996659708,19739.914873121084,3470.5024675365344,5720.554136951983,81285.38527244258,41.71006587587147,9.667863272697662
1990-04-01,1990,6,1052082.597448027,242870.67550602285,19726.444691588786,435402.18211749743,48537.88301879543,183749.7071365005,1946.9039531152648,20331.25598831776,3678.4242632917967,6655.088394548287,89184.03237834891,41.38479081144638,6.7972633321835785
1990-07-01,1990,9,1046572.5305022718,236471.9485842589,18509.8469476979,431712.75243396615,48781.08117235461,188411.08191079364,2037.0963826736677,20961.953297354605,3800.255160844104,6272.421085016155,89614.09096738692,41.250151313141984,5.1853864987456255
1990-10-01,1990,12,1062461.6962081834,231839.3858391287,21992.80338868905,443593.1301006195,50650.44862305156,189387.44794594328,2516.833939698241,20781.80643180456,4145.758314848122,7090.840432104317,90463.24119229618,41.751446822389724,3.909432660231893
1991-01-01,1991,3,1106167.637829373,251511.7047050878,23391.23859411359,450982.5083283376,61830.87187359496,190364.39738946952,3072.8232012423587,20901.033423190693,4149.756986146717,6505.692600916979,93457.60822742064,40.76981579512652,7.584285233738197
1991-04-01,1991,6,1108250.7906374978,260017.10270671107,29289.27991430249,461711.3111518783,53869.210450939165,174274.09063950306,3673.4448538446495,21382.68354284876,4772.0188048327145,6886.119236597536,92375.52933603994,41.66126611886184,6.04248901703508
1991-07-01,1991,9,1102390.3606501338,267643.3174407581,27865.343427678064,461647.4740117434,54444.86452009739,164370.43435535615,3869.1464632423135,21556.6015713672,4792.3004638151615,6621.734372111897,89579.14644457705,41.876951258852365,6.933944250895396
1991-10-01,1991,12,1127563.1990675186,257612.26055653405,33009.3182482481,492132.7045697442,54294.54906079544,150796.8606427083,4466.597641808711,23758.13581429924,5898.988761221589,7020.249699621211,98573.53167163824,43.64568699800881,10.942363886049034
1992-01-01,1992,3,1095555.5812124931,248888.56993241367,33367.37688466507,477207.30352938734,56148.86981278834,153562.12353824507,7501.482602878761,33181.820050055365,6007.991150719691,5959.050333825429,73730.99805614505,43.55847496128346,5.8150359973511145
1992-04-01,1992,6,1106104.3132757046,247811.32941371843,36995.58006527547,489820.86984236224,55233.09028206191,147498.0249639764,6731.148693707388,34431.064430394326,6116.444279988944,7108.821007508752,74357.94029671088,44.283424624913366,6.088124334739842
1992-07-01,1992,9,1136716.4552223324,266247.0865264488,37208.30500117349,491917.6837269362,75933.4967705813,136553.49556160855,6934.681172458925,33065.04692507672,6224.414702202563,6341.579089185772,76290.66803529515,43.27532002083326,6.5569967170280075
1992-10-01,1992,12,1189540.0089963598,266272.91879386123,38604.01479040086,505285.00968847744,93896.17224991012,151738.7719465666,6717.105154592846,33387.45810565342,6531.174170816105,6924.839328015459,80182.54476806578,42.47734467668701,2.6725119051439483
1993-01-01,1993,3,1177467.6203748223,277770.38185965223,38910.94223962029,494936.8522522179,101859.8320306068,130381.2239649574,8508.50144464159,33899.23096309439,6859.221631254436,5801.515987047552,78539.92025097588,42.034009571716716,3.7152718727698097
1993-04-01,1993,6,1274710.6964878757,302152.9134771569,44602.03000707257,494519.8392993323,161186.10583460727,132110.1386739589,9851.944200404148,34132.181673871026,6977.186526137762,6583.216034923564,82595.13630539448,38.79467244307664,0.9593240603411379
1993-07-01,1993,9,1285969.4392568793,295847.2227117514,39996.18180313257,491496.638952622,169645.9574603236,147656.60100134127,11578.600752120108,34853.75219695396,7349.752793656974,6049.216533445828,81495.51285756315,38.21993151226379,-0.08559252660408356
1993-10-01,1993,12,1348201.3407208757,309718.80990453146,39800.19751143567,495431.8400345211,192625.0275245417,164172.54971684943,14021.428057735138,36206.33562874764,8365.156463508652,6646.387230940552,81213.61081985608,36.74761514252882,-1.95002215878739
1994-01-01,1994,3,1281537.2521512166,277071.7998208129,41451.357108838936,490321.73370597424,161589.79096970594,160297.06669456649,13500.753747000168,36126.83073854994,8479.027522266351,6131.144309236099,86567.74753426565,38.26043549517655,-0.9324661368904863
1994-04-01,1994,6,1343625.4575559658,269353.66302244505,62500.157762586,515315.6015041114,158917.42709875817,179467.31956272025,13195.428831137777,34407.62457656486,7789.808628125525,6622.415889410975,96056.01068010573,38.35262264541062,4.2052432586413335
1994-07-01,1994,9,1330906.3015330352,255112.4440546034,63478.24101250207,512222.3988094056,148618.35037083953,192247.09315209472,13003.811829317769,38419.03935216923,8216.24060668157,5595.140443161119,93993.5398031131,38.48673631039168,4.216867057514406
1994-10-01,1994,12,1383990.68823202,270812.157145977,63486.95206703614,521500.1526818145,159334.1540127258,205566.78373633008,13656.23605353038,37191.70900710181,8846.269116174057,6555.588717446635,97040.68777545156,37.68090039305144,5.2617354277183725
1995-01-01,1995,3,1369929.0410745298,259545.5528996624,67758.46605298281,513709.77752215,163281.49736549286,204708.6638428204,11966.566625341697,38121.4251649381,9070.633514230583,5426.861842297798,96339.59420622289,37.49900630759766,4.769938227988191
1995-04-01,1995,6,1378208.580250319,250493.9952768328,70728.46984147899,523972.1733807299,162215.47517042005,205808.55276265767,11665.100401293725,39134.39674724485,10179.715735026351,6275.469083093755,97735.2298268248,38.01835084248008,1.6798582948685414
1995-07-01,1995,9,1391330.6293472794,240565.1866251983,63822.08120792354,525713.1516717164,175591.8397416323,221471.493525698,11819.39227958439,40154.38786734613,10347.716921518084,5718.185517488896,96127.19600007932,37.78491902520297,2.6337686312953634
1995-10-01,1995,12,1440955.9939856366,270238.92180953873,66478.74069974814,534968.5536101448,189419.2609722572,215558.66360117265,12358.007458169368,40287.87880658744,10349.252406815676,6741.9118895797255,94554.80073622696,37.12594665229432,2.58262645927696
1996-01-01,1996,3,1435105.4460876868,277876.9911351446,69495.55765706624,529879.0681492538,179120.3469703436,215095.24879800223,13492.86899521922,41643.35040209111,10641.35706611474,5714.669833916357,92145.98905142258,36.92265746700243,3.1475536060644016
1996-04-01,1996,6,1434493.4180856594,270591.0090352352,73261.15497081728,541175.7803666539,169047.27808835777,211995.27630674635,14507.816128912878,45879.77961033154,8529.93779529684,6402.831924363918,93102.55190416348,37.725915890841556,3.283305461609598
1996-07-01,1996,9,1446395.2120645682,278809.5926685815,69846.294232307,542839.9163432139,174012.39956855087,214682.8759835708,12728.012384574144,45841.80200195313,9057.293195082722,6069.520318512562,92507.50148441333,37.53053880539126,3.25781552488007
1996-10-01,1996,12,1466399.6576305476,270168.6978500839,72202.67710431601,560721.8474979793,175258.2147302501,220529.37522403535,12464.25348898124,44808.220354316,9544.863890041175,7145.06250922678,93556.44498131768,38.23799634568999,4.813982749835066
1997-01-01,1997,3,1469510.490487947,265115.0269988213,69489.1697155133,575992.4293374525,165712.54476847907,217187.6343530418,15502.585557224333,46407.67107939163,10787.048567756654,6977.979216235741,96338.40475007604,39.19621078351035,8.702619891980646
1997-04-01,1997,6,1515741.402879328,272179.72753423936,74672.37085256608,592960.9134916492,167887.77421819014,225891.93189508052,15267.896178105077,49492.70170122231,11921.141787579718,6901.194982842395,98565.74638824783,39.12018978733778,9.569004194886578
1997-07-01,1997,9,1512993.9623014266,284972.4415876877,66350.37978506007,606776.6892190691,170545.97850893394,205335.68384966216,15485.213536111112,49157.88592267268,11860.845057394896,6344.205162950451,96164.64157530032,40.10436950429706,11.778200340637945
1997-10-01,1997,12,1536074.701332187,293026.93859362387,65912.10684594109,630553.9242092988,161290.73630404394,201015.90132344147,16803.383677866645,50560.158926072654,13413.934566975631,7422.183112834504,96075.43377208852,41.04969137649622,12.453960376775065
1998-01-01,1998,3,1567952.7707638596,276987.6902905334,58587.74259425433,651352.5612283697,175142.76414035415,214703.0933190003,19685.651575612672,52095.73303728332,14191.292014345488,6367.172363045427,98839.06830674683,41.54159317637165,13.083528194563554
1998-04-01,1998,6,1596560.5322231853,271862.1821805266,58398.46813664089,680064.4531949941,174124.5094573416,212424.795731144,20910.108653153824,57009.434282728354,15173.439872805717,7286.174221734603,99306.96649211545,42.595594684281416,14.689592133558339
1998-07-01,1998,9,1591253.9515434634,255542.38489612253,55273.55857267354,696924.9567154725,181042.43027090095,200646.3612848227,23171.6590560192,52115.0086822378,17567.189236484486,6729.6090903249615,102240.7937384047,43.79721766217633,14.85691014472319
1998-10-01,1998,12,1629213.200094722,277659.8719317042,55401.13156258293,729143.704298946,159817.75333300163,199089.49317241635,26193.187511609907,56272.54365494619,16482.952130325815,8531.820923337757,100620.7415758514,44.75434548753679,15.635424077849747
1999-01-01,1999,3,1644335.142893854,263355.0382733119,52690.63531014323,736631.8872785005,162181.6519557878,205381.14784573225,35769.01016935838,56645.41075328852,17194.34386915376,7866.134592407191,106619.88099338644,44.79815994092951,13.092652294067065
1999-04-01,1999,6,1668316.1135027297,248215.85673871744,54157.18909925025,784173.0972286724,138472.36460299898,203120.46400924443,43954.32097983695,64305.24213226088,17952.671615482603,7759.70830277333,106205.19325698791,47.00386760529777,15.30864369466276
1999-07-01,1999,9,1675680.0176643133,246953.0564349157,50502.97390923498,791851.7459272799,144505.95518747298,202496.0959836479,42361.26227672525,62488.68305427892,21164.487047939776,7568.817868390721,105786.93632171156,47.255546260617315,13.620804980092327
1999-10-01,1999,12,1745099.874449112,264599.4638796376,52166.6839086807,813771.7162348875,152163.69891125913,205816.71677632144,40777.38761674545,67552.63025418993,23388.28052102134,12300.61679064604,112562.68137161582,46.63181335061276,11.606492854149963
2000-01-01,2000,3,1744826.068036531,236011.3319008805,51770.61568829879,835148.4465770734,156245.63677573844,201338.1974491977,41685.57700124255,69848.02842161318,28848.598065712868,7308.203980225789,116621.43577687448,47.86428067967105,13.373919999926166
2000-04-01,2000,6,1773236.4310609514,218360.30392690736,51003.834737999714,872243.9302178349,152660.0937831503,202577.82155500425,36822.82525154842,71816.40475724943,40109.402954075165,7971.270308136261,119670.54178459317,49.18937570530059,11.231044944083335
2000-07-01,2000,9,1802064.2805924823,216234.0876798569,49096.8783477974,886027.76741266,160575.75806017235,198763.4703478322,39375.94444191218,76095.60416860064,44351.23762889106,7959.228553397724,123584.30395136189,49.16737859769086,11.893138074109743
2000-10-01,2000,12,1880996.405526698,226448.45010069583,50329.63741597768,919938.2322712898,164182.32409501172,198568.7936703872,43608.81306111341,84154.48172343943,47370.82946486151,9408.891024114648,136985.9526998071,48.906963860661804,13.04622831174418
2001-01-01,2001,3,1924719.7104460965,231525.79095898272,50303.57465043067,919275.02674207,195824.32614287664,198869.90406446537,53305.394039444895,84985.43636618128,49046.69759307492,7472.654677741317,134110.90694404565,47.76150115535563,10.07324871521902
2001-04-01,2001,6,1941005.2771757927,210491.48312434164,50808.61258244429,952275.5255330856,177843.97804486833,201432.00479071573,63528.91547869682,85866.23061627278,48288.16824918974,8354.409653241053,142115.95081485482,49.0609446934976,9.175368557195185
2001-07-01,2001,9,1944862.335154469,214721.0627510416,48264.62135265456,964612.7982014448,171490.6650725806,206421.2673841061,61434.62812520159,84194.59627274863,48510.39354714381,8241.156878864245,136971.147272547,49.59799882827343,8.869364333610608
2001-10-01,2001,12,2032195.0103278768,248187.5305274349,53177.23157264556,996606.8744891332,163994.0280637577,212340.3209580762,69724.711710055,89194.27795965252,47750.40401244298,10587.92805966595,140631.7029750134,49.04090746332162,8.33410760943718
2002-01-01,2002,3,2030200.417076854,225395.10275522567,53169.35109293037,1015360.8025860738,162887.5776139329,213199.78402413128,77813.56406131008,89116.97359902144,47789.46733763813,14835.854870123818,130631.94251198244,50.01283587794853,10.452342666648274
2002-04-01,2002,6,2054465.268004123,222942.9778140296,54195.37084413035,1038644.645508736,165043.19052764692,215650.13528412516,75803.93392785631,92507.96679040702,48644.417620337656,11094.283143534878,129938.34654331894,50.55547356698617,9.069761603638904
2002-07-01,2002,9,2076376.915596262,225682.2068727088,48924.94736315135,1066449.742514238,169221.00632083006,208388.93239476957,77732.31569851401,87749.73316663393,48686.658320928254,9518.2758308785,134023.09379421966,51.36108644359453,10.557287286947869
2002-10-01,2002,12,2106541.1115202853,228279.53222510323,50546.1056816628,1083005.8425891383,179280.09143127585,212100.4015922343,72710.88794104748,90549.10131246776,46907.129469911,11404.298324722651,131757.72422329723,51.41156926235044,8.669312876684065
2003-01-01,2003,3,2147265.0413884786,234240.28675641847,50192.79098815789,1111191.279400738,173955.1819668485,223157.42733218867,83211.23824268291,88264.76197872272,45360.40249698331,8861.033604204107,128830.64024884466,51.749144049875284,9.438071330958287
2003-04-01,2003,6,2206100.0403358485,235452.509843141,51290.47119472041,1158783.4290469366,170909.9602189848,225361.6150097758,87738.25557572283,94971.22225152844,43043.356445580175,9827.264935772511,128721.95581368612,52.52633189157313,11.5668803625667
2003-07-01,2003,9,2238654.080151507,226690.4265098588,50014.39888595598,1184134.5885809693,165754.29230508205,229781.8634915405,104355.07856758044,93854.84478310648,43466.87766861722,9668.883456589492,130932.8259022071,52.89493357101557,11.035198507271438
2003-10-01,2003,12,2307005.627751572,240474.9556403558,51759.42209540425,1214480.5739488872,179046.21297334338,234084.70686291336,105610.97975245192,106710.6372067773,33159.00518433296,11453.5368715579,130225.59880950584,52.6431561041544,12.139798899462328
2004-01-01,2004,3,2370168.8229265017,234355.336967226,52470.94522479888,1261987.8922345713,188324.3560117207,226739.0528338361,117904.19236946956,109437.7119466126,40747.06585982277,9518.921543583458,128683.34793486046,53.24464147985737,13.570716008062767
2004-04-01,2004,6,2439175.120124292,226860.0260336573,55074.538180962336,1305452.1549265934,197843.1714870477,231193.4043826298,119223.71677325864,120490.30911703172,39984.58801175239,10441.060211327836,132612.14944000734,53.52023084181311,12.657130073070455
2004-07-01,2004,9,2481387.5062363194,238102.99572719983,53166.787883442186,1345243.3411375706,206669.1036822467,229621.87033087868,114437.2342931353,112802.8990634089,36681.555662866645,10377.150991465363,134284.56433944413,54.21335191527533,13.60561156731932
2004-10-01,2004,12,2555828.6720001525,261638.6301942144,52278.92935249696,1390246.9821295678,185040.48313206455,227577.9662631547,113680.08197436054,120071.64219406214,56356.25544394032,11700.529077527406,137237.17532688795,54.39515556579079,14.4725582237331
2005-01-01,2005,3,2670222.937214598,271313.7944084721,55612.749703719455,1454118.7574934058,217749.10641333417,230543.2954771484,114943.87200784002,114537.64588537742,57680.517618177946,11075.855370183544,142647.34283693935,54.45682969865607,15.22446185427604
2005-04-01,2005,6,2895762.8108425606,280493.3907680468,53930.78479960625,1567661.759434495,226005.51415729037,223861.1831319055,131020.20551801694,132198.56093312256,53257.654063536575,11270.036115588831,216063.72192095217,54.13640072884156,20.085730719303598
2005-07-01,2005,9,2946631.3262620894,271797.2733454913,54186.00654707736,1627053.908887698,221281.63699702988,220691.72307276947,144190.36676375198,127383.88644828922,54867.56748503031,9950.15834165974,215228.79837329223,55.21742385572463,20.948668477468303
2005-10-01,2005,12,3077279.1305496064,288663.00654552656,55317.59366006222,1708294.655317189,229732.1968021897,223396.2404611952,176320.57043991427,129158.52229141716,55541.43645790771,11387.397861688389,199467.51071251612,55.51315245855143,22.877062656912848
2006-01-01,2006,3,3156679.8064615903,274002.5562886438,54899.59698405687,1796624.4712246666,255392.3545113796,211938.9475474198,176703.99954022348,132701.1727971273,57716.12726720103,9754.54403855605,186946.0362623157,56.91500504888244,23.55417753648048
2006-04-01,2006,6,3216052.565774337,274165.03322356794,53896.38793241305,1881243.0461685515,269134.76173829066,199151.3728645391,134184.9602415337,131055.1767548215,61665.53012036506,10400.732746756974,201155.56398349788,58.49540726382997,20.00312151820143
2006-07-01,2006,9,3367295.114662328,285095.58144808374,52916.79765597944,1989973.7003427795,285939.1816263996,199544.92076165872,123147.29793832963,140692.32088828925,66072.37995024817,9988.184435876716,213924.7496146831,59.09709819248599,22.305332937811762
2006-10-01,2006,12,3509157.0163328294,293039.6688167601,55064.18628470953,2095343.4434443624,294847.4670216149,195096.56122704144,123309.95993046663,150039.2352491995,69855.32945905766,12108.599927464553,220452.5649721524,59.710734905617215,22.657027399954476
2007-01-01,2007,3,3623652.4342673584,276279.5634711945,54919.11908167753,2178660.758863909,341782.4037034944,188645.79582356976,126375.68318351037,150198.26983130642,74452.76180795365,10370.493496402878,221967.5850043394,60.12333683719856,21.26411466380773
2007-04-01,2007,6,3755302.808229118,288125.7573493945,55706.13229142842,2262336.685401699,334383.54216027586,195974.22322418436,122134.88767188026,155304.0411026741,79431.27468794148,10437.848904333448,251468.41543530667,60.24378860858215,20.257544074876698
2007-07-01,2007,9,3882994.9184901062,288219.56850635185,53478.39835328836,2342403.9734109608,363963.3706553119,215505.1732709106,119062.92621349072,146170.89411410905,90632.56450272624,10203.384248201235,253354.66521475549,60.32467264525289,17.71029803094755
2007-10-01,2007,12,3946206.5250531663,319699.0674477944,53910.962664408,2353584.260848376,345485.12798216834,244906.17289468343,112511.36856013388,141342.74111286076,113762.72500924504,11881.962428097226,249122.13610539888,59.64168995987017,12.324510247327902
2008-01-01,2008,3,3953939.7762763626,269459.2269247896,55152.10772085017,2389182.654823707,348706.7222732487,246325.6861449841,121267.35864348157,135925.31940389023,109496.95124669433,10675.823852639052,267747.9252420773,60.42536786115969,9.662903924040812
2008-04-01,2008,6,4023837.140866565,278143.93922320096,58047.20910516763,2390906.607452034,382089.411485773,264180.608730568,118402.94561029256,131218.10715046446,107385.77654588406,10347.4276409353,283115.1079222454,59.418572962849424,5.683058710048106
2008-07-01,2008,9,4115626.5538933487,303386.0160545489,57169.74183791268,2426236.4891303903,389962.7710555705,259987.3007982041,117867.64309111195,129788.3304000699,128283.85687278202,10168.859702683085,292775.5449500753,58.95181346896479,3.5789093884328826
2008-10-01,2008,12,4246047.399156155,327816.23503375164,65397.11657980853,2461720.2818973386,339260.5221615913,318258.8116560742,112849.0620632302,126150.73853753788,109253.40285701536,12351.696407832109,372989.5319619754,57.97674991538183,4.5945251609553095
2009-01-01,2009,3,4308743.569188826,298348.04585283186,68751.83385884539,2482053.771733436,332180.69072307565,359632.479758993,118677.87897436036,128447.538062459,112680.34444185982,10013.914529685107,397957.0726393232,57.60504731546865,3.8871501399118324
2009-04-01,2009,6,4314468.100033461,317848.4430478322,78727.11698061367,2453414.81076456,321874.46919777285,400454.4568537802,134706.4076576251,131018.1269329163,111812.91904330242,10465.700304492018,354145.65061777394,56.864826761508155,2.6144142610045495
2009-07-01,2009,9,4262870.165341411,262198.705289498,80516.71028121265,2454769.7076147725,315894.5903673259,414152.6237134087,132501.6445916549,133866.35740619907,114809.21303656416,9893.111739188307,344267.50130158645,57.58490435793443,1.1760279186390887
2009-10-01,2009,12,4248940.707587019,293423.96605323604,83306.65928528497,2417157.8825801224,314362.08613408287,424404.2111781958,127267.5071032253,134970.042994553,115134.7402971182,11588.405364226684,327325.20523636905,56.88848230487149,-1.8102137616898606
2010-01-01,2010,3,4268617.187903827,287942.4070624528,88917.82705768195,2416434.339539919,310911.39330288407,428797.0087128572,123953.90251301888,134398.15587927224,108070.24638555256,11642.964112722371,357548.94333746633,56.60930069783438,-2.643755463351183
2010-04-01,2010,6,4275217.260118026,267773.7435468866,96071.6921113856,2408787.289252577,311703.010253294,429408.057797232,107217.43123655827,129023.0428363617,107492.24905985018,9860.004706699609,407880.7379701679,56.343038088924565,-1.8189961728516613
2010-07-01,2010,9,4232858.141029233,254288.76017541764,98635.22376063943,2397651.580842484,289588.6791092936,418302.1944333175,98844.93974470692,130956.74169818602,106720.36022951914,10028.9897724492,427840.6712632196,56.643797192302955,-2.326822210454471
2010-10-01,2010,12,4121108.492960839,248965.73515489837,98417.55320164148,2354732.779757191,294860.5972558624,414740.1365898905,84404.680357556,135920.63140369984,102141.94800088588,10414.287687232933,376510.14355198015,57.13833508094365,-2.582582762707153
2011-01-01,2011,3,4089433.005584981,248418.36921097,104915.52470342422,2326466.4927962115,302108.7990473043,416666.6400504527,88043.34966795899,138758.91914040383,106388.73246378018,9159.222351035596,348506.9561534398,56.889707928187896,-3.7231653793182384
2011-04-01,2011,6,4163200.185018613,268850.0491516837,108199.9226264288,2295642.613794125,298915.141143806,416163.01412691793,82702.58309095356,202499.9187652662,116060.27650767172,9534.213568684996,364632.4522430748,55.14129784234388,-4.697163421746531
2011-07-01,2011,9,4191535.260862816,245140.9922477308,109198.51562702424,2260372.824586952,294824.62352142856,401009.9024783393,78844.67126263537,212777.9595003352,115865.71728442496,8973.657539685406,464526.3968142599,53.92708599382414,-5.725550674351732
2011-10-01,2011,12,4194471.797014558,257128.9444443907,107098.97196943396,2213284.0739534763,292895.53960177646,437442.33569357626,75288.9875490176,207010.7932258984,116315.58995818488,9661.008861116768,478345.5530482032,52.76669342558926,-6.006996081241123
2012-01-01,2012,3,4327079.852402896,292539.2169636401,110779.18697004904,2195249.816791058,314639.09332317946,507332.559302676,86704.74398508837,215748.70007708613,118009.73146307837,8872.54031751098,477204.26450426417,50.732824252642374,-5.640170465014627
2012-04-01,2012,6,4304893.558444569,253986.0117332239,136164.3731417383,2145765.4106978783,334095.15949391114,485756.5936768319,78322.27945747854,211833.71181071253,116427.35751346644,8758.659312481053,533784.0028879738,49.84479596455295,-6.52876899024527
2012-07-01,2012,9,4174885.7202401496,260740.35468730677,130844.21508411472,2065568.7783570327,295466.2204388778,469568.19786887785,75793.36515498754,211819.22361446387,115306.08677730674,8353.372547930176,541425.905709252,49.47605555627559,-8.61822634350229
2012-10-01,2012,12,4085145.028758239,287971.4497093765,121549.21528184068,1929109.0671744435,283865.62162399804,510148.4066650668,103883.48609811976,209485.0149277338,113114.99276526472,9325.644551360712,516692.1287065314,47.2225356405727,-12.839517987016713
2013-01-01,2013,3,4052393.31950344,243054.07823439525,122837.9817900339,1888259.5993597568,289482.2914825506,561060.8723344052,106839.4631906222,213506.2424767673,114167.19981488684,9141.523081762887,504044.06773825904,46.596158133809546,-13.984295321798468
2013-04-01,2013,6,3907574.8117097486,209668.7127148728,112662.26266254084,1833219.0481141696,275105.0468275077,571347.263173433,101594.5925361422,232159.35971336276,112603.69153354294,8041.27336768492,451173.56106649176,46.91449649589817,-14.565728435433101
2013-07-01,2013,9,3790594.124765085,197030.3035088718,110165.8845469682,1798047.3993297715,235114.23689888173,554008.8864670726,98789.40870427436,234333.69058986084,112385.66537939863,7938.315682231611,442780.3323976392,47.4344480086272,-12.951463143243746
2013-10-01,2013,12,3596408.4861311563,206536.63945767935,95881.5940207778,1742266.4069711033,218171.8150737341,487488.631817935,93557.31547443489,236139.64857689265,114216.54275039482,9109.37916321192,393040.51407627575,48.44461950553759,-9.685437872987023
2014-01-01,2014,3,3626524.9412901937,154362.50739097764,109685.5338025015,1756891.087579888,219335.79828887057,510230.26921522367,107004.36826403036,242695.69769432792,119748.34782654284,7589.978098861593,398981.35312896944,48.445581266424334,-6.9571213526154585
2014-04-01,2014,6,3567024.3958207853,143147.44622081518,113020.7673360457,1716927.930979076,234424.1948841512,504518.7275605461,106803.91380861693,214176.96076793133,120127.9142331569,7929.781186288088,405946.7588441581,48.13333861665402,-6.343547283927808
2014-07-01,2014,9,3557518.201930157,135091.50159834226,113403.14233071984,1685976.2020068695,229391.5831263192,506232.3916951164,116800.1225972471,212401.0287507467,123266.58149014336,8140.744056874751,426814.90427777776,47.39192061173801,-6.23293898507219
2014-10-01,2014,12,3514246.839390524,143542.7273651621,119745.67303985036,1679512.8104988032,207202.8684505736,491156.1606424938,102980.39107506236,198461.10177937656,131632.55719246884,9615.409081271822,430397.14026546135,47.79154360113421,-3.6018370222379525
2015-01-01,2015,3,3555272.1209432245,151317.94375414698,120599.4486762089,1688504.7766312207,225135.52561619083,468961.577770358,116365.97492517844,176250.9457484669,134364.81760922892,9177.53879169599,464593.5714205288,47.492982792643595,-3.892461600614594
2015-04-01,2015,6,3398795.7510411064,157006.9395648853,116906.60286167687,1638957.1877009342,210646.2558370081,439503.69709279214,112163.6796980176,171343.57047547953,135353.42492273086,8271.153223625666,408643.2396639559,48.221702854574154,-4.541293893080245
2015-07-01,2015,9,3416581.140488575,160541.09445334473,115664.84812422158,1641896.3690571266,223660.9946329601,433063.2188095872,108580.6916199528,172878.90182379974,136231.51768549118,9371.99155991362,414691.51272217766,48.056706442579426,-2.6144991191022315
2015-10-01,2015,12,3344594.079080857,171467.2666918071,108358.05992505237,1611494.1396794657,227599.61353331007,409264.1896611648,94316.8885784881,168654.17234845916,141743.08701675478,10060.831143512516,401635.8305028424,48.18205443102165,-4.049904853011299
2016-01-01,2016,3,3381954.560358172,169959.6830172851,116324.9513634682,1597686.4719237888,229832.5978516829,426302.266994627,99780.82232289133,171281.0645645783,142622.09814661904,9089.558749188973,419075.0454240421,47.241512072669096,-5.37862290734089
2016-04-01,2016,6,3352082.454729169,164647.63039260442,119873.4315204575,1575000.1301450217,237877.83652907907,410855.1631242899,93541.04332201237,170003.03101759197,140651.23378007577,8919.049466859364,430713.9054311772,46.985721604878414,-3.9023019048855745
2016-07-01,2016,9,3294556.8030264187,165753.77573120114,111802.70592924104,1558609.958532936,230488.3202516042,387455.89317635854,95154.85659396934,170185.53270636156,142448.3220051133,8587.466089607982,424069.9720100261,47.30863820897483,-5.072574134019103
2016-10-01,2016,12,3163127.3923591664,176026.26097785743,104394.67934799683,1521746.222541732,229627.27188560483,349164.087622987,89320.47261306952,161262.89601988412,141275.2872884181,9297.6803815544,381012.5336800618,48.10891354605742,-5.56923633340578
2017-01-01,2017,3,3170712.735402081,166945.81335200692,104980.66831543608,1524768.39639056,244170.94609947965,346378.5734678642,97697.31886954904,162601.1003966551,146188.94436214073,8315.85377242319,368665.1203759663,48.08913716357854,-4.563979029341558
2017-04-01,2017,6,3152899.317553535,209830.43133291608,103190.04067960236,1504808.5071984536,232899.15655760924,334265.74663279334,92419.3399251841,172287.0544136966,138686.23884850272,9096.199784364262,355416.6021804124,47.72776913048073,-4.456610612476908
2017-07-01,2017,9,3173035.165840475,233733.98892430065,96512.79783737197,1493857.16849244,230485.4406238426,337198.4807080871,90995.47715450158,181350.77343922385,138532.98372426617,10838.028119951734,359530.0268164893,47.0797545698409,-4.154521770247477
2017-10-01,2017,12,3139131.272923304,264434.55755132565,91520.2133560746,1476232.9833333257,236399.08592417696,304662.4748831456,87507.983201078,178982.67745892008,139143.00944862582,9937.190693454406,350311.09707317664,47.02679993240899,-2.9908560661571215
2018-01-01,2018,3,3128623.071842147,264954.24793049844,92325.63920074422,1453510.9052961469,250200.6919968665,310610.747311227,100307.47067415786,167152.01066490402,138737.45043008227,10219.527361413044,340604.3809761066,46.458485791332905,-4.673332111492757
2018-04-01,2018,6,3071673.7255871263,245836.58351915324,92185.35764319316,1429029.80993366,257293.5748329253,297997.8888553908,96571.1212544163,161730.5144342838,135602.65803276212,8770.183603782643,346656.03347755864,46.52283860846947,-5.035770126384587
2018-07-01,2018,9,3031857.1878083223,229728.97316853696,85588.8053847043,1412959.0997790892,270589.73313554714,295016.8840860625,98738.9591016182,152644.31826740995,135881.5008179301,9216.363559477944,341492.55050794646,46.603748536074455,-5.415381766048677
2018-10-01,2018,12,3012961.773460121,239672.85159710623,79985.43058494097,1399476.8013386123,279200.6687709233,284206.6953237355,99666.08435159324,153582.06265992418,132909.18279520588,10530.199901094156,333731.7961369853,46.44854155356364,-5.199462609309702
2019-01-01,2019,3,3091399.366844792,224436.5205263552,83131.20872837956,1402501.8421127405,317803.0834607933,303776.2442742294,99120.85199284957,154867.82474637646,138888.40348197892,8723.883585636293,358149.50393545267,45.36786340692665,-3.509369141816898
2019-04-01,2019,6,3080047.0164092584,202269.8437033028,86623.09019924003,1404235.8631672882,328827.2000031068,283525.1258311586,108065.2099484992,154455.72749517256,135946.31890280568,9607.298142409903,366491.3390162747,45.59137752398198,-1.7350195632044096
2019-07-01,2019,9,3099221.2737469687,206668.8380737248,81181.7947515881,1390083.1303873437,328067.0939007219,278242.94352177583,106391.68144915786,156268.59468217037,142316.49774723293,9463.24999920597,400537.44923404726,44.85265838107547,-1.6190114346071316
2019-10-01,2019,12,3039706.418589015,215121.60455682784,77001.58662163126,1370877.5540984904,340229.21204659075,265203.3803899628,106101.5750791353,158554.7469912627,143287.24400445193,11245.781414412912,352083.73338624893,45.09901172412666,-2.0435670825530328
2020-01-01,2020,3,3228196.291254446,232234.7422616217,85038.30862774234,1395356.5369232146,405718.43424954097,277244.9747382816,111422.47116089203,158590.83609517253,134398.40730943752,10869.34953517928,417322.2303533633,43.2240301094266,-0.5094685065626825
2020-04-01,2020,6,3378006.766737074,331603.6966232134,84523.1249894724,1443452.1068869063,411771.3748555636,301787.0528188729,118213.59389856111,163002.43036115108,126867.14715896882,9396.892344508393,387389.34679985605,42.73088263470778,2.7927105942989527
2020-07-01,2020,9,3352955.081824551,363978.2723472276,83080.84667815398,1430296.0631212085,382676.016934288,304567.476046078,117303.03991948416,161983.41230981934,131627.75272464257,9321.396001207497,368120.8057424411,42.657775848965315,2.892843733932615
2020-10-01,2020,12,3321246.454796358,382283.694235114,90235.93043234252,1425854.670993969,352435.1347005553,287212.8445568878,122633.2460608367,164527.72406033412,137774.63125141204,10427.350151182272,347861.228353724,42.93131179514937,4.010359403078301
2021-01-01,2021,3,3347500.164562559,433887.240724299,93585.71034877452,1414000.4597312603,357884.0834939681,283267.87465976056,131459.94662180523,165441.5332965144,139430.8817469483,9978.184728137516,318564.2492110909,42.2404896256678,1.3361404282489664
2021-04-01,2021,6,3332677.276901914,445526.3980343604,98634.71074344072,1401586.5197470586,369319.6182819094,281232.41332044813,128182.69165289449,159998.57272826796,130537.53822635388,8661.751038538749,308997.06312864146,42.0558729001803,-2.9003793710994152
2021-07-01,2021,9,3316087.34968898,484671.8228273427,98530.42614126496,1372074.5212076483,379076.308478174,251597.4917465171,117266.2234820052,155544.7056045091,131980.5641292607,8942.727162835516,316402.5589094223,41.3763081764519,-4.07059373333577
2021-10-01,2021,12,3241905.915525449,496483.1756798743,89886.3740385894,1336508.7388155886,383026.7836897349,238053.3260068733,112235.63691073676,147113.15071145553,126084.7846878257,9262.275929784366,303251.66905498656,41.2260186952084,-6.2661317451165655
2022-01-01,2022,3,3164178.738281241,465741.8937627224,87488.35068139383,1281551.1819209072,396171.96352236206,236948.8294721016,124193.98103784192,144756.78914311764,116878.79391993053,8162.9980297221,302283.95679114194,40.50185807825245,-9.366989727537
2022-04-01,2022,6,3198006.337386204,490489.8634580651,90159.75661648596,1270418.917118265,394541.1836834972,242002.41689819127,130297.15116547357,141008.94907075993,110483.8065290156,8093.483065592173,320510.8097808582,39.72534082457774,-9.358509145226733
2022-07-01,2022,9,3249825.243285191,479655.8587078144,87796.87566434909,1267857.4643075843,405425.1494828528,252449.85527599815,136987.78957166016,140690.9946280925,110103.17457650146,8333.01110881249,360525.0699615254,39.01309668657536,-7.595582841108084
2022-10-01,2022,12,3062737.3003704417,333699.6433367404,85996.56466491714,1257183.061194454,414648.99527717807,252071.7334685933,133101.83438695283,140352.10248191672,110076.95153850404,8405.765979303018,327200.64804188267,41.047694852653414,-5.935290605838672
2023-01-01,2023,3,3024221.7809689576,331200.73036933586,84941.42927322403,1227862.133585498,408729.55716727616,260007.1933094157,139119.14864499788,140747.370876839,113127.54186710804,8013.255558175704,310473.42031708703,40.60092885092879,-4.1893799555422495
2023-04-01,2023,6,3015724.687934382,314422.2533745219,86442.273439142,1215198.9610130112,434696.4433636722,249887.749998358,141538.07115831808,139960.34169770533,112922.42328417026,7786.461821437479,312869.70878404554,40.295421059982786,-4.346594289583727
2023-07-01,2023,9,2987437.455255418,326205.8473734547,80729.41994713202,1182173.1367965017,437949.3948319185,250254.69922960276,137074.01116890553,138431.50889304845,112417.69794282594,7567.684391771057,314634.0546802579,39.57147737827465,-6.758198766284618
2023-10-01,2023,12,3007906.0620294926,342295.09009655804,78554.98864400246,1177574.035816591,473898.8778642003,245302.2378158697,136517.83010055646,138690.9187164056,116258.1680432605,8056.577305688375,290757.33762636024,39.149295607392034,-6.332333598436035
2024-01-01,2024,3,2988211.7076726537,302751.3975977517,77812.3016934262,1157633.9573677909,504055.8063183854,247991.23293450635,143111.36652647442,139017.65092678805,122227.8841594371,7920.233273399316,285689.8768746945,38.74002482472721,-5.719548986548906
2024-04-01,2024,6,2954185.191931637,272263.05026018806,81661.4093228639,1160606.264672896,500985.2119664214,251024.6132423639,146284.5095662929,136151.41808003775,119377.37455716982,6885.7638104453,278945.57645295793,39.286848632330205,-4.492490373313506
2024-07-01,2024,9,3017954.5221937336,305708.64499299467,74652.77738941683,1159582.3491939774,534861.8273530499,258664.42057580003,144029.63701788904,135400.29570583577,120373.3759235908,7116.01309578054,277565.18094539875,38.42279069040059,-1.910954233297979
2024-10-01,2024,12,3018046.4478329453,289570.6937116032,75013.92581110219,1149109.0991422243,545046.1713401603,259040.23053717436,151844.7728553707,131536.15191609217,121390.29904887774,7852.724820501001,287642.3786498396,38.07459954658159,-2.4172524027015974
2025-01-01,2025,3,3021863.454707819,277489.55454228073,76062.81762457182,1149967.2156342112,558742.1325913527,271480.5417650363,165424.66997132162,131365.50153373697,120694.36930584324,6425.478299430415,264211.17344003427,38.05490330288271,-0.6622768522627109
2025-04-01,2025,6,3048817.992086601,278007.94853789784,84687.55387485265,1162176.5252485855,555546.8802385854,264470.3719991749,172474.08647697445,129074.67348104126,117102.49774414538,6887.41027259332,278390.0442127505,38.11892111188952,0.13529657933839534
2025-07-01,2025,9,3078678.3523715506,292900.9061207032,82367.68783634894,1157289.245064609,566486.847723569,267290.9677811613,183409.211860257,132431.55865038632,121768.51798354225,7021.559277928886,267711.8500730448,37.59045644288018,-0.19775259005644363
2025-10-01,2025,10,3103338.299790068,278844.329883456,81474.29308246555,1155072.9373671117,607556.4910752819,262860.6999705802,186359.23527151192,130073.41714686425,123241.34764662937,7090.9989675266215,270764.54937864083,37.22033583787011,0.2873242668611553
