fecha,año,mes,ed_pasivo_total,ed_pasivo_depositos_total,ed_pasivo_depositos_esp,ed_pasivo_depositos_sector_publico,ed_pasivo_sector_privado,ed_pasivo_deposito_resto_mundo,ed_pasivo_deuda_emitida,ed_pasivo_patrimonio_ajustes,ec_efc_pasivo_obra_social,ed_pasivo_periodificacion_otros,depositos_share,crecimiento_depositos_yoy,deuda_emitida_share
1976-07-01,1976,9,,500806.4752798939,71717.39899710704,4884.900652603664,388323.88776084856,35880.30009378013,18770.95392526519,,1885.3273341369331,9365.636687560267,,,
1976-10-01,1976,12,,527215.0998273315,79675.83184556787,4458.903423591874,404398.0520353186,38682.31252285319,18974.46107617729,,1785.338221375808,9367.989492613113,,,
1977-01-01,1977,3,,502583.7505402324,79575.3962183735,4835.29646170396,381127.263319062,37045.78363166954,18106.18456992255,,1866.820533562823,9058.727002151463,,,
1977-04-01,1977,6,,503068.1382116641,83135.53273001633,4997.203801794454,377531.8546305058,37403.54704934747,17761.377881117456,,1767.134814029364,10823.287138866232,,,
1977-07-01,1977,9,,484144.1071851433,70228.03822266214,4520.418152337858,363473.913611991,45921.73719815234,16472.471050527904,,1630.874403657617,9840.188565422324,,-3.327107159594578,
1977-10-01,1977,12,,502213.146023209,73118.80826937134,4248.583109283625,378431.2337807016,46414.52086385233,16337.096696089178,,1613.3851697733917,10640.926963084794,,-4.742268158159913,
1978-01-01,1978,3,,493892.50946026726,71494.02620024614,5477.131581751055,368761.4602107947,48159.89146747539,15863.668903481012,,1678.83139011955,9887.294457102673,,-1.7293119943935342,
1978-04-01,1978,6,,492514.40328933153,62900.26166525996,5286.350262997975,374232.0401080352,50095.7598126266,15324.08509132343,,1611.128473160027,11639.345039500338,,-2.0978738506178485,
1978-07-01,1978,9,,483553.6894289627,60182.08649613403,4051.307970199743,372560.8855542849,46759.40124033505,14666.003252899489,,1537.2764737435568,10462.851995006444,,-0.12195082980835936,
1978-10-01,1978,12,,497939.5290865204,57638.956864420055,3755.131523197492,389370.5329523511,47174.91569435736,14600.786581191222,,1211.571439968652,14761.952184012538,,-0.8509568040043103,
1979-01-01,1979,3,,493363.59998485766,59976.36859418534,3991.256693670503,383412.0814368565,45983.88558192005,13914.0345841914,,1605.6397655966082,14437.942932313748,,-0.10708999737364389,
1979-04-01,1979,6,,501096.3316152834,59905.37130713033,5753.081080362361,389755.9029193454,45681.97630844535,13288.464311513731,,1443.6677057276447,17106.9444257744,,1.7424725589010537,
1979-07-01,1979,9,,499423.18304670026,62637.42406851232,4634.054025587249,384536.1374653244,47615.574577181214,12551.251592980983,,1277.8702832774052,15977.916080117451,,3.281847282869066,
1979-10-01,1979,12,,524728.6852367063,63215.12790219749,4274.843592647855,403448.0581931632,53790.65554869776,12457.097620998367,,1044.487162778079,13244.53496052631,,5.380001904916276,
1980-01-01,1980,3,,513853.4536467984,58748.03212024986,4254.636693388859,394470.0846328735,56380.70679932326,11958.431628839146,,1454.566325741801,12780.599044638207,,4.153093917461614,
1980-04-01,1980,6,,521403.92022138176,61940.26899810893,5334.367450201715,396067.966027988,58061.32413779627,11537.549354387293,,1300.9362860564802,15671.416433434191,,4.05263166478127,
1980-07-01,1980,9,,529300.1632632473,65669.0777600875,5051.533887943607,397716.6568578026,60862.88859467671,11158.787762396692,,1141.610052017501,15288.727471803591,,5.982297424457639,
1980-10-01,1980,12,,548522.6323047316,67412.24090619116,5300.970418314501,409531.3373837101,66278.08956485406,12170.01422693032,,924.238924081921,14746.01457733051,,4.534523790574152,
1981-01-01,1981,3,,536789.4959858172,67651.19723953173,5721.808929761367,393994.1833670643,69422.30074178296,12097.900257541643,,1390.2987266996845,15601.962858509678,,4.463537644097282,
1981-04-01,1981,6,,555351.0150643839,67929.30888829786,7292.407200908688,403207.1452184175,76922.15375675976,12127.901792442372,,1242.6923623670211,17099.896211546984,,6.510709552891081,
1981-07-01,1981,9,,552141.2930377237,66635.03377568201,5965.491586849956,403865.2820788576,75675.48559633417,12437.966716751916,,1071.6770988917303,17958.92909835891,,4.315345310618457,
1981-10-01,1981,12,,574781.0569890904,69913.8106116715,5404.387131123922,417479.7231944218,81983.13605187324,12212.198518834915,,1246.559260806917,36388.85877356939,,4.787117821197007,
1982-01-01,1982,3,,586057.7845732964,82480.59583963947,7705.39473652932,408777.1323716324,87094.66664797941,12420.9799945523,,1610.3189138272585,38126.400436608565,,9.178325760081751,
1982-04-01,1982,6,,592535.4190633831,82869.03769998094,8016.318807464683,411774.7705145095,89875.29688172968,12787.79135996564,,1552.8655727376863,42092.52155593739,,6.695657879492378,
1982-07-01,1982,9,,607234.4393836013,88234.15274364247,7680.707239715781,418662.9096485601,92656.66501093864,13773.73450495512,,1422.057334985041,39959.799261219145,,9.978088406098152,
1982-10-01,1982,12,,600597.0249824007,93714.92004548736,10641.788391696751,421849.1294273466,74391.18711787004,15689.14395063177,,1227.521279963899,40850.92298032491,,4.491443773137482,
1983-01-01,1983,3,,596300.0007918715,98614.87300500352,12796.18652835323,413013.0195193118,71875.92173920295,17171.85522252458,,1390.3652868679776,48506.61353388343,,1.7476461345927286,
1983-04-01,1983,6,,595693.6026754116,95173.89589634772,13898.343535665295,412631.03825017146,73990.32499322703,19119.28649862826,,1476.6413988340194,57493.67374374144,,0.532994908054718,
1983-07-01,1983,9,,602919.6404662094,97486.2347621278,13480.449164185346,417556.2365057711,74396.72003412513,19200.089342924053,,1333.6246361659416,55093.04098937771,,-0.7105655802019162,
1983-10-01,1983,12,,613506.4973515122,101287.02856258042,11846.500371219432,425786.5076925675,74586.46072514477,19710.274245817243,,1295.063795447233,44939.06243500642,,2.1494399459420777,
1984-01-01,1984,3,,608606.8660456324,102981.5948394646,14167.609622025671,419861.20329015335,71596.45829398872,20767.91390075141,,1387.4055940043831,55854.88370608954,,2.063871413284879,
1984-04-01,1984,6,,626822.4698162511,108339.49307725456,15928.525609341335,428329.5359458295,74224.91908556478,20966.294932209912,,1550.157001615882,63705.86976808248,,5.225650737397847,
1984-07-01,1984,9,,652818.1628229198,126582.8779302343,16099.205941724242,432413.0892568339,77722.98969412738,21455.488862421145,,1419.9178552117753,61644.93705557224,,8.276148097966463,
1984-10-01,1984,12,,662856.7091273235,119355.97396193564,14592.798307170253,446230.0910659485,82677.84579226909,23924.11695064915,,1260.6801571259955,59195.03235637354,,8.043959108640998,
1985-01-01,1985,3,,657495.7392007001,119741.51184974278,15812.75839839954,439615.1474236924,82326.32152886539,24986.377841954843,,1331.4645219348383,62195.64615182909,,8.032915151404495,
1985-04-01,1985,6,,669223.4444080509,122199.56563460451,17235.026400776835,448011.1309606639,81777.72499300848,25023.585790748588,,1510.907454872881,69114.32855254239,,6.764431180048369,
1985-07-01,1985,9,,669710.3001081438,129320.97873737512,17053.756713443396,450044.6250001388,73290.94317459768,25677.63296039123,,1384.379186528857,65699.18441634296,,2.5875715853521886,
1985-10-01,1985,12,,677392.7935722861,134596.95264879984,16275.162711129302,459440.1375586472,67080.54065370979,27301.673728723414,,1209.7098171713044,61249.85462213587,,2.192945208942665,
1986-01-01,1986,3,,665726.8768306368,141565.26938101818,14730.977149434362,445497.2209559327,63933.40934425152,29146.11612424362,,1208.056588266246,56286.94782629572,,1.2518921628211777,
1986-04-01,1986,6,,681540.0938123054,150902.78931029563,16109.782221991702,452406.2825564056,62121.23972361256,29034.5310064834,,1472.1073189834024,60200.63319767893,,1.8404390203557552,
1986-07-01,1986,9,,662935.7620658893,131489.65041358335,16291.89181525595,452170.426760897,62983.79307615305,29536.8114372149,,1337.7055304738974,56181.691895463744,,-1.0115624683031732,
1986-10-01,1986,12,,683304.5771493452,134570.23285840265,15095.364667233564,468919.7696236459,64719.210000063,32709.892443814573,,1189.1519718442937,55604.08058623081,,0.8727260805186265,
1987-01-01,1987,3,,670753.3635540975,118732.05059476355,15771.85430935875,471184.86073582567,65064.59477556326,32844.22264700421,,1435.2503988611045,54402.01369163159,,0.7550373731928239,
1987-04-01,1987,6,,697748.6046808234,127380.19704451038,16934.71484359545,485482.7392281775,67950.95356454006,31332.53114255688,,1431.2721577027696,67357.53496031158,,2.378218246538233,
1987-07-01,1987,9,,700826.1873231618,118718.16364747632,16863.184395777724,494222.8998273477,71021.93945256005,29779.17459906576,,1276.4450592695948,62701.31265208688,,5.715550046537765,
1987-10-01,1987,12,,727107.0408507589,127490.64582980004,16084.700772765598,516929.3384951217,66602.35575307155,26958.55795181884,,1130.1669242953506,62354.04731197302,,6.410386402525159,
1988-01-01,1988,3,,726807.3753045152,126098.282378822,16656.45325948092,513281.8358557715,70770.80080575966,25445.779769139604,,1309.3319002133208,56778.19273797108,,8.35687374766283,
1988-04-01,1988,6,,747974.6263026535,122649.2801198176,18370.18445694148,530816.4508935087,76138.71383564321,25143.71345232173,,1541.734261904762,64115.37656817105,,7.19829767983633,
1988-07-01,1988,9,,746375.5256460628,119458.48057059228,20271.10107093664,530474.8076398071,76171.1363647268,23679.781945879244,,1384.166649621212,56795.0441096763,,6.499377327334033,
1988-10-01,1988,12,,771235.6781207898,124961.44394680248,19083.612339155672,553574.7121902595,73615.91252958581,23008.047368798365,,1296.2856804164771,59786.96885616752,,6.069070273119315,
1989-01-01,1989,3,,785028.7300586461,127726.23727803842,22443.729897173813,556691.9823535522,78166.783362042,20509.17174949732,,1462.3095599307414,58582.19020386505,,8.010561908475044,
1989-04-01,1989,6,,814096.6575465258,127526.60140672716,27180.77258215313,575145.0563884709,84244.22997438593,19170.90119036291,,1791.8960620712546,67605.34619296304,,8.8401436250215,
1989-07-01,1989,9,,826450.5955600813,141667.52631911,32028.87435420248,572571.230501827,80182.96438494194,18332.940359307817,,1633.1779666272566,69389.03331121021,,10.728522997147504,
1989-10-01,1989,12,,838357.4547006494,144664.55778572187,33092.807045783644,581484.2798603598,79115.80730930579,16425.27523301746,,1464.996064310051,68356.65600037265,,8.703147232945696,
1990-01-01,1990,3,,824651.4449701459,136419.75741221293,31089.53088726513,572841.046675313,84301.11264185802,15011.21717980167,,1777.9657943110644,61407.69609279749,,5.047294881620434,
1990-04-01,1990,6,,858782.4006238318,138012.8250893562,30532.975203115268,601875.232423624,88361.36790773625,12533.6830692108,,2207.5605748701973,75485.53896111112,,5.488997241676086,
1990-07-01,1990,9,,849148.3382197598,141539.17765473548,28410.11478569265,587880.3031261107,91318.74009329564,11934.625100615916,,2292.141738590469,76647.16319689015,,2.7464125238237935,
1990-10-01,1990,12,,873105.0256075141,139363.8296505296,28358.951212480017,607223.4943050559,98158.75043944844,11479.493788918864,,2120.161104266587,69030.16039593326,,4.144720215945585,
1991-01-01,1991,3,,916064.6299752024,174342.0503264642,27367.630837113,608277.9471907908,106077.00412068624,11424.894064089924,,2387.183766022481,67527.73982735162,,11.085069402669356,
1991-04-01,1991,6,,913102.3340398162,150399.18433770302,27171.55578233223,623638.8797647232,111892.71415505774,12928.094906036004,,2644.3660815398166,70473.76127998436,,6.325226667025974,
1991-07-01,1991,9,,909846.6881621636,161264.9840148463,24516.021174050034,617708.1982866623,106357.48710721788,12497.566547259885,,2454.627399465343,66598.51522116672,,7.1481444655074,
1991-10-01,1991,12,,924255.1679990528,164993.24325165717,26118.57547509469,626758.7331739109,106384.61849928976,13064.917847159088,,2228.3925825284086,66117.0181602746,,5.8584180472387,
1992-01-01,1992,3,,901355.6874557117,162340.10036007568,25872.28997001292,604673.2739737959,108470.02081251152,12891.031288060529,,2267.315923325337,75532.51652057575,,-1.605666460442745,
1992-04-01,1992,6,,904474.4284934588,151510.6776727013,27310.89811705362,614441.3647323106,111211.49030726,12766.330497973096,,2648.975912474664,82565.14434618574,,-0.9449001743523255,
1992-07-01,1992,9,,940151.5798991694,186300.7541300776,26237.84463571944,608717.8847787506,118895.09406598662,12839.357526178008,,2446.431947824517,75676.81489727386,,3.3307690329916984,
1992-10-01,1992,12,,991841.1478339924,217156.19121741864,24062.80267297321,622679.6128756966,127942.541067904,12196.833721553116,,2233.291053478339,74461.26065009886,,7.312480597891424,
1993-01-01,1993,3,,979526.2690797552,210778.74018936304,22260.27178393364,620954.3771884316,125532.87991802696,12823.913661994322,,2298.547140392122,72881.61825008872,,8.672556540326305,
1993-04-01,1993,6,,1067865.255989457,253374.67731426813,25635.29094337551,635986.3327517132,152868.95498010016,12718.627156914426,,2537.2300170444564,81416.510406563,,18.06472602748437,
1993-07-01,1993,9,,1079950.004916277,278190.14666225336,18841.44606550709,633871.6908051228,149046.72357736237,13476.725764754236,,2298.361910436137,77227.46526388887,,14.869775045434785,
1993-10-01,1993,12,,1138480.674447062,306150.3883935241,19166.16444757581,652515.5216149992,160648.59999096283,16716.163702030153,,2102.455384529724,79446.50184058592,,14.784577846291679,
1994-01-01,1994,3,,1076250.00335736,270283.95187117625,21079.781295124216,640117.3459931974,144768.92205543348,18812.56694600304,,2175.12205594051,71445.31888313334,,9.874542146631216,
1994-04-01,1994,6,,1115258.1098913408,281506.0010412402,23979.871281171338,654041.1101999077,155731.12524169323,32291.90286956704,,2533.4460410723277,73875.94432761369,,4.438093068022031,
1994-07-01,1994,9,,1107784.9365251283,278344.9699121129,21607.16456954794,652498.7339701938,155334.0680732737,32302.309107757905,,2342.688169937076,69214.49032940056,,2.5774277959292435,
1994-10-01,1994,12,,1161157.9420231937,300678.4281915025,22769.56828107553,671969.3284438835,165740.6171067324,32780.36653255337,,2087.2862121921185,68710.73891465517,,1.9918886710260209,
1995-01-01,1995,3,,1151393.453208876,297832.46479056124,22475.404843423385,664271.6289997187,166813.9566135633,31600.41446040361,,2207.674663772311,66857.7849019537,,6.981969766978513,
1995-04-01,1995,6,,1155122.2772952404,300051.762142589,21970.80209575148,681036.7515553426,152062.96352627376,31196.744753194376,,2449.2246342836606,73224.52211895066,,3.5744342094749193,
1995-07-01,1995,9,,1167217.0851503017,290600.5983911009,23109.45182134359,693344.9677026491,160162.06723520785,31711.151542750635,,2298.6080741196065,73758.35273171795,,5.364953671567219,
1995-10-01,1995,12,,1219133.4654618683,313525.0764731622,25461.36711026287,721330.6725516291,158816.35132221,32655.26210589485,,2110.5481765701243,71676.02262793168,,4.992905903710088,
1996-01-01,1996,3,,1214047.8479632698,312034.0919490439,20023.157218866607,719087.8041518192,162902.79464354014,32221.919638487256,,2177.2318125,70821.64779905163,,5.44161464352424,
1996-04-01,1996,6,,1212618.0274826526,296678.37264124904,21754.79840690054,722354.4814505012,171830.37498400157,31411.36989672321,,2572.772313338474,73819.31119818814,,4.977460076524576,
1996-07-01,1996,9,,1225521.4545235145,301820.80677473964,22085.98806943168,721081.8490780485,180532.81254319847,31988.328022633275,,2354.3606535692406,71640.71266279873,,4.995160721598335,
1996-10-01,1996,12,,1242416.168662079,294559.8513734177,24866.00481984902,735451.6986908647,187538.6118446317,31689.01949294647,,2193.2536817141986,74205.70993667073,,1.909774758860383,
1997-01-01,1997,3,,1241170.7865759695,273622.1577410266,23118.892638593155,722279.1262619771,222150.6099343726,31948.74740749049,,2363.139002281369,76380.72723714828,,2.2340914040745785,
1997-04-01,1997,6,,1281037.8208684714,289196.8419801094,26522.87725542819,743654.3451387036,221663.75649423027,34145.49210670363,,2862.608789629518,80840.12364986337,,5.642320321416938,
1997-07-01,1997,9,,1281750.107826539,292569.99664245493,25728.878363025528,735014.9701177928,228436.2627032658,33842.88916167418,,2615.449548573574,76742.5662524775,,4.588141080311514,
1997-10-01,1997,12,,1305898.971738414,292745.38359829574,27765.984642061598,752418.010309239,232969.59318881744,33802.7272824787,,2317.123794924503,74201.03549704739,,5.109624671473623,
1998-01-01,1998,3,,1330108.171815526,286983.317137104,24703.854448782127,741831.7448137328,276589.255415907,34581.29124962642,,2708.710049760908,75912.41767767484,,7.16560413776004,
1998-04-01,1998,6,,1348467.9861204256,301457.71272634633,25431.22760011901,745348.0580241744,276230.9896556457,36167.35236655757,,3019.625611834276,81900.78546466825,,5.263713853993823,
1998-07-01,1998,9,,1341525.9686898445,290280.01105391426,27062.97003618906,734872.9052098965,289310.0823898448,36490.55478936483,,2756.268115472673,85104.8630429468,,4.663612704091524,
1998-10-01,1998,12,,1378752.787604821,304183.78375902993,32375.6794155241,756091.1948791096,286102.1295511573,37220.04438891346,,2448.5750952012386,84967.69139573198,,5.578824812873839,
1999-01-01,1999,3,,1381359.3565918591,270419.0432645791,29860.70716051593,759256.5287833967,321823.07738336746,44462.78720235312,,2807.418401088863,90333.34583477052,,3.853159153693353,
1999-04-01,1999,6,,1398458.641671022,265184.6176692386,26676.61017491629,766117.5905770127,340479.8232498544,47479.817614463536,,3157.7767640486245,91908.8181969719,,3.7072185669324353,
1999-07-01,1999,9,,1391346.4362165397,266830.69537789945,28233.476425298948,769474.0422184123,326808.2221949287,58858.59588132113,,2900.1120208543434,93330.84322727272,,3.7137162223815023,
1999-10-01,1999,12,,1438106.3223961466,281197.0776330755,32273.382091534164,789926.3390930382,334709.52357849875,77371.83451872942,,2557.778096153846,97772.06469621114,,4.304871426184742,
2000-01-01,2000,3,,1439502.4309133769,248380.8876330588,29571.667860621987,807774.121053323,353775.75436637324,69554.355180382,,2897.294434606646,101861.09935962796,,4.209120099274566,
2000-04-01,2000,6,,1458190.351456468,246895.5379118806,29146.102013407937,819153.7797337415,362994.931797438,65669.92084836007,,3363.949775056306,103934.6942922649,,4.271253221623517,
2000-07-01,2000,9,,1471600.6857016054,223692.2516585951,32158.733841648143,832174.4565490553,383575.24365230696,67700.43000437746,,3071.372527272096,107484.13031927464,,5.7680996907786275,
2000-10-01,2000,12,,1534847.2885016191,244042.47945869504,34925.51531035552,856172.5953958936,399706.6983366749,69770.21000719994,,2665.757895066832,118322.27255753064,,6.726968972939673,
2001-01-01,2001,3,,1570753.9298527138,235323.16220474432,51306.03796670768,853187.1703241727,430937.5593570891,73431.54934276729,,3125.453232465135,122216.70967240908,,9.117837950162876,
2001-04-01,2001,6,,1584594.2601514517,218232.89445081027,55290.308493079,884254.9405116813,426816.1166958811,73256.80006488858,,3521.553216306549,122948.48911323427,,8.66854650140354,
2001-07-01,2001,9,,1583224.7308584338,222463.35884784945,51659.98320057122,893404.6974102148,415696.6913997983,75708.16302389112,,3235.963643716397,122875.9728832661,,7.58521290737304,
2001-10-01,2001,12,,1650759.723498826,233719.10201526023,56509.22874634424,936227.1979156156,424304.1948216058,85772.71021055809,,2801.267535115374,124643.49472132412,,7.55205002253776,
2002-01-01,2002,3,,1650882.6040127813,223995.2796828652,56314.624750465984,940144.7148950872,430427.98468436295,92596.61742381175,,3334.7683696911195,114903.2738102117,,5.101287517872444,
2002-04-01,2002,6,,1671066.5236617264,229637.4150320966,56382.28358915719,946476.8539375736,438569.9711028988,86161.03444496794,,3643.874633457663,122332.20031880646,,5.457060250995105,
2002-07-01,2002,9,,1686850.4235957055,222961.73947748105,60401.31137536004,954385.7904066507,449101.5823362136,92189.8270926944,,3343.5567107554334,118976.85042959543,,6.545229538012931,
2002-10-01,2002,12,,1706106.3708205628,235908.64632236847,64206.49756666023,971238.3523197884,434752.8746117455,102278.75483626808,,2841.6262978586174,116837.74874167958,,3.3527985044624398,
2003-01-01,2003,3,,1728550.8969630292,234625.34263084084,57469.31383520539,975877.0185394096,460579.2219575738,121298.74354075736,,3060.5986873234915,115183.49235924262,,4.704652696773248,
2003-04-01,2003,6,,1771278.8865558207,245041.43863864476,59922.840627308615,1000243.7824956056,466070.8247942618,127411.27254556744,,3730.216439179722,125539.79446497258,,5.996910444624537,
2003-07-01,2003,9,,1794385.85266973,242284.6835146928,57900.753260081416,999160.3484737312,495040.067421225,138321.5311608892,,3410.292479773566,118736.23461814654,,6.374923797025289,
2003-10-01,2003,12,,1840481.7049508677,265211.6942151389,55123.96671306425,1024160.6162192884,495985.4278033761,162864.65002926567,,2938.5752136615115,114446.6840662014,,7.8761404580932615,
2004-01-01,2004,3,,1863127.8762019544,244787.49916518977,62066.908776426586,1053947.3404218198,502326.127838518,193179.6022491516,,3195.5097611865253,116771.6260944884,,7.7855375549177985,
2004-04-01,2004,6,,1915481.42048714,237959.64699553896,60754.22606851463,1084367.1669696034,532400.3804534825,201776.066873554,,3805.81744185331,126787.88950559928,,8.141153548762459,
2004-07-01,2004,9,,1931999.5588069384,255511.18721281117,69708.33743298618,1092740.8119617945,514039.2221993468,226658.7339187823,,3486.578073823021,124244.97204674018,,7.669125675086175,
2004-10-01,2004,12,,1953375.4929869063,258894.73144406217,64818.10496172351,1136927.9578185142,492734.69876260665,252502.982848782,,2960.890431973204,128629.22510730816,,6.133926120121491,
2005-01-01,2005,3,,2021309.198938313,279809.7994091406,64818.83452722742,1171220.0669400755,505460.4980618695,293663.0988082837,,3223.806772790811,130624.6511939042,,8.490094789350477,
2005-04-01,2005,6,2895762.839581166,2145668.287135843,281155.7657029889,63613.52119863382,1286489.402480969,514409.5977532514,306326.02079358074,237098.110561717,4205.764787853478,202464.6563021716,74.09682373872116,12.01718086047332,10.578422259120044
2005-07-01,2005,9,2946631.2690307125,2177329.9974454683,259889.9239044791,76930.32656469053,1302888.6168187007,537621.1301575978,328452.474939052,240493.6514886243,3879.8023983010585,196475.34275926705,73.89217715597296,12.698265769275242,11.146711106717323
2005-10-01,2005,12,3077279.2034814777,2296617.629216596,281675.24020761414,81800.16684759891,1377566.6468896617,555575.5752717212,354648.91213986726,237193.19275170245,3341.979476165316,185477.48989714688,74.63143502280583,17.571743756487802,11.524755756274422
2006-01-01,2006,3,3156679.845028815,2336065.360778025,260364.70215565764,78794.40000479757,1426369.0773276386,570537.181289931,401902.0102591563,230730.6808000234,3717.947186256728,184263.84600535335,74.00387354634314,15.571895779479794,12.731795113529722
2006-04-01,2006,6,3216052.568684852,2354715.209945701,269416.02667414764,71820.38106747216,1490779.6748202562,522699.1273838251,423169.1564175755,224650.203632017,4551.430574532201,208966.568115027,73.2175597150957,9.742741879682871,13.158029832535451
2006-07-01,2006,9,3367295.200998268,2456021.210547212,277323.6479138866,93254.5790595925,1557492.0115969635,527950.9719767689,458743.03896017536,243748.43632428136,4259.908942283273,204522.606224316,72.93750811687374,12.799677284964407,13.623487445477794
2006-10-01,2006,12,3509156.9960361114,2556166.481896501,269598.5052663827,95380.43530809702,1655845.9169717524,535341.6243502689,475111.9755899189,252530.32261976792,3665.778594579141,221682.4373353443,72.84275068866701,11.301352448837566,13.539205459504888
2007-01-01,2007,3,3623652.396629412,2627619.0516126244,225144.5823782974,104569.97658067833,1743849.2052124587,554055.28744119,509749.8695823628,253573.78879938912,4029.2276125670896,228680.45902246772,72.5129997031928,12.480545096456463,14.067294922010548
2007-04-01,2007,6,3755302.96457428,2694888.924130508,249296.96590649177,97848.99487464962,1787702.142256195,560040.821093172,533076.9900868651,250748.78281699185,5187.987297903353,271400.2802420115,71.76222396841993,14.446490715650139,14.195312471873955
2007-07-01,2007,9,3882995.022526391,2775514.601612535,271629.28274465987,112007.9364599494,1810594.180602501,581283.2018054244,566200.3162958403,265235.05308631255,4801.456946205733,271243.59458549746,71.47870614077438,13.008576216413804,14.581535979601995
2007-10-01,2007,12,3946206.4527179305,2847065.620876769,309873.59854361904,103593.76111137934,1835354.6672930703,598243.5939287008,550744.2637739219,277068.26726544497,4164.25464591792,267164.04615587625,72.14689994021641,11.380289235482067,13.95629626510289
2008-01-01,2008,3,3953939.802596792,2866534.658266582,260971.42729969395,88121.12476374165,1853232.426454048,664209.6797490983,530547.9463698776,281263.25382171344,4576.4425080045885,271017.50163061405,72.49818665382702,9.092475049125937,13.418210009708154
2008-04-01,2008,6,4023837.247791961,2916740.141057949,285891.8359108745,84748.26684966903,1868774.787711056,677325.2505863495,545515.1827931347,262249.1544129832,5702.545168588512,293630.22435930494,72.48653366033828,8.232295399671052,13.557088649459681
2008-07-01,2008,9,4115626.5607095375,3001565.1277162866,315719.73584423057,98261.93067934724,1905519.6508025597,682063.8103901495,527629.8481287236,278684.109729272,5092.862159882783,302654.6129753737,72.93093975948133,8.144454580509851,12.820158494597717
2008-10-01,2008,12,4246046.280135386,3102260.7245391062,364428.14952041866,102930.3828515794,1959569.995002948,675332.1971641605,488029.1224374459,319192.1065194721,4300.734171841194,332263.59246751945,73.06233893522682,8.963442984631609,11.493730643507847
2009-01-01,2009,3,4308742.499163569,3122079.222250164,344974.4116705937,111525.73036185215,1961706.1263192925,703872.9538984256,507154.1494474087,337526.2208889405,4450.332066641155,337532.5745104144,72.45917394358644,8.914755774769233,11.770351780034652
2009-04-01,2009,6,4314466.887320211,3133081.135487166,373578.1116733445,114552.9947276208,1951418.340884545,693531.6882016555,531666.6848998058,335781.8045866857,5576.996160429249,308360.26618612494,72.6180364182416,7.4172186745009805,12.322882497077943
2009-07-01,2009,9,4262870.673623574,3066837.1023767525,335334.3720290123,110283.74827749105,1951630.04007848,669588.941991769,540669.546116674,354876.7991385418,5200.977264098664,295286.24872750737,71.94300125858251,2.1745979808249993,12.68322657457229
2009-10-01,2009,12,4248941.487213267,3085701.6586563545,368583.91610086407,105954.97866008374,1935842.1118320543,675320.652063352,531711.9162113074,353417.3364773801,4508.800369056564,273601.7754991682,72.62283248527763,-0.5337741522422168,12.513985372861388
2010-01-01,2010,3,4268618.020264016,3062773.772032049,366008.6121967116,98256.32886609166,1908165.5331198652,690343.2978493801,541850.5709462534,360859.13320013473,5198.5171759029645,297936.02690967656,71.75094509493297,-1.8995498190904958,12.69381725827835
2010-04-01,2010,6,4275218.137024227,3074265.0197307407,436236.2623633514,93412.66870284772,1903739.0631743171,640877.0254902241,505562.6655925778,361061.6100433535,5219.561225799596,329109.2804317554,71.90896279904418,-1.8772611755960678,11.825423858827367
2010-07-01,2010,9,4232858.87878668,3010086.4729357385,345929.6521999682,98818.09859120657,1902571.589254948,662767.1328896161,499955.7523321631,370598.9974840676,5003.410316602832,347214.2457181084,71.11237485428664,-1.8504611606867893,11.811302163597572
2010-10-01,2010,12,4121109.109953257,2965559.4814714952,311961.7338256643,99467.96363600832,1894713.3968116725,659416.38719815,498686.67959880136,356571.74554882746,4250.838625403856,296040.36470872845,71.96022726768163,-3.893512415493028,12.100788071696012
2011-01-01,2011,3,4089433.6837541633,2946600.937971586,298437.3771310626,111035.72317795068,1872944.7934131192,664183.0442494536,505408.8654901124,353784.7801045223,4204.121169858451,279434.9790180839,72.05400957294803,-3.7930595828299274,12.35889623294097
2011-04-01,2011,6,4163200.9082108177,2978182.05165794,325311.5156326331,96978.11394001648,1854934.5345632017,700957.8875220884,487839.2579855061,409544.8642595768,4655.555039465555,282979.1792683297,71.53587149215547,-3.1253963941344387,11.717888921079249
2011-07-01,2011,9,4191535.5655232337,2918131.853938241,336465.7087924961,87875.13816356368,1813445.5682968027,680345.4386853791,470664.2882611656,440829.9082148015,4352.804990923156,357556.71011810214,69.619637202672,-3.054882968455519,11.228922692020916
2011-10-01,2011,12,4194472.082218848,2897620.32190988,438860.65921350406,85780.75134157081,1752982.2220230582,619996.6893317469,475710.5467325664,451843.5108487224,3900.1273821897594,365397.5753454901,69.08188361041749,-2.2909390280684727,11.341368768412892
2012-01-01,2012,3,4327079.840750281,3019160.3013574206,619569.1892811767,92500.7273206261,1745539.390302906,561550.9944527118,476431.30514326936,469470.58082657546,3773.4299482688175,358244.22347474727,69.77362129823615,2.4624767626587385,11.010457922603527
2012-04-01,2012,6,4304893.650685701,3003406.00217183,720993.9893814806,85402.51529080345,1689693.0804402223,507316.4170593229,433794.4365671047,472449.4588136434,4197.08295879232,391046.6701743305,69.76725201314638,0.8469579789404769,10.076774753727266
2012-07-01,2012,9,4174885.743001397,2861856.955597706,705573.791762419,91403.6971949626,1614942.8922593766,449936.5743809477,421461.8410345886,484074.3476806983,3926.8158347132176,403565.7828536909,68.54934797665308,-1.9284563260768217,10.095170670026347
2012-10-01,2012,12,4085145.0262492336,2790863.975534043,657452.7309211282,84480.04985274618,1636087.6606675657,412843.5340926027,406983.8585135576,488290.35896034143,2605.7062761256807,396401.1269651657,68.31737814939872,-3.6842765619987006,9.962531462126055
2013-01-01,2013,3,4052393.357423721,2797791.983614617,558719.0143611776,109160.38916863594,1669929.4762011915,459983.1038836125,386270.5581740453,482276.74055426766,2133.5226843902683,383920.5523964004,69.0404839029075,-7.332115411138518,9.531911739674106
2013-04-01,2013,6,3907574.841835702,2716654.743798594,511155.6704573968,101105.84539184574,1660056.1481565752,444337.07979277655,336425.68243902863,512533.28886785824,2439.8858757302705,339521.2408544906,69.52278212852765,-9.547535636736415,8.609577450370278
2013-07-01,2013,9,3790594.191551144,2619912.151046471,481814.8695638172,99275.75486426444,1650392.849313867,388428.6773045229,313516.5333402336,519607.8299575547,2282.603831560636,335275.0733753231,69.11613374193402,-8.454119416346028,8.270907343208373
2013-10-01,2013,12,3596408.4973927047,2501359.814333703,417205.3951482331,77324.49998127035,1636647.7738722234,370182.14533197606,294032.57649193064,518043.49080865656,1992.942511425328,280979.6732469894,69.5516045006322,-10.37328095307627,8.175727999338674
2014-01-01,2014,3,3626524.9336947775,2525287.535365114,405782.17632342223,93488.56906917816,1648371.007131441,377645.7828410725,285650.43466239766,531073.4147318753,1722.244215822848,282791.3047195676,69.63381147340685,-9.73998245207065,7.876698489188964
2014-04-01,2014,6,3567024.417141002,2486590.09763148,379011.0692621191,95093.84124394043,1639737.4620043528,372747.7251210675,268088.66774888703,512432.6352184655,644.0498837801741,299268.96665838937,69.71048714111414,-8.468674449423164,7.515750844334343
2014-07-01,2014,9,3557518.191833184,2471455.686447232,366509.86406200216,95742.94280139884,1614083.2151224113,395119.6644614197,258306.3626047889,512500.8640867184,565.5630285493827,314689.715665895,69.47134359343063,-5.6664672721923655,7.260858516416581
2014-10-01,2014,12,3514246.879854963,2451656.144090823,349478.05232516216,92877.25273107232,1623381.799044065,385919.0399905238,248267.547988404,496208.1635426933,108.54332832917709,318006.4809047133,69.76334412202723,-1.9870659933872714,7.064601790260401
2015-01-01,2015,3,3555272.1693715444,2499047.881467478,372389.3621989796,107704.7929010757,1623645.474341636,395308.2520257867,232344.47231240576,478509.0197175279,117.44632281089775,345253.349551322,70.29132405098616,-1.0390758885935103,6.535209155406988
2015-04-01,2015,6,3398795.798669789,2423496.8705957085,364543.0900297855,93898.3743080878,1592930.7385974142,372124.6676604212,223445.4240862171,452335.8168703282,133.41796821237887,299384.2691493227,71.30457415371085,-2.537339270186467,6.574252686015105
2015-07-01,2015,9,3416581.2003326137,2436411.8904910106,363013.9506418994,88354.8453189785,1598301.0678252813,386742.02670485136,228884.0078978506,456970.2374614052,122.49820080855768,294192.5662815388,71.31140012869646,-1.417941505016329,6.699211711273483
2015-10-01,2015,12,3344594.086666426,2386016.085955894,346509.7688046774,96206.7041311459,1586734.3077990175,356565.30522105313,232846.3783817443,446959.577247781,117.84813516006784,278654.1969458462,71.33948168682103,-2.6773762011095936,6.961872572519658
2016-01-01,2016,3,3381954.564213631,2407842.2466842057,352178.28834973136,88245.54786055355,1588495.31154225,378923.0989316708,226544.80614405923,449968.92646543,121.3801382806164,297477.2047816556,71.1967650944499,-3.649615337890799,6.698635414598931
2016-04-01,2016,6,3352082.47115474,2371913.946229717,345832.1803453853,89743.810230913,1577732.362088458,358605.59356496064,228971.7354658876,442267.22347480815,129.66850847204228,308799.89747585467,70.75941497980597,-2.128450215547917,6.830730969068623
2016-07-01,2016,9,3294556.7572711552,2331653.823104096,341346.68075167935,73789.63321781633,1572731.98640187,343785.52273273014,222915.31063590336,443815.2595079207,134.13155549428515,296038.2324677412,70.77291407889962,-4.299686263877267,6.766169990664894
2016-10-01,2016,12,3163127.403562107,2249244.541829512,319367.612051576,66522.06095014238,1536266.6342997593,327088.2345280341,217429.7015418794,429802.7490820895,121.3266050422231,266529.084503584,71.10824999639786,-5.732213832564681,6.873883780243069
2017-01-01,2017,3,3170712.740427552,2280411.2754555005,352816.6186295093,61663.15444747274,1538926.4817927897,327005.0205857284,206454.41236823588,431373.2925721754,130.97633176412288,252342.7836998761,71.9210935251107,-5.292330567095416,6.51129349360096
2017-04-01,2017,6,3152899.317553535,2273899.260171355,366394.8991851253,67397.33475954836,1522958.9969462692,317148.0292804124,211665.89155547373,420700.8440682376,128.38429904270987,246504.93745942565,72.12089670962813,-4.132303628222333,6.713373001701623
2017-07-01,2017,9,3173035.165840475,2272327.822443238,361405.315476187,79426.66161859733,1515452.4154458728,316043.4299025808,213202.5625437106,440584.8154332398,132.58891533687944,246787.37650494976,71.61369804237083,-2.5443743008933595,6.719199485683526
2017-10-01,2017,12,3139146.7442952804,2223066.96401146,361187.50727542007,74987.56583181996,1469744.1185554047,317147.7723488152,246578.4484630718,426986.87926813634,131.97140621054675,242382.4811464019,70.81755474003893,-1.1638386725508876,7.8549513147537535
2018-01-01,2018,3,3128623.071842147,2232228.557914929,370838.3403483157,73624.53810340777,1468070.652938504,319695.0265247014,252993.46989620055,409509.9666167009,142.7512282608696,233748.32618605564,71.34859350764114,-2.1128959525490543,8.086415783772791
2018-04-01,2018,6,3071674.1965838857,2199181.4006612906,337211.1403216206,81553.9907890985,1473461.348903946,306954.92064662545,240622.25993356376,394722.83862519206,146.2986524577573,237001.3987113816,71.59552934054906,-3.285891368135374,7.833586654508087
2018-07-01,2018,9,3031857.455214241,2168949.370827948,313802.4417152043,86087.55161233386,1461943.5319011272,307115.8455992825,245922.91932496152,385784.61194293015,152.1173369052206,231048.43578149687,71.53863276447089,-4.549451474133514,8.111295565760159
2018-10-01,2018,12,3012962.357473941,2158063.482424345,306425.198182863,86218.08934979365,1463983.4480957144,301436.7467959737,251544.79283434112,382367.2601799836,152.3728559602649,220834.4491793118,71.62596894285991,-2.9240451430135206,8.348753253101894
2019-01-01,2019,3,3091398.881774447,2217141.621892115,311509.62278993137,87138.2866534931,1501970.4356462215,316523.27680246887,256532.2606858392,383448.9259415402,164.45354604309594,234111.61970890904,71.7196876457265,-0.6758687845525246,8.298258183317676
2019-04-01,2019,6,3080046.8443321623,2201620.8167421618,293255.1937106157,89747.97269429309,1515721.94154567,302895.708791583,254873.86280984132,376034.9262198404,162.48925093203326,247354.7493093873,71.48010819359901,0.1109238228432563,8.274999559790945
2019-07-01,2019,9,3099222.4852977637,2170460.4746336145,271964.4030257941,89773.71157278634,1510353.4299849134,298368.93005012034,266654.70297504816,379141.3280013716,170.03804270933594,282795.9416450193,70.03241893506988,0.06966985149541305,8.603922572194064
2019-10-01,2019,12,3039706.418589015,2157376.69980059,258840.02249869052,83075.36509794304,1511918.578441529,303542.7337624273,273869.8880305685,375644.713653652,173.3953896057518,232641.7217145986,70.97319289150336,-0.031824023220261566,9.009747992626691
2020-01-01,2020,3,3228196.291254446,2277934.122088165,314977.4699704504,78988.34041040881,1546212.803536895,337755.50817041175,289880.28363760025,379878.29627425823,184.60861764279505,280318.98063677875,70.56368066153071,2.7419313045131233,8.979636226673056
2020-04-01,2020,6,3378005.502102062,2435999.8515076977,416663.7090310792,87443.35692741006,1616164.8572203356,315727.9283288729,290587.6932157074,375950.6197568105,198.5878247242206,275268.74979712226,72.11355487703693,10.645749394410121,8.602345171873779
2020-07-01,2020,9,3352953.526620484,2437930.9971857853,414841.4711657651,92753.4102067958,1626048.373220537,304287.74259268737,288243.4002400019,378641.45143841766,194.7654302550232,247942.91232602397,72.70995490483371,12.323215542421773,8.596701324713225
2020-10-01,2020,12,3321245.0410098606,2434191.261882563,407298.42793291697,96374.7807171884,1655627.416215035,274890.637017423,277073.1228974249,381551.8965002394,184.16480468600423,228244.59492494736,73.29152868354515,12.831072204847649,8.342447470036051
2021-01-01,2021,3,3347500.1621447164,2472930.887085733,450411.91506580194,89664.89529923229,1639130.7460368583,293723.3306838403,284471.4913316088,377932.0081960709,189.55162497615868,211976.22390632745,73.87395869463815,8.56024601882761,8.498027708812723
2021-04-01,2021,6,3332676.138243324,2469020.859809337,436425.0951891223,100590.83387756768,1656116.940531256,275887.9902113912,281080.8711188375,362850.6999805556,187.54251451914095,219536.1648200747,74.08523232955886,1.355542295341361,8.43408898612624
2021-07-01,2021,9,3316087.399138548,2460354.1974739246,429688.8244819355,108840.85536145164,1631698.6539011097,290125.86372942786,285265.3820851212,355442.60912113404,192.10215319959133,214833.1083051685,74.19449192180745,0.919763533669471,8.602468745523032
2021-10-01,2021,12,3241906.1353469,2419581.0088949464,425641.9157542678,109715.59126740792,1617667.3953058852,266556.10656738543,281450.8037546047,338490.72763820755,188.65008589398025,202194.944973248,74.63451771517867,-0.6002097376817228,8.6816456740037
2022-01-01,2022,3,3164178.737180351,2367753.376623729,412895.05285827175,96796.26785479808,1568119.6346762264,289942.4212344333,261712.2358419452,323771.1306079027,191.6121312201476,210750.3819755536,74.82995030595745,-4.253152039600772,8.271095206055303
2022-04-01,2022,6,3198006.717559832,2387574.4575909865,400952.6583397366,105791.59622369536,1553369.629247649,327460.5737799051,264048.5438021222,313143.7289760251,191.0598005337174,233048.9273901644,74.65820645344898,-3.298732851720021,8.256660073672345
2022-07-01,2022,9,3249825.243285191,2399043.3397110994,397935.0460000427,99770.04549181028,1553746.8016920537,347591.44652719254,282119.3182205042,314669.2908849387,196.6669827034636,253796.62748594527,73.82068757906345,-2.4919524930911874,8.681061198703558
2022-10-01,2022,12,3062737.3003704417,2229717.324428857,220550.8410502975,103093.17642020824,1548324.626517786,357748.6804405653,289275.1641344667,315695.16078208666,207.37288155546116,227842.27814347643,72.80145522631568,-7.846965394756622,9.444987792439088
2023-01-01,2023,3,3024221.7809689576,2192365.8868106767,183755.080956074,103231.38342713326,1488517.3118397435,416862.11058772594,295118.1652269441,311321.78530102986,224.74135296343,225191.20227734343,72.49355522160961,-7.407337755047106,9.758482895800999
2023-04-01,2023,6,3015724.6868804456,2161014.1831624126,132287.46684455022,110558.802775503,1483396.6765105375,434771.2370318216,304462.0282460924,311379.28532746504,237.41503897156636,238631.7751055038,71.65820515923254,-9.489139645813127,10.095816424178855
2023-07-01,2023,9,2987437.457344878,2133512.714750412,122277.35942024476,110668.60732497528,1465019.8553465055,435546.8926586863,311845.63980861625,312191.7368139937,261.25032872507,229626.11564313088,71.41614662107764,-11.068187913298122,10.438566305109294
2023-10-01,2023,12,3007905.680577412,2164244.869847527,112982.46031073782,100525.25949787717,1502660.357317436,448076.7927214757,315758.5148978153,318239.91607765865,262.94484806265456,209399.4349063479,71.95188611871859,-2.9363567239672816,10.497620219168603
2024-01-01,2024,3,2988211.03335547,2138255.917842742,95004.92702547651,143779.73980579994,1480842.4478863026,418628.8031251629,323252.9396898216,314242.39645605243,288.3020918051482,212171.47727504888,71.55638922334374,-2.4681085075014764,10.817607460837198
2024-04-01,2024,6,2954185.191931637,2125112.60359754,88041.55513626314,153547.16443400847,1507020.331191604,376503.55283566425,306148.7590706735,316977.68807358725,312.90408920102874,205633.23710063496,71.93565959918729,-1.6613301219677634,10.363221639144893
2024-07-01,2024,9,3017954.5221937336,2174675.887492264,92218.10207072367,187557.17633532325,1510603.1237840927,384297.485302124,313977.5164527494,322215.3374942333,340.84210008528265,206744.9386544022,72.05794094973655,1.9293614918375335,10.40365300881078
2024-10-01,2024,12,3018046.4508814625,2181736.556328797,93874.3355231062,141351.22544252503,1537719.2003025848,408791.7950605811,311413.62006388773,317234.5143782164,346.5107048496993,207315.2494057114,72.28969440452417,0.8082119876990701,10.318383932524798
2025-01-01,2025,3,3021862.9992617704,2211019.9652921217,92239.69070640486,175740.38058557716,1523931.852632319,419108.04136782046,290610.0857189517,322781.3919098423,367.01882522106274,197084.5375156337,73.16744557355067,3.4029625192287805,9.616917967159551
2025-04-01,2025,6,3048817.992086601,2234266.959429882,97328.50712375244,180806.5884694892,1534243.3178384088,421888.5459982319,281262.7890271513,319166.25259919453,389.6818006876228,213732.3092296857,73.28305478480718,5.1364033909336415,9.225305995870746
2025-07-01,2025,9,3078678.3523715506,2284871.603888048,91564.1812408546,196336.4825841612,1538477.873276234,458493.0667867984,278392.51665939373,317182.6640640768,410.4872369520656,197821.08052308025,74.21598953745779,5.067224823229011,9.042598309919057
2025-10-01,2025,10,3103338.2938348143,2312839.309920784,89930.58457577122,200993.5575520279,1517376.0354720484,504539.1323209365,276233.0087122612,312282.2058590276,410.5373229329784,201573.23201980896,74.52746336148851,6.2570324111157705,8.901156836849983
