fecha,año,trimestre,periodo,inactivos_estudiantes_ambos_sexos,inactivos_estudiantes_hombres,inactivos_estudiantes_mujeres,inactivos_incapacidad_permanente_ambos_sexos,inactivos_incapacidad_permanente_hombres,inactivos_incapacidad_permanente_mujeres,inactivos_labores_hogar_ambos_sexos,inactivos_labores_hogar_hombres,inactivos_labores_hogar_mujeres,inactivos_otra_causa_ambos_sexos,inactivos_otra_causa_hombres,inactivos_otra_causa_mujeres,inactivos_pensionistas_ambos_sexos,inactivos_pensionistas_hombres,inactivos_pensionistas_mujeres,inactivos_total_ambos_sexos,inactivos_total_hombres,inactivos_total_mujeres,share_labores_hogar,share_pensionistas,share_estudiantes,ratio_feminizacion_inactividad
1976-07-01,1976,3,1976Q3,1173.1,609.1,563.9,381.6,229.6,152.1,7796.0,0.0,7796.0,406.3000000000004,345.90000000000083,60.4,2355.8,1507.0,848.8,12112.9,2691.7000000000007,9421.2,64.36113564877115,19.448686937067095,9.684716294198745,77.77823642562888
1976-10-01,1976,4,1976Q4,1194.7,621.8,572.8,421.5,253.6,167.9,7800.1,0.0,7800.1,419.3283680206205,369.4852075979389,50.00000000000036,2385.5,1506.9,878.6,12221.12836802062,2751.785207597939,9469.5,63.82471213059793,19.519474210271834,9.775693078604805,77.48366754515177
1977-01-01,1977,1,1977Q1,1227.4,632.8,594.5,432.9,256.1,176.8,7791.5,0.0,7791.5,425.6321683917519,378.2952780412365,47.33689035051575,2450.6,1537.2,913.5,12328.032168391752,2804.3952780412365,9523.636890350515,63.201489853156644,19.87827389259394,9.956171295099079,77.25188221659968
1977-04-01,1977,2,1977Q2,1278.7,663.0,615.6,439.9,259.6,180.4,7832.6,0.0,7832.6,425.9632562061896,382.44419776288686,43.61905844329849,2505.3,1546.0,959.3,12482.463256206189,2851.044197762887,9631.519058443298,62.748832816356895,20.07055777836465,10.24397167253218,77.15978570070229
1977-07-01,1977,3,1977Q3,1230.9,636.0,594.9,443.4,263.8,179.6,7807.5,0.0,7807.5,440.4153015670101,390.4935849484543,49.82171661855682,2551.8,1557.9,994.0,12474.01530156701,2848.1935849484544,9625.821716618557,62.59011081234771,20.456925362913722,9.867712763230072,77.1669866030174
1977-10-01,1977,4,1977Q4,1252.5,641.0,611.4,440.9,268.5,172.4,7749.6,0.0,7749.6,439.8006504639168,395.9955796391737,43.90507082474396,2609.2,1581.5,1027.6,12492.000650463917,2887.0955796391736,9605.005070824744,62.03650013188402,20.886966571708445,10.026416384740468,76.88863017980923
1978-01-01,1978,1,1978Q1,1314.2,674.0,640.2,426.2,259.6,166.5,7700.4,0.0,7700.4,438.5833132164935,395.78117791752686,42.80213529896755,2702.3,1613.9,1088.4,12581.683313216494,2943.3811779175267,9638.302135298967,61.20325721369155,21.47804814925961,10.445343180904036,76.60582368318207
1978-04-01,1978,2,1978Q2,1397.0,716.6,680.5,423.6,256.1,167.5,7715.6,0.0,7715.6,449.3207475360843,402.42639960824727,46.89434792783614,2755.6,1642.0,1113.6,12741.220747536085,3017.126399608247,9724.094347927836,60.55620691990643,21.627441001152746,10.964412497681227,76.31995819402388
1978-07-01,1978,3,1978Q3,1360.7,688.4,672.4,424.1,258.4,165.7,7704.5,0.0,7704.5,465.6250091546375,407.32325567010247,58.40175348453632,2801.8,1651.3,1150.4,12756.725009154638,3005.4232556701027,9751.301753484537,60.39559522111673,21.963317371734032,10.666530782967556,76.44047940585602
1978-10-01,1978,4,1978Q4,1405.7,711.9,693.8,426.9,263.0,164.0,7675.1,0.0,7675.1,468.23089035051305,418.6264875670088,49.6044027835047,2851.6,1679.2,1172.3,12827.530890350514,3072.626487567009,9754.904402783504,59.8330268358471,22.230310917786294,10.958461234791764,76.04662570036463
1979-01-01,1979,1,1979Q1,1442.4,734.7,707.7,430.6,263.7,166.9,7620.4,0.0,7620.4,471.4617419587648,415.4453648453606,56.01637711340154,2919.9,1702.2,1217.7,12884.861741958764,3116.0453648453604,9768.816377113402,59.14227216877798,22.66147715416708,11.19453222616206,75.81622971787002
1979-04-01,1979,2,1979Q2,1519.8,780.1,739.7,428.2,261.1,167.1,7633.6,0.0,7633.6,478.5705452680406,423.4835974536083,55.0869478144341,2987.2,1725.1,1262.1,13047.37054526804,3189.7835974536083,9857.586947814434,58.50680773965233,22.895034594410163,11.648324041438325,75.55228782392125
1979-07-01,1979,3,1979Q3,1452.1,739.1,713.1,435.7,270.3,165.4,7629.0,0.0,7629.0,487.1290555051517,421.5018234639168,65.62723204123577,3025.9,1745.5,1280.3,13029.729055505151,3176.401823463917,9853.327232041236,58.550718648878544,23.223046213087112,11.144514163066788,75.62188891317072
1979-10-01,1979,4,1979Q4,1474.0,734.9,739.1,426.2,266.7,159.4,7597.0,0.0,7597.0,475.57005457731975,424.1165774329902,51.55347714432901,3106.5,1779.7,1326.8,13079.17005457732,3205.31657743299,9873.953477144329,58.08472531742391,23.751507068392446,11.269828237183473,75.49315394469409
1980-01-01,1980,1,1980Q1,1523.2,758.5,764.8,419.7,260.4,159.3,7568.4,0.0,7568.4,482.37719129897016,425.3207421030913,57.05644919587612,3184.9,1825.2,1359.7,13178.57719129897,3269.4207421030915,9909.156449195876,57.42956838312533,24.167252304769292,11.558152127421453,75.19139817110381
1980-04-01,1980,2,1980Q2,1600.7,803.5,797.2,430.8,268.4,162.4,7594.4,0.0,7594.4,488.37338891752586,427.12283139175287,61.250557525772095,3228.2,1844.6,1383.6,13342.473388917526,3343.6228313917527,9998.850557525771,56.91898180069095,24.194914285393253,11.99702598867139,74.94000749389525
1980-07-01,1980,3,1980Q3,1592.8,790.1,802.7,435.7,276.1,159.6,7591.6,0.0,7591.6,514.7662695257728,441.72004552577454,73.04622400000008,3273.0,1853.1,1419.9,13407.866269525774,3361.0200455257745,10046.846224,56.62049312987748,24.411042996744953,11.87959342658581,74.93247636900357
1980-10-01,1980,4,1980Q4,1635.8,815.8,820.0,430.7,265.7,165.0,7576.4,0.0,7576.4,507.4687798556715,446.1790488144332,61.28973104123652,3327.0,1882.2,1444.8,13477.568779855672,3409.879048814433,10067.589731041237,56.2148865552377,24.68546111204211,12.137203873483163,74.69941051608247
1981-01-01,1981,1,1981Q1,1661.9,821.8,840.1,420.2,258.8,161.4,7607.4,0.0,7607.4,513.5318183092775,455.4207722474236,58.11104606185618,3382.7,1905.3,1477.4,13585.731818309278,3441.3207722474235,10144.411046061856,55.99551133305625,24.898916342814807,12.232686632017007,74.66959587992449
1981-04-01,1981,2,1981Q2,1728.2,871.8,856.3,410.6,256.1,154.5,7621.3,0.0,7621.3,518.7393393608247,452.2735652474221,66.56577411340295,3427.0,1923.0,1504.0,13705.839339360824,3503.273565247422,10202.665774113402,55.60622601282748,25.003941131560204,12.609224121261262,74.4397412063054
1981-07-01,1981,3,1981Q3,1680.6,833.9,846.7,408.9,257.2,151.8,7612.8,0.0,7612.8,534.2578773195888,458.1638307216481,76.194046597938,3476.5,1940.8,1535.7,13713.157877319589,3489.9638307216483,10223.094046597938,55.51456541305436,25.351564031431735,12.255382859549595,74.55006854092115
1981-10-01,1981,4,1981Q4,1706.9,843.5,863.5,408.5,257.4,151.1,7572.7,0.0,7572.7,534.189710061856,461.6039402680405,72.48576979381615,3514.3,1957.3,1557.0,13736.589710061857,3519.8039402680406,10216.785769793816,55.12794776459767,25.583496880785667,12.42593712142192,74.37643538490609
1982-01-01,1982,1,1982Q1,1733.6,855.8,877.8,398.7,252.2,146.5,7594.6,0.0,7594.6,536.8983952371145,461.2068346804123,75.7915605567021,3572.0,1989.3,1582.7,13835.798395237114,3558.4068346804124,10277.391560556702,54.89094147696163,25.817086213323538,12.529815414170683,74.28116012513328
1982-04-01,1982,2,1982Q2,1790.4,885.6,904.8,398.5,252.6,145.9,7565.0,0.0,7565.0,559.6847968866001,480.6763287319576,79.00846815463846,3625.6,2016.3,1609.3,13939.1847968866,3635.2763287319576,10303.90846815464,54.27146644680173,26.010129378654906,12.84436662608775,73.92045243891222
1982-07-01,1982,3,1982Q3,1736.1,849.0,887.1,412.4,259.6,152.8,7487.5,0.0,7487.5,601.7455778969037,503.795983587628,97.94959430928029,3670.5,2044.9,1625.6,13908.245577896903,3657.295983587628,10250.94959430928,53.834971190753166,26.390819600088083,12.482523336796872,73.70411700667817
1982-10-01,1982,4,1982Q4,1737.9,845.0,892.9,431.2,272.4,158.8,7472.4,0.0,7472.4,582.5528999999991,501.707292268042,80.74560773195954,3722.8,2069.7,1653.1,13946.7529,3688.707292268042,10257.94560773196,53.57806260409188,26.692951590186993,12.460965017885993,73.55130783911571
1983-01-01,1983,1,1983Q1,1808.2,882.7,925.5,444.6,278.1,166.6,7450.1,0.0,7450.1,586.7310201855682,504.7693626804127,81.96165750515684,3763.2,2092.3,1670.9,14052.831020185567,3757.869362680413,10294.961657505157,53.01494047212717,26.778945783910142,12.867158207500617,73.2589870519144
1983-04-01,1983,2,1983Q2,1871.3,915.9,955.4,453.4,284.8,168.7,7425.1,0.0,7425.1,595.5273371443309,502.8588904948461,92.6684466494844,3791.5,2104.8,1686.8,14136.92733714433,3808.258890494846,10328.668446649484,52.52272875797264,26.819830855591608,13.23696412503457,73.06162223463676
1983-07-01,1983,3,1983Q3,1813.5,883.9,929.6,469.6,299.4,170.2,7383.4,0.0,7383.4,609.5549896907214,503.5211136494839,106.13387604123707,3814.7,2105.4,1709.3,14090.754989690722,3792.221113649484,10298.533876041238,52.39889562625953,27.072360585298412,12.870140750632727,73.08716873990072
1983-10-01,1983,4,1983Q4,1818.9,889.1,929.8,473.7,295.2,178.6,7391.1,0.0,7391.1,622.0257075360842,530.0564833917535,91.9692241443292,3849.0,2133.6,1715.4,14154.725707536085,3847.8564833917535,10306.86922414433,52.21648340430166,27.192331942898495,12.850125375665908,72.81574674850022
1984-01-01,1984,1,1984Q1,1855.0,903.5,951.5,464.3,287.6,176.7,7402.8,0.0,7402.8,642.7928306185553,547.0579996907205,95.7348309278339,3929.2,2186.0,1743.1,14294.092830618556,3924.2579996907207,10369.834830927834,51.7892257152751,27.488278175887356,12.977388785572394,72.54629554885223
1984-04-01,1984,2,1984Q2,1907.5,928.6,978.9,444.3,277.9,166.4,7437.3,0.0,7437.3,635.3072209793849,528.1131687731961,107.29405220618246,4000.5,2225.6,1774.9,14424.907220979385,3960.113168773196,10464.694052206183,51.55873716250524,27.733280628534846,13.223655242827201,72.54650888496018
1984-07-01,1984,3,1984Q3,1878.5,909.6,968.9,444.8,280.3,164.5,7415.9,0.0,7415.9,651.2952316701045,534.2459971958754,116.94923447422552,4051.6,2246.3,1805.3,14442.195231670104,3970.5459971958753,10471.649234474226,51.34884192492958,28.053906868086777,13.00702538545291,72.5073236201037
1984-10-01,1984,4,1984Q4,1903.8,925.6,978.1,428.8,261.1,167.7,7370.3,0.0,7370.3,628.4329319793836,516.8652312577321,111.66770072164871,4154.4,2301.7,1852.7,14485.732931979384,4005.265231257732,10480.467700721649,50.879717544211935,28.67925302439168,13.142586632928193,72.35027561211265
1985-01-01,1985,1,1985Q1,1985.3,959.7,1025.6,419.9,256.8,163.1,7299.6,0.0,7299.6,627.8414719793851,515.4665424948458,112.37492948453472,4251.6,2341.3,1910.3,14584.141471979385,4073.166542494846,10510.974929484535,50.05162637804066,29.15221309508434,13.612731361762851,72.07126281433396
1985-04-01,1985,2,1985Q2,2078.7,1016.8,1062.0,409.8,256.6,153.2,7325.0,0.0,7325.0,636.1464894845336,517.5134651546394,118.53302432989511,4294.0,2358.1,1935.9,14743.546489484534,4149.01346515464,10594.433024329895,49.682754452765984,29.12460718364193,14.099050058834765,71.85859176065895
1985-07-01,1985,3,1985Q3,2067.2,1000.0,1067.2,421.2,267.6,153.6,7284.1,0.0,7284.1,624.6531512989707,500.6419807422697,123.91117055670148,4368.1,2383.2,1984.8,14765.25315129897,4151.5419807422695,10613.611170556702,49.332713265123964,29.583644487773093,14.000437234752988,71.88283834105007
1985-10-01,1985,4,1985Q4,2108.2,1016.9,1091.3,403.4,259.0,144.3,7239.7,0.0,7239.7,641.0253467938139,519.3953426804107,121.63000411340218,4411.2,2409.0,2002.2,14803.425346793814,4204.295342680411,10599.130004113402,48.90557307108657,29.798508768481717,14.241298554976686,71.5991721902999
1986-01-01,1986,1,1986Q1,2142.3,1035.1,1107.2,390.0,247.9,142.1,7227.6,0.0,7227.6,598.3476608453591,483.59216659793873,114.5554942474242,4482.5,2444.1,2038.4,14840.64766084536,4210.692166597939,10629.855494247424,48.70137857304469,30.20420740683945,14.435353826586095,71.62711065099543
1986-04-01,1986,2,1986Q2,2181.3,1058.3,1123.0,381.8,249.4,132.4,7236.8,0.0,7236.8,590.1185289690729,471.1380113505153,118.9805176185564,4510.2,2455.5,2054.7,14900.318528969074,4234.338011350515,10665.980517618556,48.56808923869832,30.269151570359433,14.639284359989588,71.58223159378673
1986-07-01,1986,3,1986Q3,2158.8,1041.5,1117.3,372.9,239.8,133.2,7199.0,0.0,7199.0,595.191565773197,475.13054350515375,120.06102226804504,4584.2,2498.0,2086.2,14910.091565773197,4254.430543505154,10655.661022268045,48.28273500697767,30.74561936643798,14.478784321859065,71.46610049483938
1986-10-01,1986,4,1986Q4,2170.5,1039.9,1130.6,359.0,230.2,128.8,7145.5,0.0,7145.5,603.7284682577316,486.1479699690725,117.48049828865916,4630.9,2522.1,2108.9,14909.728468257732,4278.347969969072,10631.38049828866,47.92508472043947,31.059586429484725,14.557609178603858,71.30499070403918
1987-01-01,1987,1,1987Q1,2186.3,1050.3,1136.0,351.1,223.9,127.2,7069.0,0.0,7069.0,600.8110188453641,476.22888146391614,124.5821373814415,4712.7,2565.3,2147.4,14919.911018845363,4315.728881463916,10604.182137381442,47.37963913505339,31.5866495051303,14.653572646904403,71.0740306962105
1987-04-01,1987,2,1987Q2,2048.2,986.4,1061.7,549.8,340.8,209.0,6571.7,26.4,6545.3,895.3114857628832,607.4189500515467,287.7925357113407,4728.7,2451.0,2277.7,14793.611485762884,4412.118950051547,10381.39253571134,44.42255365651917,31.964473344124382,13.845165543053175,70.17530993707801
1987-07-01,1987,3,1987Q3,1737.0,845.8,891.1,581.7,363.7,218.0,6601.8,53.4,6548.3,960.9924388453604,663.8477384329897,297.0447004123718,4786.6,2476.8,2309.8,14667.89243884536,4403.54773843299,10264.244700412371,45.00851112404044,32.63318176047926,11.842192102526317,69.97811526995105
1987-10-01,1987,4,1987Q4,1969.7,944.3,1025.3,550.5,338.3,212.2,6486.2,31.3,6454.9,798.4042537113397,588.2297158247422,210.07453788659805,4873.9,2529.5,2344.3,14678.70425371134,4431.829715824742,10246.774537886598,44.18782399243476,33.20388445572565,13.41875935338083,69.80755363913978
1988-01-01,1988,1,1988Q1,2054.4,1001.6,1052.9,549.1,322.9,226.2,6433.1,25.7,6407.4,786.7181567835036,574.2519894226789,212.4661673608265,4909.8,2571.9,2337.9,14733.218156783503,4496.351989422679,10236.866167360826,43.663915999493,33.32469490203957,13.94400040872339,69.48153525200836
1988-04-01,1988,2,1988Q2,2101.6,1027.7,1074.0,585.7,350.9,234.8,6472.8,21.7,6451.1,801.7362903402088,568.6837791443295,232.85251119587448,4915.1,2580.5,2334.6,14876.936290340209,4549.48377914433,10327.352511195875,43.50895825374257,33.038388442864004,14.126564495437119,69.41901026296571
1988-07-01,1988,3,1988Q3,1841.2,880.3,960.9,608.2,363.1,245.1,6470.9,32.0,6438.9,910.1442277002084,645.7773371265969,264.46689057360817,4995.3,2603.2,2392.1,14825.844227700209,4524.4773371265965,10301.466890573609,43.646081131150325,33.69319091230512,12.418854344631193,69.48270364680556
1988-10-01,1988,4,1988Q4,2103.4,1005.3,1098.0,593.3,356.3,237.0,6494.9,27.4,6467.6,784.7497984494843,577.7711100144337,206.97868843505057,5010.4,2618.0,2392.4,14986.749798449484,4584.771110014433,10401.97868843505,43.33761547598504,33.43219889157268,14.03506449555604,69.4078357771158
1989-01-01,1989,1,1989Q1,2176.4,1038.5,1137.9,595.4,361.6,233.8,6450.6,29.1,6421.5,784.0020125478371,581.2797234787628,202.82228906907292,5050.0,2635.7,2414.3,15056.402012547836,4646.179723478763,10410.322289069072,42.84290492923969,33.54054969966521,14.45498066660423,69.14170555945388
1989-04-01,1989,2,1989Q2,2291.8,1102.7,1189.1,568.3,343.1,225.2,6422.3,25.2,6397.1,789.0884761496909,574.5962544354632,214.29222171422697,5060.5,2652.7,2407.8,15131.98847614969,4698.396254435464,10433.392221714226,42.44187741830837,33.442399245651785,15.145398792843547,68.95015905197891
1989-07-01,1989,3,1989Q3,2102.4,1005.0,1097.4,571.0,342.9,228.1,6432.4,30.3,6402.1,836.4014376556704,592.3194686505154,244.28196900515545,5146.8,2684.6,2462.2,15089.10143765567,4655.119468650515,10434.081969005156,42.629443685411225,34.10938697221481,13.933235247218544,69.14933180603256
1989-10-01,1989,4,1989Q4,2299.9,1080.5,1219.5,580.5,338.2,242.3,6331.5,23.6,6307.9,747.2226172379371,544.5601557278353,202.76246151010452,5190.6,2709.4,2481.2,15149.722617237938,4696.160155727835,10453.562461510104,41.792844397004174,34.26201344501143,15.181136038643277,69.00167564530612
1990-01-01,1990,1,1990Q1,2376.0,1110.0,1266.0,582.9,346.2,236.7,6263.4,19.3,6244.1,741.3971850416499,533.0321643381452,208.3650207035047,5192.4,2703.8,2488.6,15155.99718504165,4712.232164338146,10443.765020703504,41.326215118208914,34.25970549219082,15.6769625316704,68.90846503330756
1990-04-01,1990,2,1990Q2,2390.3,1127.9,1262.5,592.2,354.4,237.8,6229.2,19.2,6209.9,761.4326231088668,542.1933588725763,219.23926423628876,5236.5,2722.3,2514.2,15209.632623108866,4765.993358872576,10443.639264236288,40.955624335959435,34.428839471401076,15.715698460515611,68.66463854208202
1990-07-01,1990,3,1990Q3,2129.8,995.6,1134.3,567.8,338.7,229.1,6289.6,42.0,6247.6,903.3701172247428,608.2590474037106,295.01106982103084,5283.7,2750.5,2533.2,15174.270117224743,4735.059047403711,10439.21106982103,41.4491105760698,34.82012616871979,14.035600945197382,68.79547410963238
1990-10-01,1990,4,1990Q4,2387.9,1098.2,1289.8,576.6,342.7,233.9,6148.1,24.9,6123.3,731.543471672168,524.86735073608,206.77612093608116,5327.5,2766.4,2561.1,15171.743471672167,4756.96735073608,10414.876120936082,40.523358514988004,35.11461955540713,15.739127177166907,68.64608206894589
1991-01-01,1991,1,1991Q1,2463.8,1126.8,1337.0,599.6,360.6,239.0,6149.6,26.6,6123.0,757.5783081907241,547.2028587995877,210.475449391134,5298.9,2762.0,2536.8,15269.378308190724,4823.102858799588,10446.275449391134,40.27406929004609,34.702788109962476,16.13556197424476,68.41323358782458
1991-04-01,1991,2,1991Q2,2503.2,1154.0,1349.2,593.0,358.4,234.6,6146.6,25.3,6121.3,773.6387145612359,544.2757553600017,229.3629592012352,5324.0,2776.8,2547.2,15340.338714561236,4858.675755360002,10481.662959201236,40.068215665704784,34.705882960370324,16.31776225138974,68.32745452518537
1991-07-01,1991,3,1991Q3,2263.3,1042.7,1220.6,591.7,352.4,239.3,6158.7,37.7,6121.0,906.4195790705164,622.6628767861864,283.6567022843301,5361.4,2798.9,2562.6,15281.519579070517,4854.3628767861865,10427.15670228433,40.30162032076261,35.084207249539126,14.810699867176844,68.2337685616377
1991-10-01,1991,4,1991Q4,2522.5,1165.8,1356.8,589.9,355.0,234.9,6074.9,31.1,6043.7,801.1922287756668,567.8030356503089,233.38919312536163,5399.1,2815.9,2583.1,15387.492228775667,4935.603035650309,10451.889193125362,39.47946754208278,35.08758880087889,16.393184558577726,67.92457820761469
1992-01-01,1992,1,1992Q1,2582.2,1180.8,1401.4,565.4,321.4,244.0,5963.3,18.5,5944.7,902.4160831690718,654.6552886907206,247.8607944783489,5497.6,2890.1,2607.6,15510.916083169071,5065.45528869072,10445.46079447835,38.4458272356382,35.44342558828913,16.647630521332974,67.34264268125816
1992-04-01,1992,2,1992Q2,2664.2,1228.1,1436.1,553.3,309.7,243.7,5912.4,13.8,5898.6,911.453064421858,648.9354694218573,262.5175950000015,5512.3,2892.2,2620.1,15553.553064421858,5092.635469421857,10460.917595,38.01317921063569,35.44077663263431,17.129205069510792,67.25741412056476
1992-07-01,1992,3,1992Q3,2345.0,1091.2,1253.8,567.4,311.4,256.1,6003.4,18.1,5985.3,1106.0569191657748,769.531878156908,336.5250410088669,5539.6,2895.9,2643.7,15561.456919165776,5086.231878156908,10475.225041008867,38.57865000163386,35.598209272920506,15.069283115206616,67.31519481384413
1992-10-01,1992,4,1992Q4,2647.6,1226.9,1420.6,579.2,310.0,269.2,5891.4,16.8,5874.6,946.5942191344328,686.5315971744315,260.0626219600006,5571.1,2925.5,2645.6,15635.794219134434,5165.631597174432,10470.16262196,37.67893026367889,35.63042543232195,16.93294221511292,66.96278088098046
1993-01-01,1993,1,1993Q1,2772.7,1283.4,1489.2,590.8,323.9,266.9,5873.8,17.3,5856.4,956.8451571179407,689.5519928084525,267.393164309486,5579.0,2940.9,2638.1,15773.04515711794,5255.151992808453,10517.993164309486,37.23948002107454,35.37046869787443,17.578723527262312,66.68291618151397
1993-04-01,1993,2,1993Q2,2820.0,1304.3,1515.7,586.6,320.7,265.9,5799.8,14.2,5785.5,948.1304317896931,665.892561649485,282.23787014020456,5606.4,2949.1,2657.3,15760.830431789693,5254.192561649485,10506.737870140205,36.79882240406424,35.57172970208382,17.892458219156033,66.66318283435974
1993-07-01,1993,3,1993Q3,2512.7,1182.4,1330.2,580.7,321.7,259.0,5872.6,23.4,5849.2,1111.11173340474,761.2201092451556,349.7916241595893,5627.9,2954.3,2673.6,15704.91173340474,5243.120109245156,10461.791624159589,37.39339704475278,35.835285772598866,15.999453181614667,66.61477505732869
1993-10-01,1993,4,1993Q4,2745.1,1273.1,1472.0,581.4,329.2,252.2,5761.4,17.4,5744.0,969.7333440997924,690.3782723797927,279.45507172000106,5695.9,2998.0,2697.9,15753.533344099793,5308.078272379793,10445.55507172,36.572112897820666,36.156333157686795,17.42529717009885,66.30568862155329
1994-01-01,1994,1,1994Q1,2809.4,1296.8,1512.6,590.4,333.0,257.4,5722.6,19.8,5702.9,980.6377331183523,695.2697320150521,285.36800110330006,5742.6,3028.1,2714.5,15845.837733118353,5372.969732015052,10472.7680011033,36.11421558381585,36.24043169391901,17.72957698619024,66.0920190494805
1994-04-01,1994,2,1994Q2,2847.2,1324.7,1522.6,611.0,350.1,260.9,5627.3,21.9,5605.5,1008.352712952163,699.1231590131968,309.2295539389699,5768.8,3022.7,2746.1,15862.652712952164,5418.323159013196,10444.32955393897,35.47515098407973,36.36718337336897,17.94907857798088,65.84226322632009
1994-07-01,1994,3,1994Q3,2505.9,1182.7,1323.2,591.0,342.8,248.1,5737.1,27.2,5709.9,1243.328541123711,838.0476782216487,405.28086290206267,5825.2,3068.5,2756.7,15902.42854112371,5459.247678221649,10443.280862902062,36.076879610959104,36.63088304365601,15.757970510728835,65.67056827406968
1994-10-01,1994,4,1994Q4,2864.3,1352.2,1512.1,627.6,368.3,259.3,5613.1,25.4,5587.7,1028.1105503059794,701.8955573492804,326.0149929567,5831.4,3066.5,2764.9,15964.41055030598,5514.29555734928,10450.0149929567,35.1600830003236,36.52749960059272,17.9417836378876,65.45860505548991
1995-01-01,1995,1,1995Q1,2952.9,1389.5,1563.5,653.2,383.1,270.1,5582.8,29.8,5553.0,1010.2735759997948,692.1536427305155,318.4199332692791,5820.8,3063.5,2757.3,16020.073575999795,5557.853642730515,10462.319933269278,34.848778774423224,36.33441489757159,18.43249961363372,65.30715715179973
1995-04-01,1995,2,1995Q2,3007.1,1414.7,1592.5,665.2,380.5,284.7,5556.8,25.1,5531.6,1002.1539405179392,685.3978790890717,316.55606142886535,5847.1,3094.0,2753.1,16078.25394051794,5599.697879089072,10478.456061428866,34.56096676018164,36.36651107534158,18.702901516077997,65.1720097978569
1995-07-01,1995,3,1995Q3,2298.4,1080.6,1217.8,680.0,390.2,289.8,5658.7,29.0,5629.7,1543.1250746453593,981.50524533897,561.5198293063917,5847.2,3091.9,2755.3,16027.42507464536,5573.20524533897,10454.119829306392,35.30635753182712,36.482466601887275,14.340419557699022,65.22685339329908
1995-10-01,1995,4,1995Q4,2961.8,1390.9,1570.8,672.8,381.2,291.6,5543.5,31.9,5511.6,1050.9847547360828,715.129044078353,335.8557106577315,5871.4,3106.2,2765.2,16100.384754736082,5625.329044078353,10475.05571065773,34.430854196632325,36.467451489150726,18.39583367179321,65.06090301709338
1996-01-01,1996,1,1996Q1,3017.5,1397.0,1620.4,682.1,380.1,302.0,5516.3,36.2,5480.2,1039.7650913546372,705.6226275876277,334.14246376701124,5899.0,3124.9,2774.1,16154.765091354637,5643.922627587628,10510.84246376701,34.146581326348695,36.51554180231876,18.678699336920975,65.06341877661829
1996-04-01,1996,2,1996Q2,3090.6,1437.0,1653.6,666.7,362.7,304.0,5491.9,41.0,5450.9,1005.776637677526,670.1327844131965,335.6438532643322,5935.0,3155.5,2779.5,16189.976637677526,5666.332784413196,10523.643853264331,33.921605465564284,36.658484028865054,19.089589004146646,65.0009823286191
1996-07-01,1996,3,1996Q3,2386.0,1114.0,1272.0,629.1,347.5,281.6,5620.5,51.8,5568.7,1479.0964160713388,934.4810107670098,544.5154053043286,5990.0,3177.9,2812.1,16104.59641607134,5625.68101076701,10478.91540530433,34.89997423587161,37.19435026650137,14.815646032699878,65.0678547575837
1996-10-01,1996,4,1996Q4,2980.2,1392.7,1587.5,650.9,367.8,283.0,5501.9,49.0,5453.0,1040.0394318028866,692.5335330400003,347.70589876288795,5997.9,3171.3,2826.5,16170.939431802886,5673.3335330400005,10497.705898762888,34.0233789335676,37.090609517738436,18.429356022068408,64.91670460043218
1997-01-01,1997,1,1997Q1,3072.9,1430.6,1642.2,672.9,376.9,296.0,5439.9,40.7,5399.2,1023.6832126206172,670.9370260371134,352.64618658350446,6049.1,3211.0,2838.1,16258.383212620618,5730.137026037113,10528.146186583504,33.459046504558096,37.206036546760494,18.900403316946377,64.75558365480403
1997-04-01,1997,2,1997Q2,3101.1,1448.9,1652.2,663.1,384.8,278.3,5434.0,39.2,5394.8,1021.2025470832951,652.0288235793826,369.17372350391634,6038.7,3212.8,2825.8,16258.102547083296,5737.728823579382,10520.273723503917,33.4233345143641,37.14271073461363,19.074181572045365,64.70827946444912
1997-07-01,1997,3,1997Q3,2383.8,1128.7,1255.1,645.8,371.3,274.5,5587.8,50.9,5536.9,1524.22253875299,923.511541803711,600.7109969492761,6060.3,3235.5,2824.9,16202.02253875299,5709.911541803711,10492.110996949275,34.488286796508014,37.40458936842362,14.712977927899317,64.75803234968723
1997-10-01,1997,4,1997Q4,2977.6,1392.4,1585.2,643.4,369.4,274.0,5473.9,50.1,5423.8,1014.1413852705136,645.7341521872153,368.50723308330015,6101.7,3259.2,2842.5,16210.741385270514,5716.734152187215,10494.0072330833,33.767116937499985,37.63985776458168,18.3680679941358,64.73490004978069
1998-01-01,1998,1,1998Q1,3067.7,1422.7,1645.0,638.1,371.1,267.1,5461.4,46.5,5414.9,985.852618153816,622.4937842849488,363.358833868866,6145.3,3283.9,2861.4,16298.452618153817,5746.593784284949,10551.758833868866,33.50870250048701,37.70480636398046,18.822032200670893,64.74125993639294
1998-04-01,1998,2,1998Q2,3075.0,1426.0,1648.9,644.8,370.3,274.4,5466.9,44.5,5422.4,956.510034074228,586.7057748268046,370.0042592474201,6149.0,3302.4,2846.6,16292.210034074227,5730.005774826805,10562.30425924742,33.55530028502143,37.74196371848704,18.874050810594838,64.8299979386416
1998-07-01,1998,3,1998Q3,2307.5,1074.2,1233.4,652.2,378.3,273.9,5593.1,66.0,5527.1,1417.231102035667,812.0270542352573,605.1040478004113,6190.1,3304.0,2886.1,16160.131102035666,5634.527054235257,10525.60404780041,34.61048654051728,38.304763500465924,14.278968316719459,65.13316000558012
1998-10-01,1998,4,1998Q4,2914.2,1369.0,1545.1,669.5,389.3,280.2,5471.3,46.9,5424.3,916.497164520001,536.3969483228868,380.0002161971112,6245.2,3335.4,2909.8,16216.59716452,5676.996948322887,10539.500216197112,33.7388907456526,38.5111619696872,17.970477840911812,64.99245866275263
1999-01-01,1999,1,1999Q1,3023.6,1386.2,1637.4,730.0,401.9,328.1,5371.4,44.7,5326.7,1091.7692231474234,646.3642660406173,445.3049571068048,6065.4,3238.9,2826.5,16282.069223147424,5718.064266040617,10563.904957106804,32.989664436285175,37.25202194434302,18.570121269976518,64.88100310427147
1999-04-01,1999,2,1999Q2,3060.1,1409.2,1650.9,748.8,412.4,336.4,5331.3,44.2,5287.2,1002.679179215668,596.5064077237088,406.1727714919601,6118.5,3260.1,2858.4,16261.479179215668,5722.406407723709,10539.07277149196,32.78484042714952,37.625728462760364,18.818091308146276,64.81004990592919
1999-07-01,1999,3,1999Q3,2844.9,1308.5,1536.4,755.5,420.5,334.9,5365.9,43.5,5322.4,1014.3825697041218,581.3173901123698,432.86517959175217,6146.4,3274.5,2872.0,16127.082569704122,5628.31739011237,10498.665179591751,33.27260201470182,38.11228703911054,17.640512397104906,65.09999706525613
1999-10-01,1999,4,1999Q4,2924.2,1363.8,1560.4,788.3,441.6,346.6,5254.7,53.3,5201.4,945.3171732313452,548.5230941080405,396.6940791232992,6177.0,3267.7,2909.3,16089.517173231345,5675.023094108041,10414.494079123298,32.65915281001978,38.391456583152646,18.174566511325068,64.72844378730169
2000-01-01,2000,1,2000Q1,2964.5,1383.3,1581.2,776.2,435.3,340.9,5241.6,55.1,5186.6,930.7341872835036,530.369838217938,400.3643490655657,6173.2,3285.0,2888.2,16086.134187283504,5688.969838217938,10397.164349065566,32.58458458057385,38.375907648961864,18.428915023868893,64.63432561245689
2000-04-01,2000,2,2000Q2,2960.3,1388.4,1571.9,805.8,431.7,374.1,5212.4,50.8,5161.6,908.364541955874,504.1417217121636,404.222820243713,6143.4,3273.6,2869.8,16030.164541955874,5648.641721712163,10381.522820243714,32.51619773682013,38.32399838392695,18.467059350838127,64.76242207665474
2000-07-01,2000,3,2000Q3,2727.3,1248.0,1479.3,833.1,454.5,378.6,5244.9,52.8,5192.2,968.3820337484532,517.9189761905151,450.3630575579406,6136.6,3269.3,2867.4,15910.382033748454,5542.518976190515,10367.76305755794,32.96526751447408,38.569784100616154,17.14163741772487,65.16391749414703
2000-10-01,2000,4,2000Q4,2859.8,1312.0,1547.8,856.4,470.8,385.6,5177.8,52.6,5125.1,850.9138499999993,470.00108499999953,380.9127649999999,6195.8,3278.4,2917.3,15940.71385,5583.801084999999,10356.912765,32.481606838454105,38.867770027751924,17.94022543099599,64.97144897309603
2001-01-01,2001,1,2001Q1,3018.9,1370.8,1648.0,849.3,459.2,390.1,5349.6,63.9,5285.7,627.8000000000008,462.5999999999993,165.20000000000147,6226.3,3298.7,2927.6,16072.0,5655.299999999999,10416.7,33.285216525634645,38.74004479840717,18.78359880537581,64.81271777003485
2001-04-01,2001,2,2001Q2,2974.3,1347.7,1626.6,856.0,453.3,402.7,5396.7,64.0,5332.7,586.5000000000018,435.5999999999991,150.9,6261.0,3312.0,2949.0,16074.600000000002,5612.699999999999,10461.9,33.572841625919146,38.94964726960546,18.503104276311696,65.08342353775522
2001-07-01,2001,3,2001Q3,2705.5,1229.4,1476.1,834.7,439.8,394.9,5452.1,69.3,5382.8,698.600000000001,466.3999999999991,232.10000000000076,6270.8,3342.7,2928.1,15961.7,5547.599999999999,10414.0,34.15738925051843,39.28654216029621,16.94994894027578,65.24408580593425
2001-10-01,2001,4,2001Q4,2821.0,1287.1,1533.9,835.5,451.1,384.4,5398.5,77.5,5321.1,580.2000000000022,407.4000000000009,172.7,6317.4,3353.2,2964.3,15952.600000000002,5576.300000000001,10376.3,33.84087860286097,39.60106816443714,17.683637776914104,65.0445695372541
2002-01-01,2002,1,2002Q1,2857.8,1320.0,1537.8,850.9,450.1,400.9,5107.0,100.1,5006.9,560.5999999999999,361.7999999999996,198.80000000000035,6459.099999999999,3357.9,3101.3,15835.5,5589.9,10245.6,32.250323639922954,40.7887341732184,18.04679359666572,64.70019892014777
2002-04-01,2002,2,2002Q2,2882.3,1337.6,1544.7,927.4,476.1,451.3,5027.4,74.3,4953.1,542.7,353.30000000000035,189.50000000000185,6389.6,3343.4,3046.1000000000004,15769.2,5584.6,10184.600000000002,31.881135377825125,40.519493696573065,18.278035664459832,64.58539431296451
2002-07-01,2002,3,2002Q3,2634.8,1221.4,1413.4,908.2,468.4,439.7,5092.8,85.7,5007.1,599.9000000000036,379.1000000000018,221.0000000000004,6453.799999999999,3363.3,3090.6000000000004,15689.500000000004,5517.9000000000015,10171.7,32.459925427833895,41.134516715000466,16.793396857771118,64.83084336120743
2002-10-01,2002,4,2002Q4,2779.5,1279.4,1500.2,897.4,467.0,430.4,5039.7,82.2,4957.5,571.6,374.4,197.2,6469.9,3381.1000000000004,3088.8,15758.1,5584.0,10174.1,31.981647533649358,41.057614813968684,17.638547794467605,64.56425584302676
2003-01-01,2003,1,2003Q1,2812.4,1301.6,1510.8,884.9,465.0,420.0,4991.9,89.0,4902.9,509.4999999999986,339.7999999999991,169.39999999999964,6514.3,3390.5,3123.8,15712.899999999998,5585.799999999999,10126.9,31.769437850428634,41.45829223122403,17.898669246288083,64.45041272346573
2003-04-01,2003,2,2003Q2,2814.9,1288.1,1526.8,873.2,466.1,407.1,4947.2,83.9,4863.4,509.2999999999982,322.90000000000003,186.40000000000185,6504.700000000001,3396.8,3107.9,15649.399999999998,5557.9,10091.600000000002,31.612713586463382,41.565171827673915,17.9872710774854,64.48512732036168
2003-07-01,2003,3,2003Q3,2533.0,1163.8,1369.2,851.9,456.5,395.4,5028.0,91.8,4936.2,597.2999999999945,368.7000000000031,228.7,6526.9,3413.6,3113.4,15537.199999999995,5494.300000000003,10043.0,32.36104317380224,42.00821254794945,16.302808742888043,64.63800016733923
2003-10-01,2003,4,2003Q4,2690.0,1227.8,1462.2,834.1,442.3,391.8,4953.9,96.9,4857.0,501.80000000000143,330.5000000000028,171.50000000000034,6585.9,3450.7,3135.2,15565.7,5548.200000000003,10017.7,31.82574506768086,42.31033618790032,17.281587079283295,64.35670279264288
2004-01-01,2004,1,2004Q1,2716.4,1231.7,1484.7,886.6,477.2,409.4,4950.1,110.1,4840.0,499.3,333.5999999999991,165.70000000000002,6572.4,3458.7000000000003,3113.7,15624.9,5611.299999999999,10013.6,31.680842757393652,42.063629207226924,17.38507126445609,64.08745015968103
2004-04-01,2004,2,2004Q2,2690.6,1234.7,1455.9,885.3,480.3,405.0,4911.0,94.3,4816.7,478.3,325.29999999999853,153.0,6606.8,3461.1,3145.7,15571.9,5595.699999999999,9976.3,31.537577302705515,42.4277063171482,17.278559456456826,64.06563061905986
2004-07-01,2004,3,2004Q3,2443.4,1118.2,1325.2,889.0,477.6,411.3,4989.7,105.1,4884.6,558.9,356.80000000000143,201.9999999999964,6617.700000000001,3477.1000000000004,3140.7,15498.7,5534.800000000001,9963.799999999996,32.19431307141889,42.69841986747276,15.765193209753075,64.28838733821118
2004-10-01,2004,4,2004Q4,2600.7,1179.7,1421.0,875.7,470.9,404.8,4867.0,110.6,4756.4,502.0000000000018,338.4999999999991,163.49999999999818,6671.200000000001,3499.4,3171.7,15516.600000000002,5599.099999999999,9917.499999999998,31.366407589291462,42.99395486124538,16.76075944472371,63.91541961512186
2005-01-01,2005,1,2005Q1,2535.5,1130.1,1405.5,897.2,379.2,518.0,4690.9,157.0,4533.9,612.2000000000037,369.7999999999996,242.0999999999996,6758.1,3541.3,3216.9,15494.000000000004,5577.4,9916.5,30.275590551181093,43.61752936620626,16.364399122240865,64.00260747778158
2005-04-01,2005,2,2005Q2,2444.9,1116.0,1329.0,855.3,373.0,482.3,4814.2,208.1,4606.1,462.3000000000004,299.1,163.20000000000002,6812.799999999999,3551.0,3261.7,15389.5,5547.1,9842.3,31.282367848208192,44.26914454660645,15.886805939114332,63.95505997634735
2005-07-01,2005,3,2005Q3,2198.1,1001.5,1196.6,887.3,380.1,507.2,5020.0,259.6,4760.4,522.1,334.99999999999943,187.2,6817.4,3551.2000000000003,3266.2,15445.0,5527.299999999999,9917.7,32.5024279702169,44.13985108449336,14.231790223373258,64.21301392036258
2005-10-01,2005,4,2005Q4,2473.2,1119.7,1353.5,890.4,380.5,509.9,4826.0,236.2,4589.8,422.2,279.10000000000184,143.09999999999818,6815.200000000001,3561.5,3253.7,15426.9,5576.9000000000015,9849.899999999998,31.283018623313826,44.17737847526075,16.031736771483576,63.84927528716259
2006-01-01,2006,1,2006Q1,2477.6,1131.2,1346.4,1007.9,441.9,566.1,4731.4,232.5,4498.8,414.9999999999985,278.60000000000144,136.09999999999962,6764.400000000001,3522.2,3242.1,15396.3,5606.500000000002,9789.6,30.730759987789273,43.93523119190975,16.092177990815976,63.584933846883295
2006-04-01,2006,2,2006Q2,2417.7,1111.1,1306.7,1012.5,449.2,563.4,4729.0,242.9,4486.1,370.49999999999454,262.09999999999906,108.4,6799.9,3531.0,3269.0,15329.699999999995,5596.199999999999,9733.5,30.848614128130368,44.35768475573561,15.77134581890057,63.494393236658254
2006-07-01,2006,3,2006Q3,2161.8,967.9,1193.9,1021.9,445.8,576.1,4856.9,257.4,4599.5,449.6999999999997,311.9999999999991,137.8,6861.2,3570.5,3290.7,15351.6,5553.699999999999,9798.0,31.637744599911404,44.693712707470226,14.081919799890565,63.82355048626537
2006-10-01,2006,4,2006Q4,2362.5,1065.5,1297.1,1039.1,460.5,578.6,4647.6,248.8,4398.8,464.5999999999964,314.4999999999996,150.1,6859.9,3581.0,3278.9,15373.799999999996,5670.299999999999,9703.4,30.23065214846038,44.62071836501062,15.367053038285919,63.11688142737273
2007-01-01,2007,1,2007Q1,2410.9,1097.7,1313.2,1012.4,441.7,570.7,4634.8,232.4,4402.3,478.4,287.39999999999907,191.2000000000004,6903.7,3649.7,3254.1,15440.2,5708.799999999999,9731.4,30.01774588412067,44.71250372404502,15.614435046178157,63.02638566857942
2007-04-01,2007,2,2007Q2,2347.1,1060.5,1286.6,1044.8,444.8,600.0,4717.1,251.9,4465.2,386.7,256.80000000000143,129.8,6894.0,3642.8,3251.2,15389.8,5656.9000000000015,9732.8,30.650820673433053,44.795903780426,15.251010409492002,63.24229842037206
2007-07-01,2007,3,2007Q3,2065.6,945.7,1119.9,1043.0,462.3,580.7,4861.8,296.4,4565.4,435.8,278.49999999999966,157.10000000000144,6950.7,3653.2,3297.6000000000004,15356.8,5636.0,9720.7,31.65893936236716,45.261382579704105,13.450718899770786,63.29940677359068
2007-10-01,2007,4,2007Q4,2370.9,1087.0,1283.9,1057.6,464.8,592.7,4714.5,291.9,4422.6,359.399999999996,252.09999999999908,107.29999999999964,6938.8,3645.3,3293.5,15441.199999999995,5741.099999999999,9700.1,30.531953475118524,44.93692200088078,15.354376602854705,62.81959951299122
2008-01-01,2008,1,2008Q1,2390.7,1094.7,1296.0,1066.0,462.3,603.7,4639.2,274.9,4364.3,378.0,258.50000000000125,119.79999999999856,6940.0,3654.6,3285.4,15414.0,5744.9000000000015,9669.3,30.097314130011675,45.024004152069544,15.50992604126119,62.72982055507259
2008-04-01,2008,2,2008Q2,2323.6,1079.2,1244.4,1058.7,449.9,608.8,4594.6,266.5,4328.1,364.5999999999967,258.0999999999991,106.29999999999964,6967.700000000001,3655.6,3312.1,15309.099999999997,5709.299999999999,9599.6,30.012214957117017,45.5134527829853,15.17790072571216,62.70600761648453
2008-07-01,2008,3,2008Q3,2021.3,950.4,1070.9,1111.4,479.1,632.3,4725.3,298.2,4427.1,430.4,287.60000000000184,142.8000000000018,7002.3,3688.2,3314.1000000000004,15290.7,5703.500000000002,9587.100000000002,30.903097961506017,45.79450254076007,13.21914627845684,62.69930545563941
2008-10-01,2008,4,2008Q4,2301.3,1075.4,1225.9,1163.4,500.3,663.1,4466.2,302.6,4163.5,352.1,256.39999999999964,95.4,7001.6,3698.8,3302.8,15284.5,5833.599999999999,9450.8,29.220452091988612,45.808498805979916,15.056429716379341,61.83298003192799
2009-01-01,2009,1,2009Q1,2360.2,1109.9,1250.4,1155.1,494.1,660.9,4385.5,280.8,4104.7,340.5,242.79999999999853,97.9,7045.5,3730.4,3315.0,15286.7,5857.999999999998,9428.8,28.688336920329437,46.08908397495862,15.439565112156316,61.679357354057096
2009-04-01,2009,2,2009Q2,2375.3,1114.0,1261.3,1193.3,537.9,655.4,4373.4,294.5,4078.9,337.9,245.19999999999908,92.59999999999964,7057.799999999999,3714.8,3343.0,15337.6,5906.299999999999,9431.3,28.51423951596077,46.01632589192572,15.486777592322138,61.49136761944503
2009-07-01,2009,3,2009Q3,2164.5,1029.4,1135.1,1167.7,522.7,645.0,4534.1,378.0,4156.0,442.9999999999964,298.39999999999964,144.5,7141.0,3768.2,3372.8,15450.299999999996,5996.799999999999,9453.4,29.346355734192876,46.219167265360554,14.0094367099668,61.186262960997276
2009-10-01,2009,4,2009Q4,2464.2,1157.8,1306.4,1201.5,531.4,670.0,4323.3,345.8,3977.5,387.3000000000004,278.5000000000028,108.69999999999452,7111.4,3739.3,3372.1000000000004,15487.6,6052.800000000003,9434.699999999995,27.914589736305174,45.91673338670936,15.91079315064955,60.91815980629538
2010-01-01,2010,1,2010Q1,2519.0,1184.9,1334.1,1204.1,547.2,656.9,4271.6,340.1,3931.5,340.39999999999816,253.60000000000127,86.9,7119.3,3753.0,3366.2,15454.399999999998,6078.800000000001,9375.7,27.640024847292686,46.06649239051662,16.299565172378095,60.66647254844867
2010-04-01,2010,2,2010Q2,2454.3,1164.5,1289.8,1184.7,517.8,666.9,4207.0,322.4,3884.6,315.7000000000018,218.00000000000145,97.70000000000036,7177.0,3772.7,3404.2,15338.600000000002,5995.4000000000015,9343.2,27.42753575945653,46.79045023665784,16.00080841797817,60.91299075534925
2010-07-01,2010,3,2010Q3,2250.3,1106.2,1144.1,1161.5,509.1,652.5,4369.6,338.9,4030.7,387.1999999999964,264.99999999999943,122.50000000000036,7195.6,3799.1,3396.5,15364.299999999996,6018.299999999999,9346.1,28.439954960525384,46.83324329777473,14.64629042650821,60.82958006820963
2010-10-01,2010,4,2010Q4,2516.0,1220.0,1296.0,1150.0,507.6,642.4,4135.9,319.9,3816.0,363.3,259.6,103.7,7259.5,3826.6,3432.9,15424.7,6133.6,9291.1,26.813487458427065,47.06412442381375,16.31150038574494,60.23520716772449
2011-01-01,2011,1,2011Q1,2557.5,1244.8,1312.7,1154.0,504.1,649.9,4035.1,308.9,3726.3,413.799999999996,276.2999999999991,137.7,7300.799999999999,3849.6,3451.2,15461.299999999996,6183.599999999999,9277.8,26.098064199000092,47.21983274368909,16.541299890694834,60.00620901082697
2011-04-01,2011,2,2011Q2,2487.2,1215.4,1271.7,1165.7,509.1,656.6,4041.1,319.5,3721.6,370.3999999999982,257.9999999999982,112.4,7296.6,3873.1,3423.6000000000004,15360.899999999998,6174.999999999998,9185.9,26.307703324674993,47.50112298107534,16.191759597419423,59.80053252088094
2011-07-01,2011,3,2011Q3,2289.7,1115.0,1174.6,1146.3,505.3,641.1,4169.0,347.2,3821.8,383.2000000000001,260.2999999999982,123.09999999999854,7380.8,3906.1,3474.8,15369.1,6133.899999999998,9235.3,27.12585642620583,48.02363183270329,14.898074708343362,60.08965983915885
2011-10-01,2011,4,2011Q4,2574.7,1239.0,1335.7,1173.7,506.6,667.1,3970.9,335.6,3635.3,340.9000000000022,226.0999999999991,114.7,7381.4,3896.5,3484.8,15441.600000000002,6203.799999999999,9237.7,25.715599419749246,47.80204123924981,16.673790280799913,59.823851309782086
2012-01-01,2012,1,2012Q1,2573.5,1268.2,1305.3,1139.8,505.7,634.2,3928.7,340.9,3587.7,370.1999999999945,249.90000000000128,120.29999999999964,7408.9,3913.6,3495.3,15421.199999999995,6278.4000000000015,9142.8,25.47596814774467,48.04360231369804,16.68806577957617,59.287215002723514
2012-04-01,2012,2,2012Q2,2501.8,1226.7,1275.1,1186.0,517.6,668.4,3926.0,339.4,3586.6,352.1,241.6,110.50000000000182,7368.200000000001,3882.4,3485.9,15334.1,6207.6,9126.500000000002,25.60306767270332,48.05107570708421,16.31527119296209,59.51767629009854
2012-07-01,2012,3,2012Q3,2274.9,1105.4,1169.5,1213.1,554.0,659.1,4011.3,368.2,3643.1,391.6999999999945,266.60000000000093,125.1,7416.299999999999,3897.1,3519.2,15307.199999999995,6191.300000000001,9115.9,26.205315145813746,48.44974913766072,14.86163374098464,59.55302080066897
2012-10-01,2012,4,2012Q4,2492.4,1214.1,1278.3,1214.0,554.7,659.4,3920.6,360.7,3559.9,356.3999999999945,245.4999999999978,110.7,7439.4,3933.4,3506.0,15422.699999999995,6308.399999999998,9114.3,25.420970387805,48.236690073722514,16.160594448442886,59.0966562275088
2013-01-01,2013,1,2013Q1,2511.2,1221.4,1289.8,1235.1,556.4,678.7,3842.2,353.8,3488.3,336.8999999999964,233.7000000000018,103.2,7499.4,3961.2,3538.2,15424.799999999996,6326.500000000002,9098.3,24.90923707276594,48.619106892796026,16.280275919298795,58.98488148954929
2013-04-01,2013,2,2013Q2,2507.4,1207.1,1300.4,1301.6,589.5,712.1,3814.3,365.7,3448.6,357.7,241.5999999999982,116.0,7491.799999999999,3957.1,3534.7,15472.8,6360.999999999998,9111.8,24.651646760767285,48.4191613670441,16.205211726384366,58.88914740706272
2013-07-01,2013,3,2013Q3,2069.7,1013.0,1056.7,1302.0,591.9,710.2,4115.2,456.3,3658.9,408.5,272.6000000000022,135.9,7528.5,3956.3,3572.2,15423.9,6290.100000000002,9133.9,26.68067090683939,48.81061210199755,13.418785132165015,59.218749999999986
2013-10-01,2013,4,2013Q4,2132.5,1055.2,1077.3,1299.2,593.0,706.2,4119.8,492.2,3627.6,365.1999999999949,240.60000000000184,124.50000000000036,7555.7,3999.9,3555.8,15472.399999999994,6380.9000000000015,9091.5,26.626767663710876,48.83340658204288,13.782606447609943,58.75946847289366
2014-01-01,2014,1,2014Q1,2236.1,1119.8,1116.3,1302.8,607.6,695.2,4099.6,513.8,3585.7,356.2,235.8,120.3,7604.9,3998.4,3606.5,15599.7,6475.5,9124.2,26.279992563959564,48.75029648006051,14.334250017628545,58.48958633819882
2014-04-01,2014,2,2014Q2,2473.6,1205.9,1267.7,1290.6,583.3,707.3,3860.6,404.4,3456.1,304.19999999999453,203.6000000000009,100.49999999999964,7623.200000000001,4016.0,3607.3,15552.199999999995,6413.200000000001,9138.9,24.823497640205254,49.01685935108861,15.90514525276167,58.76312523710624
2014-07-01,2014,3,2014Q3,2320.1,1140.2,1180.0,1286.8,600.9,685.9,3981.9,413.0,3568.8,379.4999999999964,242.1999999999991,137.4,7623.2,3984.5,3638.7,15591.499999999996,6380.699999999999,9210.8,25.53891543469199,48.89330725074561,14.880543886091784,59.07577846903762
2014-10-01,2014,4,2014Q4,2460.6,1213.5,1247.1,1211.4,543.8,667.6,3816.1,365.6,3450.5,311.50000000000216,213.0000000000005,98.3,7697.0,4055.8,3641.3,15496.600000000002,6391.700000000001,9104.8,24.625401701018284,49.66895964276034,15.878321696372105,58.753912173716635
2015-01-01,2015,1,2015Q1,2538.4,1240.7,1297.7,1215.4,560.2,655.2,3788.3,359.6,3428.7,351.9999999999964,227.89999999999964,124.0,7723.6,4056.1,3667.6,15617.799999999996,6444.599999999999,9173.1,24.256297301796675,49.45382832409176,16.253249497368394,58.73528112334082
2015-04-01,2015,2,2015Q2,2501.1,1239.2,1261.9,1226.4,571.0,655.4,3729.6,333.2,3396.4,314.6,204.2999999999996,110.2,7709.5,4059.9,3649.7,15481.1,6407.4,9073.6,24.091311340925387,49.79943285683834,16.155828720181383,58.611200826819974
2015-07-01,2015,3,2015Q3,2356.3,1156.1,1200.2,1199.6,570.8,628.8,3883.9,352.6,3531.3,396.6000000000055,260.0000000000013,136.69999999999817,7750.9,4052.4,3698.5,15587.300000000005,6391.9000000000015,9195.399999999998,24.917079930456197,49.72573826127679,15.116793800080833,58.992898064449896
2015-10-01,2015,4,2015Q4,2571.0,1268.5,1302.5,1189.3,541.0,648.3,3765.9,380.4,3385.5,324.89999999999816,215.3,109.6,7764.900000000001,4085.3,3679.7,15615.899999999998,6490.4,9125.6,24.115805044858128,49.724319443643985,16.463988626976352,58.4375
2016-01-01,2016,1,2016Q1,2603.8,1290.9,1312.9,1163.5,532.7,630.8,3764.8,359.6,3405.2,327.0000000000004,220.9,106.0,7811.8,4107.9,3703.8,15670.9,6512.1,9158.7,24.024146666751754,49.84908333280156,16.615510277010255,58.44436786890267
2016-04-01,2016,2,2016Q2,2572.4,1262.5,1309.9,1206.5,555.0,651.4,3758.0,383.8,3374.2,307.1999999999964,208.0,99.2,7785.9,4111.7,3674.3,15629.999999999996,6521.0,9109.0,24.043506078055028,49.81381957773514,16.45809341010877,58.27895073576455
2016-07-01,2016,3,2016Q3,2396.0,1197.9,1198.1,1215.4,557.9,657.5,3862.6,387.7,3474.9,356.1,229.7000000000018,126.4,7865.299999999999,4144.3,3720.9,15695.3,6517.500000000002,9177.8,24.609915070116532,50.11245404675285,15.265716488375503,58.47483004466304
2016-10-01,2016,4,2016Q4,2635.3,1299.1,1336.1,1247.7,582.8,665.0,3752.9,380.4,3372.5,310.30000000000365,198.79999999999964,111.39999999999456,7892.8,4149.099999999999,3743.8,15839.000000000004,6610.299999999999,9228.699999999995,23.69404634130942,49.83142875181513,16.638045331144642,58.26567333796324
2017-01-01,2017,1,2017Q1,2671.0,1321.3,1349.7,1242.4,579.6,662.9,3756.4,374.6,3381.7,309.3,196.19999999999908,112.89999999999964,7935.7,4173.5,3762.3,15914.7,6645.199999999999,9269.4,23.603335281217994,49.86396224873859,16.783225571327137,58.24463071644905
2017-04-01,2017,2,2017Q2,2594.5,1287.9,1306.7,1271.5,588.9,682.6,3766.5,377.7,3388.8,346.90000000000003,220.0999999999996,126.7000000000018,7922.1,4158.3,3763.8,15901.5,6632.799999999999,9268.600000000002,23.686444675030657,49.819828318083204,16.316070810929787,58.287949488724266
2017-07-01,2017,3,2017Q3,2422.0,1194.0,1228.1,1247.0,575.6,671.4,3814.4,375.1,3439.4,459.4999999999964,282.9999999999991,176.3999999999982,7938.8,4147.099999999999,3791.7,15881.799999999996,6574.799999999999,9306.999999999998,24.01742875492703,49.98677731743255,15.250160561145465,58.60166983591281
2017-10-01,2017,4,2017Q4,2623.5,1309.3,1314.3,1267.9,576.8,691.1,3707.7,358.0,3349.7,402.399999999996,249.90000000000035,152.80000000000038,7950.0,4177.2,3772.8,15951.499999999996,6671.1,9280.6,23.243582108265684,49.83857317493654,16.44672914772906,58.17937900035732
2018-01-01,2018,1,2018Q1,2735.6,1340.3,1395.4,1275.3,602.2,673.1,3701.5,357.2,3344.4,424.0000000000037,254.69999999999945,169.10000000000147,7973.1,4180.400000000001,3792.7,16109.500000000004,6734.799999999999,9374.7,22.977125298736762,49.493156212172934,16.98128433533008,58.19361246469475
2018-04-01,2018,2,2018Q2,2708.8,1327.0,1381.8,1255.0,614.6,640.4,3651.0,341.1,3309.9,441.9000000000036,267.79999999999944,174.29999999999816,7944.400000000001,4131.5,3813.0,16001.200000000004,6681.9,9319.399999999998,22.817038722095837,49.64877634177436,16.928730345224103,58.24151787667251
2018-07-01,2018,3,2018Q3,2557.0,1257.1,1299.9,1252.6,601.9,650.6,3821.0,372.8,3448.2,491.5,288.9999999999991,202.5,7936.4,4127.3,3809.0,16058.4,6648.099999999999,9410.3,23.79440043839984,49.422109301051165,15.923130573407066,58.60048323618792
2018-10-01,2018,4,2018Q4,2776.5,1362.5,1414.0,1268.3,609.8,658.5,3681.3,361.8,3319.6,459.6000000000018,260.09999999999906,199.40000000000143,7964.9,4150.1,3814.8,16150.600000000002,6744.299999999999,9406.2,22.79358042425668,49.31643406436912,17.191311777890604,58.24092133370484
2019-01-01,2019,1,2019Q1,2881.8,1407.9,1473.9,1232.5,596.5,636.0,3658.2,359.4,3298.8,452.0999999999982,272.0,180.1,8064.799999999999,4212.8,3851.9,16289.399999999998,6848.6,9440.7,22.45754908099746,49.50949697349197,17.691259346568938,57.95644993953086
2019-04-01,2019,2,2019Q2,2812.7,1358.6,1454.1,1283.6,628.8,654.7,3594.6,353.5,3241.1,433.0,262.6999999999991,170.2999999999982,8053.700000000001,4180.0,3873.6,16177.6,6783.699999999999,9393.899999999998,22.219612303431905,49.783033330036595,17.38638611413312,58.067327662941345
2019-07-01,2019,3,2019Q3,2629.1,1265.6,1363.6,1256.3,617.4,638.9,3723.1,389.6,3333.5,512.8,315.2000000000013,197.80000000000183,8112.0,4208.6,3903.3,16233.3,6796.4000000000015,9437.000000000002,22.934954691898753,49.971355177320696,16.19572114111117,58.13323148570232
2019-10-01,2019,4,2019Q4,2899.4,1387.6,1511.8,1253.7,612.2,641.5,3600.6,387.2,3213.4,414.49999999999454,261.1,153.2,8100.299999999999,4207.400000000001,3892.9,16268.399999999994,6855.5,9412.9,22.132477686803874,49.79162056502177,17.82228123232771,57.860023112291316
2020-01-01,2020,1,2020Q1,2894.2,1391.8,1502.4,1248.3,597.0,651.4,3733.5,422.5,3311.0,579.8999999999978,372.8,207.3,8069.8,4204.5,3865.4,16525.8,6988.5,9537.3,22.591947137203647,48.8315240411962,17.51322175023297,57.711578259448856
2020-04-01,2020,2,2020Q2,3009.8,1451.9,1557.8,1230.9,617.9,613.0,4367.1,649.9,3717.2,788.6999999999999,494.4999999999982,294.1000000000015,8192.2,4219.9,3972.3,17588.7,7434.0999999999985,10154.500000000002,24.829009534530694,46.57649513608169,17.112123124506077,57.7334182368125
2020-07-01,2020,3,2020Q3,2779.0,1349.5,1429.6,1276.6,625.9,650.7,3910.8,510.6,3400.2,581.8,355.8,226.0,8147.8,4196.7,3951.1,16696.0,7038.4,9657.6,23.4235745088644,48.80091039770005,16.644705318639193,57.84379492093915
2020-10-01,2020,4,2020Q4,3010.5,1471.2,1539.3,1251.6,631.1,620.6,3704.6,492.9,3211.7,468.0,288.7000000000018,179.4,8136.7,4187.2,3949.5,16571.4,7071.000000000002,9500.4,22.355383371350637,49.10086051872503,18.166841666968388,57.330098844998
2021-01-01,2021,1,2021Q1,3227.8,1543.8,1684.0,1215.9,602.6,613.3,3679.9,523.4,3156.6,519.2,312.29999999999853,207.2,8271.800000000001,4212.3,4059.6,16914.7,7194.199999999999,9720.6,21.75563267453753,48.903025179281926,19.082809627129066,57.46801617518387
2021-04-01,2021,2,2021Q2,3083.4,1479.0,1604.4,1277.8,632.0,645.8,3498.6,444.5,3054.2,469.0000000000037,296.5999999999991,172.39999999999998,8256.0,4186.599999999999,4069.4,16584.800000000003,7038.699999999999,9546.2,21.095219719261003,49.78052192368915,18.59172254112199,57.559587335467796
2021-07-01,2021,3,2021Q3,2899.2,1396.4,1502.8,1005.5,502.1,503.4,3532.0,424.9,3107.1,505.999999999996,319.5000000000018,186.6,8429.3,4260.8,4168.5,16371.999999999996,6903.600000000002,9468.5,21.573418030784268,51.48607378451015,17.70828243342292,57.83314296883111
2021-10-01,2021,4,2021Q4,3260.3,1556.1,1704.2,954.3,503.6,450.8,3434.9,436.6,2998.3,431.59999999999854,269.90000000000094,161.6,8511.9,4278.7,4233.3,16593.0,7044.800000000001,9548.1,20.70089796902308,51.29813776893871,19.64864701982764,57.54328658643154
2022-01-01,2022,1,2022Q1,3275.3,1544.8,1730.6,894.2,462.5,431.8,3502.4,448.3,3054.1,472.4000000000015,297.5,175.1,8561.1,4329.7,4231.5,16705.5,7082.6,9623.0,20.965550267875848,51.24719403789172,19.60611774565263,57.60343836797242
2022-04-01,2022,2,2022Q2,3220.0,1536.5,1683.5,927.4,489.5,437.9,3458.6,413.2,3045.4,460.1999999999964,286.0000000000028,174.20000000000184,8609.0,4335.5,4273.5,16675.199999999997,7060.700000000003,9614.500000000002,20.740980617923626,51.62756668585685,19.310113222030324,57.65747937056227
2022-07-01,2022,3,2022Q3,3009.3,1418.8,1590.5,930.5,494.9,435.6,3555.9,434.9,3121.0,534.7,307.99999999999767,226.8,8654.5,4341.7,4312.8,16684.8,6998.299999999997,9686.6,21.312212313003453,51.87056482546989,18.03617663981588,58.05608664121452
2022-10-01,2022,4,2022Q4,3326.4,1571.9,1754.5,890.8,476.5,414.3,3480.3,425.5,3054.8,507.1999999999978,320.7999999999991,186.5,8692.1,4369.900000000001,4322.200000000001,16896.8,7164.599999999999,9732.2,20.597391222006536,51.44228492969083,19.68656787083945,57.59788835755884
2023-01-01,2023,1,2023Q1,3423.1,1623.6,1799.5,937.4,506.2,431.2,3404.9,447.6,2957.4,490.69999999999857,316.5000000000018,174.29999999999853,8684.5,4360.5,4324.0,16940.699999999997,7254.4000000000015,9686.3,20.09893333805569,51.26411541435715,20.206366915180602,57.17768451126576
2023-04-01,2023,2,2023Q2,3304.2,1542.2,1762.0,898.2,490.1,408.2,3430.0,445.2,2984.8,453.1999999999985,272.09999999999854,181.1,8739.3,4389.2,4350.1,16824.899999999998,7138.699999999999,9686.3,20.386451033884306,51.94265641994901,19.63874971025088,57.57087667161961
2023-07-01,2023,3,2023Q3,3040.9,1411.5,1629.4,856.8,475.0,381.8,3497.1,441.8,3055.3,545.7,325.5000000000018,220.19999999999965,8775.6,4415.200000000001,4360.4,16716.1,7068.9000000000015,9647.1,20.920549649738877,52.49789125453904,18.19144417657229,57.71177315147165
2023-10-01,2023,4,2023Q4,3362.9,1569.7,1793.2,924.5,509.5,415.0,3343.9,456.8,2887.1,507.9999999999985,301.30000000000126,206.8,8831.199999999999,4418.6,4412.6,16970.6,7255.9000000000015,9714.7,19.704076461645435,52.03823082271693,19.816034789577273,57.24429307154726
2024-01-01,2024,1,2024Q1,3466.1,1620.5,1845.5,921.9,510.9,411.0,3366.6,444.5,2922.2,516.1,303.20000000000005,212.9,8827.8,4407.400000000001,4420.4,17098.6,7286.5,9812.1,19.689331290281075,51.62878832185092,20.271250277800522,57.3853999742669
2024-04-01,2024,2,2024Q2,3403.9,1585.1,1818.8,944.1,526.1,418.0,3336.7,424.1,2912.6,501.0,306.5000000000013,194.6,8871.2,4441.9,4429.3,17057.0,7283.800000000001,9773.2,19.562056633640147,52.00914580524125,19.956029782493992,57.2972972972973
2024-07-01,2024,3,2024Q3,3127.4,1477.9,1649.5,912.0,492.5,419.5,3523.7,467.1,3056.6,511.2999999999985,279.89999999999964,231.3,8978.1,4515.0,4463.1,17052.5,7232.4,9819.9,20.6638322826565,52.64975809998534,18.33983286908078,57.58695307964321
2024-10-01,2024,4,2024Q4,3577.3,1671.1,1906.2,855.3,472.3,383.0,3387.2,425.3,2961.9,486.5999999999964,283.40000000000003,203.2999999999949,9050.3,4531.0,4519.5,17356.699999999997,7383.0,9973.799999999996,19.515230429747593,52.142976487465944,20.610484711955618,57.463357300884944
2025-01-01,2025,1,2025Q1,3647.0,1719.4,1927.5,832.7,470.4,362.3,3312.4,439.2,2873.2,510.4000000000015,293.9000000000004,216.70000000000215,9064.2,4551.0,4513.3,17366.7,7474.0,9893.000000000002,19.073283928437757,52.19299003264869,20.999959692975636,56.964357689871605
2025-04-01,2025,2,2025Q2,3567.3,1681.0,1886.4,837.4,466.5,370.9,3266.5,414.5,2852.1,476.5,282.6,194.1000000000004,9078.8,4536.599999999999,4542.4,17226.7,7381.1,9845.7,18.961844114078726,52.7019104065201,20.70797076631044,57.153388905658616
2025-07-01,2025,3,2025Q3,3208.1,1530.6,1677.5,841.7,453.3,388.4,3505.1,524.7,2980.4,499.5,300.6000000000022,198.89999999999964,9106.8,4555.4,4551.4,17161.2,7364.600000000002,9796.6,20.424562384914807,53.066219145514296,18.693914178495675,57.08575157914364
2025-10-01,2025,4,2025Q4,3543.2,1676.5,1866.8,814.6,451.3,363.4,3342.6,478.6,2864.0,507.5000000000037,295.30000000000183,212.10000000000147,9166.9,4552.0,4614.9,17374.900000000005,7453.600000000002,9921.2,19.238096334367384,52.75944034210267,20.39263535329699,57.10108893339779
