fecha,año,trimestre,IPC_2021,IPC_1986,IPC_2001,IPC_2025,inflacion_yoy,inflacion_qoq,diferencial_bases_2021_2025
1976-07-01,1976.0,3.0,10.216666666666667,26.379206472157673,13.835597887419313,8.059373787971417,,1.3292419615242412,-2.1572928786952486
1976-10-01,1976.0,4.0,10.686666666666667,27.592736035803426,14.472080530853612,8.430131277075485,,1.4576706869662208,-2.2565353895911815
1977-01-01,1977.0,1.0,11.383333333333333,29.391513899647133,15.41551934275268,8.979693796385773,,2.3770635653103036,-2.4036395369475607
1977-04-01,1977.0,2.0,12.006666666666666,31.0009467251915,16.259648806030793,9.47140762945287,,1.8062244151331914,-2.5352590372137964
1977-07-01,1977.0,3.0,13.003333333333332,33.57431792753249,17.609353135015578,10.25762386521256,27.267208958649096,2.652115375644811,-2.745709468120772
1977-10-01,1977.0,4.0,13.573333333333332,35.04604527067735,18.38125761747845,10.707265926466432,27.020543169350095,1.045570849324114,-2.8660674068669016
1978-01-01,1978.0,1.0,14.053333333333333,36.285394612273,19.031282444815602,11.085911872785479,23.46827162927134,1.2991442203861798,-2.967421460547854
1978-04-01,1978.0,2.0,14.663333333333334,37.86040106721749,19.857355662889905,11.567107762899271,22.140544713624156,1.3656947764458656,-3.0962255704340627
1978-07-01,1978.0,3.0,15.346666666666666,39.624752560461324,20.78273822958516,12.10615233925625,18.040078068239065,1.5746155889210838,-3.2405143274104167
1978-10-01,1978.0,4.0,15.780000000000001,40.7436096049574,21.36956619870898,12.447985485238725,16.256461380291057,0.9158873257107661,-3.332014514761276
1979-01-01,1979.0,1.0,16.356666666666666,42.23255013340219,22.150498803773758,12.902886517969248,16.392164208695796,1.157669673043819,-3.453780148697419
1979-04-01,1979.0,2.0,16.94333333333333,43.747310439796884,22.944973592741395,13.365676007914752,15.548664677683513,1.197328394132291,-3.577657325418581
1979-07-01,1979.0,3.0,17.669999999999998,45.62354763749031,23.929038956349032,13.938903898869976,15.141033794914138,1.4793780920225947,-3.731096101130022
1979-10-01,1979.0,4.0,18.24,47.095274980635175,24.700943438811905,14.388545960123851,15.589720856178536,1.0163833912026983,-3.8514540398761494
1980-01-01,1980.0,1.0,19.08666666666667,49.28134951372752,25.84751500925383,15.05643533765884,16.691803288528217,1.39602828733613,-4.030231329007829
1980-04-01,1980.0,2.0,19.586666666666666,50.572338411223,26.5246242043967,15.450858198407845,15.60074268019998,1.0650898655748309,-4.13580846825882
1980-07-01,1980.0,3.0,20.343333333333334,52.52603494276616,27.549316119712913,16.047751461008016,15.129319914874904,1.228839733222964,-4.295581872325319
1980-10-01,1980.0,4.0,20.97,54.1440743609605,28.397959644291973,16.54209477981344,14.965254262574282,1.0745070507825434,-4.4279052201865605
1981-01-01,1981.0,1.0,21.886666666666667,56.510887339702215,29.639326502053905,17.26520335785329,14.667515837547915,1.5021282201168458,-4.621463308813378
1981-04-01,1981.0,2.0,22.51,58.12032016524659,30.483455965332013,17.756917190920387,14.932587582710063,0.5232301891813229,-4.753082809079614
1981-07-01,1981.0,3.0,23.24666666666667,60.02237714088992,31.48106351284251,18.338033539090592,14.27286029880849,1.3136472635218628,-4.908633127576073
1981-10-01,1981.0,4.0,23.983333333333334,61.92443411653327,32.47867106035301,18.919149887260797,14.3701235944215,1.16603264683847,-5.064183446072537
1982-01-01,1982.0,1.0,25.01,64.57526465272399,33.86900194104636,19.72903149466543,14.274909030230491,1.288719556491058,-5.280968505334568
1982-04-01,1982.0,2.0,25.900000000000002,66.87322489026594,35.07425630840068,20.431104186798667,15.057942818787902,1.239406412038487,-5.4688958132013346
1982-07-01,1982.0,3.0,26.656666666666666,68.8269214218091,36.09894822371688,21.027997449398836,14.673089824604572,0.6962602719728558,-5.62866921726783
1982-10-01,1982.0,4.0,27.27,70.41053446940357,36.92953550309215,21.51182282525095,13.702611805931086,1.1856517745015245,-5.75817717474905
1983-01-01,1983.0,1.0,28.320000000000004,73.12161115414408,38.35146481289217,22.34011083282387,13.236930279839905,0.9314093443462493,-5.979889167176129
1983-04-01,1983.0,2.0,29.006666666666664,74.89456924003788,39.28136144088838,22.881784894919175,12.00128598760834,0.7904825065924678,-6.124881771747492
1983-07-01,1983.0,3.0,29.603333333333335,76.4351493243825,40.08937841375887,23.35246284207966,11.052160783923666,0.8284815617387512,-6.250870491253674
1983-10-01,1983.0,4.0,30.66333333333333,79.17204578707289,41.52484990746175,24.18863930686756,12.444956469928863,1.3100814874680438,-6.474694026465772
1984-01-01,1984.0,1.0,31.72666666666667,81.9175488424133,42.96483546246558,25.02744525739379,12.028958695917225,0.9151122506635782,-6.699221409272879
1984-04-01,1984.0,2.0,32.28,83.3462432223083,43.7141696384237,25.463939889956023,11.284317069718503,0.5707826099071204,-6.816060110043977
1984-07-01,1984.0,3.0,33.166666666666664,85.63559686720028,44.91490994447705,26.16338309635093,12.041839197530896,0.8156108189170194,-7.003283570315733
1984-10-01,1984.0,4.0,33.68,86.96101213529563,45.61007538482374,26.568323900053247,9.844433625942296,0.5972329509993305,-7.111676099946749
1985-01-01,1985.0,1.0,34.76,89.74954815388588,47.07263124633234,27.420277279271108,9.560634417847988,1.071967551068694,-7.339722720728893
1985-04-01,1985.0,2.0,35.403333333333336,91.41062053533007,47.943845077416164,27.927768026768167,9.678311627354018,0.3902782089730346,-7.475565306565168
1985-07-01,1985.0,3.0,35.76333333333333,92.34013254152683,48.43136369791903,28.211752486507454,7.829032616783145,0.5997967780249006,-7.551580846825881
1985-10-01,1985.0,4.0,36.46666666666666,94.15612359067045,49.38383063241999,28.76657397729439,8.274024137129091,0.5702928466787697,-7.700092689372274
1986-01-01,1986.0,1.0,37.86666666666667,97.77089250365782,51.27973637882004,29.87095798739162,8.93884983882697,1.219384980486149,-7.99570867927505
1986-04-01,1986.0,2.0,38.29,98.863929770204,51.853022164041,30.20490267615911,8.153706727301417,0.48049476131154883,-8.08509732384089
1986-07-01,1986.0,3.0,39.156666666666666,101.10164385919616,53.02667810228865,30.888568968124062,9.488261970225778,0.7726298930085326,-8.268097698542606
1986-10-01,1986.0,4.0,39.60666666666666,102.26353386694207,53.63607637791722,31.243549542798164,8.612913621537132,0.19435945755912343,-8.363117123868502
1987-01-01,1987.0,1.0,40.18,103.74386780273691,54.41249492168105,31.69582108979036,6.10888637589256,0.5845577795436041,-8.484178910209636
1987-04-01,1987.0,2.0,40.449999999999996,104.44100180738447,54.778133887058196,31.90880943459483,5.644078405062729,0.04134791810230798,-8.541190565405168
1987-07-01,1987.0,3.0,40.96666666666667,105.77502366812979,55.47781338870584,32.31637972403548,4.623337063182927,0.6317808020590121,-8.650286942631192
1987-10-01,1987.0,4.0,41.443333333333335,107.00576641707549,56.12332415474203,32.69239618461619,4.637315369069861,0.24270726115511362,-8.750937148717137
1988-01-01,1988.0,1.0,41.949999999999996,108.31396849987091,56.80946147248681,33.09207801684186,4.405143451051148,0.5432679990402756,-8.857921983158143
1988-04-01,1988.0,2.0,42.096666666666664,108.69265857646958,57.008080169728714,33.207775389328226,4.070933660705507,0.016280765723338437,-8.888891277338436
1988-07-01,1988.0,3.0,43.169999999999995,111.46398140975988,58.46160790863541,34.05446979706944,5.377434857970212,1.0551004249511091,-9.115530202930563
1988-10-01,1988.0,4.0,43.71333333333333,112.86685601170497,59.19739990069066,34.48307597241669,5.4771383480016675,0.29061987265421124,-9.230257360916639
1989-01-01,1989.0,1.0,44.56333333333333,115.0615371374473,60.348485532433536,35.15359483569001,6.2301462824046885,0.6192205374376666,-9.40973849764332
1989-04-01,1989.0,2.0,45.00666666666667,116.2062139598933,60.94885568546022,35.503316438887474,6.912462816931911,0.3193315264469125,-9.5033502277792
1989-07-01,1989.0,3.0,46.156666666666666,119.1754884241329,62.506206834288825,36.410489018610185,6.920301790233485,0.9731572709808253,-9.746177648056479
1989-10-01,1989.0,4.0,46.81333333333333,120.87098717617694,63.39547691057646,36.92849770906056,7.092243911878216,0.3143387942742419,-9.884835624272782
1990-01-01,1990.0,1.0,47.68,123.10870126516913,64.5691328488241,37.6121640010255,6.9936765298690275,0.6631339529842665,-10.0678359989745
1990-04-01,1990.0,2.0,48.050000000000004,124.0640330493158,65.07019365322981,37.904036917979774,6.762436795002148,0.1737560890744616,-10.145963082020229
1990-07-01,1990.0,3.0,49.10999999999999,126.80092951200622,66.5056651469327,38.740213382767664,6.398218294286344,0.9402933020494553,-10.369786617232336
1990-10-01,1990.0,4.0,49.97,129.02143041569843,67.67029296257844,39.41862070325596,6.7434650066107755,0.34963955559406124,-10.55137929674404
1991-01-01,1991.0,1.0,50.626666666666665,130.7169291677425,68.55956303886607,39.93662939370633,6.181674436690398,0.44576859259290263,-10.690037272960337
1991-04-01,1991.0,2.0,50.96666666666667,131.59480161803944,69.01999729156324,40.20483693901566,6.069985289027343,0.26225016702787024,-10.761829727651012
1991-07-01,1991.0,3.0,52.02,134.31448489542993,70.44644066266422,41.0357544323269,5.926234710651819,0.8157430714670566,-10.984245567673101
1991-10-01,1991.0,4.0,52.75333333333333,136.20793527842326,71.43953414887375,41.614241294758784,5.570091197797662,0.27323960115361867,-11.139092038574551
1992-01-01,1992.0,1.0,53.94333333333333,139.28048885446253,73.05105403331379,42.552967703341416,6.551166305467393,0.8713006274527461,-11.390365629991914
1992-04-01,1992.0,2.0,54.23,140.02065582235994,73.4392633051957,42.77910347683752,6.4032067564404755,0.049299301909688786,-11.450896523162482
1992-07-01,1992.0,3.0,54.923333333333325,141.81082709355368,74.37818805579381,43.32603651040947,5.580207732771858,0.6835887495699596,-11.597296822923854
1992-10-01,1992.0,4.0,55.50666666666667,143.3169808072984,75.1681487834605,43.786196514616655,5.219223187197468,0.14428824818838817,-11.720470152050012
1993-01-01,1993.0,1.0,56.22666666666667,145.17600481969188,76.14318602446622,44.35416543409523,4.234097051078526,0.4362083911596537,-11.872501232571437
1993-04-01,1993.0,2.0,56.76333333333333,146.56166623633703,76.86994989391957,44.77751263796583,4.671379022995695,0.3242739020862991,-11.985820695367506
1993-07-01,1993.0,3.0,57.446666666666665,148.32601772958085,77.79533246061483,45.31655721432281,4.595986863088915,0.5070623134071953,-12.130109452343852
1993-10-01,1993.0,4.0,58.15,150.1420087787245,78.7477993951158,45.87137870510975,4.7619980474587456,0.33930058584945577,-12.278621294890248
1994-01-01,1994.0,1.0,59.03666666666667,152.43136242361652,79.94853970116917,46.57082191150465,4.997642786750848,0.45561920587557925,-12.46584475516201
1994-04-01,1994.0,2.0,59.51,153.65349857991222,80.58953640590441,46.94420888634705,4.839011761036012,0.23612888899854725,-12.56579111365295
1994-07-01,1994.0,3.0,60.14000000000001,155.28014459075655,81.44269399178442,47.44118169089081,4.688846669489795,0.4456267767516768,-12.698818309109193
1994-10-01,1994.0,4.0,60.68666666666667,156.6916257853516,82.18300004514063,47.87241735197639,4.362336428590607,0.28078596450734256,-12.814249314690281
1995-01-01,1995.0,1.0,61.85,159.69532662019108,83.75840743917304,48.79010787465241,4.7649905593106405,0.7014304764551079,-13.059892125347588
1995-04-01,1995.0,2.0,62.56,161.52853085463465,84.7199024962759,49.350188336916005,5.125281926250924,0.22484661356637256,-13.20981166308399
1995-07-01,1995.0,3.0,62.81666666666666,162.19123848868233,85.06748521644926,49.55265873876717,4.451285005577454,0.22853440743981768,-13.2640079278995
1995-10-01,1995.0,4.0,63.336666666666666,163.53386694207765,85.77167877939785,49.96285851394614,4.36675180295439,0.2584429957604402,-13.37380815272053
1996-01-01,1996.0,1.0,64.11,165.53059643687064,86.81894100121882,50.57289920523794,3.6548185323642977,0.41290366339333434,-13.537100794762063
1996-04-01,1996.0,2.0,64.81333333333333,167.3465874860143,87.77140793571978,51.12772069602487,3.6018597635943284,0.27428753217766016,-13.68561263730846
1996-07-01,1996.0,3.0,65.11333333333333,168.1211808245116,88.1776734528055,51.364374412474284,3.6563226939104596,0.22055366142156677,-13.748958920859051
1996-10-01,1996.0,4.0,65.44,168.96462690420864,88.62005146029884,51.6220640148303,3.321149299407781,0.14792464433606156,-13.817935985169697
1997-01-01,1997.0,1.0,65.74,169.73922024270593,89.02631697738457,51.858717731279704,2.5431841275271205,0.091535377851093,-13.881282268720293
1997-04-01,1997.0,2.0,65.83333333333333,169.98020483690507,89.15271069381124,51.93234333195286,1.5738768906154554,0.05576061277589769,-13.900990001380483
1997-07-01,1997.0,3.0,66.29,171.15930802995092,89.77113709204173,52.292582878103616,1.806754240731756,0.3732163884525204,-13.997417121896381
1997-10-01,1997.0,4.0,66.72666666666667,172.286771667097,90.3624791224665,52.63704550982442,1.966126328268573,0.14501613798328186,-14.089621156842247
1998-01-01,1998.0,1.0,66.95333333333333,172.87201996729496,90.66943529093128,52.81585054003063,1.8456386006755476,0.015140182699661478,-14.137482793302697
1998-04-01,1998.0,2.0,67.16333333333334,173.41423530424308,90.95382115289128,52.98150814154522,2.020248718538394,0.14924145255569657,-14.181825191788116
1998-07-01,1998.0,3.0,67.60666666666667,174.55891212668905,91.55419130591798,53.33122974474268,1.9871347467686078,0.23753606299526572,-14.27543692192399
1998-10-01,1998.0,4.0,67.72333333333334,174.86014286943796,91.71218345145128,53.423261745584114,1.4938576509309742,0.06409086131257864,-14.30007158774922
1999-01-01,1999.0,1.0,68.20666666666666,176.10809880368365,92.3667223400894,53.80453717764149,1.8721630976362553,0.28924072732173417,-14.402129489025176
1999-04-01,1999.0,2.0,68.67666666666666,177.3216283673294,93.00320498352369,54.17529466674555,2.2532722046513687,0.13150501217995547,-14.501371999921114
1999-07-01,1999.0,3.0,69.22333333333334,178.73310956192446,93.74351103687991,54.60653032783114,2.3911138371147445,0.3482465488633772,-14.616803005502193
1999-10-01,1999.0,4.0,69.56333333333333,179.6109820122214,94.20394528957706,54.874737873140454,2.7168169031141165,0.19192741166176677,-14.688595460192873
2000-01-01,2000.0,1.0,70.2,181.25484120836563,95.066130998059,55.37696964916086,2.9224810240195818,0.2904809487417559,-14.82303035083914
2000-04-01,2000.0,2.0,70.86,182.9589465530596,95.95991513564756,55.89760782534955,3.179125171830062,0.2926688735892746,-14.962392174650441
2000-07-01,2000.0,3.0,71.73333333333333,185.21387382735176,97.14259919649709,56.58653308879116,3.6258916748373706,0.4299279675867333,-15.146800244542177
2000-10-01,2000.0,4.0,72.34333333333332,186.78888028229622,97.96867241457142,57.067728978904945,3.9964113123445393,0.2817798796902693,-15.275604354428381
2001-01-01,2001.0,1.0,72.86,188.1229021430416,98.66835191621904,57.475299268345594,3.7890124251072965,0.26125984111301886,-15.384700731654405
2001-04-01,2001.0,2.0,73.79,190.52414149238317,99.92777501918478,58.20892578933874,4.134722090362378,0.41305122705197483,-15.581074210661248
2001-07-01,2001.0,3.0,74.34666666666668,191.96144246492818,100.68162325644384,58.64804990763932,3.643649998838653,0.15737650208731413,-15.698616759027347
2001-10-01,2001.0,4.0,74.37666666666667,192.03890179877786,100.7222498081524,58.67171527928425,2.810957260521363,0.06291163918451526,-15.704951387382414
2002-01-01,2002.0,1.0,74.68,192.82210172992515,101.13302938653909,58.910998481471985,2.4976977819016533,0.25508942388305184,-15.76900151852801
2002-04-01,2002.0,2.0,76.31666666666666,197.04793872106032,103.34943348530673,60.2020759789904,3.4245585198161415,0.5752667298027555,-16.114590687676255
2002-07-01,2002.0,3.0,76.11999999999999,196.54014975471213,103.08310386855055,60.04693632042913,2.3851037973227665,-0.011919364279218877,-16.07306367957086
2002-10-01,2002.0,4.0,77.30666666666667,199.6040967381014,104.69010969168964,60.98303324327344,3.939369235785787,0.4957040695858117,-16.323633423393222
2003-01-01,2003.0,1.0,77.48666666666666,200.06885274119978,104.93386900194106,61.1250254731431,3.758365264070503,0.16416411622450408,-16.361641193523575
2003-04-01,2003.0,2.0,78.5,202.68525690679064,106.30614363743062,61.924389137594424,2.8612428593274806,0.2611059901945471,-16.57561086240558
2003-07-01,2003.0,3.0,78.33666666666666,202.2635338669421,106.08495463368395,61.795544336416405,2.9119709235982136,0.04357934598333927,-16.54112233025026
2003-10-01,2003.0,4.0,79.35666666666667,204.89715121783286,107.4662573917754,62.60016697234439,2.65181195110605,0.3888247173912858,-16.756499694322283
2004-01-01,2004.0,1.0,79.18333333333334,204.44960840003446,107.23152620412588,62.463433713951396,2.1898405975686006,0.01417859449754181,-16.719899619381945
2004-04-01,2004.0,2.0,81.01333333333334,209.17462776486795,109.7097458583488,63.90702138429278,3.201783884389157,0.7084787136413325,-17.10631194904056
2004-07-01,2004.0,3.0,80.92666666666666,208.95085635596868,109.59238026452401,63.83865475509628,3.3064076047393995,-0.047904979957787606,-17.08801191157039
2004-10-01,2004.0,4.0,82.08666666666666,211.94595059815822,111.16327359725547,64.75371579203397,3.440440541673547,0.39395412516093353,-17.332950874632697
2005-01-01,2005.0,1.0,81.76666666666667,211.1197177037611,110.72992371236406,64.50128516115461,3.2621139644342247,0.07129617219793587,-17.265381505512053
2005-04-01,2005.0,2.0,83.62333333333333,215.91358980979433,113.24425585699457,65.9659087174026,3.2222297967114657,0.6217463673250304,-17.65742461593074
2005-07-01,2005.0,3.0,83.70666666666666,216.12875462604356,113.35710738951838,66.03164586086076,3.4348157844267106,0.14446343582384577,-17.67502080580591
2005-10-01,2005.0,4.0,85.00666666666666,219.48532575953178,115.11759129688983,67.05714529880818,3.5572392219275586,0.3949175438518952,-17.949521367858484
2006-01-01,2006.0,1.0,85.04666666666667,219.58860487133143,115.17176003250125,67.08869912766811,4.01192216726769,0.11442092317477393,-17.95796753899856
2006-04-01,2006.0,2.0,86.92,224.42550994061455,117.70866248363654,68.56647011260773,3.9422313126358914,0.6410017563450424,-18.35352988739227
2006-07-01,2006.0,3.0,86.66666666666667,223.77140889921682,117.36559382476416,68.3666291964949,3.5380502421742173,-0.18350262961106903,-18.30003747017177
2006-10-01,2006.0,4.0,87.20666666666666,225.16567690851193,118.09687175551846,68.79260588610383,2.5879320069819376,0.31072605012928783,-18.41406078056284
2007-01-01,2007.0,1.0,87.11,224.91608572166282,117.96596397779082,68.71635079969235,2.426012794933071,0.05124750404302825,-18.39364920030765
2007-04-01,2007.0,2.0,88.99666666666667,229.78741716154573,120.52092267412995,70.20463972758527,2.3892246862099973,0.6143504062850358,-18.792026939081392
2007-07-01,2007.0,3.0,88.71666666666665,229.06446337894832,120.14174152484993,69.98376292556584,2.365471012496142,-0.08871900932433767,-18.73290374110083
2007-10-01,2007.0,4.0,90.66000000000001,234.08210689388076,122.7734392633052,71.51675311101032,3.959389671816364,0.8110048613507503,-19.14324688898968
2008-01-01,2008.0,1.0,90.92666666666666,234.77063430587836,123.13456416738141,71.72711197007646,4.381109936969911,0.14069579627894827,-19.19955469659021
2008-04-01,2008.0,2.0,93.09333333333332,240.36491952835874,126.06870401300051,73.43627769998882,4.602537371952502,0.7773387185801672,-19.65705563334451
2008-07-01,2008.0,3.0,93.07,240.30467337980895,126.03710558389385,73.41787129982053,4.907571207623943,-0.23884451973529655,-19.652128700179464
2008-10-01,2008.0,4.0,92.88666666666666,239.83131078406063,125.78883221234146,73.27324958421256,2.4601267498997417,-0.19680715532102525,-19.613417082454102
2009-01-01,2009.0,1.0,91.35666666666667,235.88088475772443,123.71687807520429,72.0663156303206,0.47464918142507234,-0.35266797319144133,-19.290351036346067
2009-04-01,2009.0,2.0,92.46333333333332,238.7382735175144,125.2155464271205,72.93930489544506,-0.674966280994671,0.4579644827042058,-19.52402843788826
2009-07-01,2009.0,3.0,92.07000000000001,237.722695584818,124.68288719360811,72.62902557832251,-1.0742429084277287,-0.24747301869157598,-19.440974421677485
2009-10-01,2009.0,4.0,93.01666666666667,240.16696789740945,125.96488060307861,73.3757995280073,0.14220550497627085,0.4117094784810223,-19.640867138659356
2010-01-01,2010.0,1.0,92.35000000000001,238.44564936741548,125.06206834288811,72.84990238034196,1.0871340061359074,-0.14793977051215842,-19.500097619658035
2010-04-01,2010.0,2.0,93.93333333333334,242.53378087615116,127.20624746084054,74.09890810604716,1.5899595278048517,0.48723756449113864,-19.83442522728617
2010-07-01,2010.0,3.0,93.87,242.3702556158017,127.12048029612244,74.04894787701895,1.9551262255417108,-0.042081653452156566,-19.821052122981055
2010-10-01,2010.0,4.0,95.39,246.29486186418796,129.17889224935678,75.24799337369593,2.55114944413933,0.6904609039457185,-20.142006626304063
2011-01-01,2011.0,1.0,95.56666666666666,246.7510112746364,129.41813749830726,75.38735611782725,3.4829828418974755,0.04696884121765018,-20.17931054883941
2011-04-01,2011.0,2.0,97.21333333333332,251.00266804372154,131.64808378097777,76.68632207256066,3.492222824731435,0.3580538386606806,-20.52701126077267
2011-07-01,2011.0,3.0,96.75,249.8063516653757,131.02062926014537,76.32082355493326,3.068078779120402,-0.05435805166884947,-20.429176445066755
2011-10-01,2011.0,4.0,98.01666666666667,253.07685687236426,132.73597255450733,77.3200281354974,2.754848595197642,0.4385318675659426,-20.696638531169267
2012-01-01,2012.0,1.0,97.43666666666667,251.5793097512695,131.95052588814158,76.86249761702855,1.9568944095075997,-0.10595453435562341,-20.574169049638115
2012-04-01,2012.0,2.0,99.12333333333333,255.93424563215424,134.23464090642355,78.19301740062188,1.9647081013244156,0.35552690644267876,-20.930315932711455
2012-07-01,2012.0,3.0,99.41666666666667,256.6916257853516,134.63187830090735,78.42441214559462,2.7554810179264275,0.4372849876431828,-20.99225452107204
2012-10-01,2012.0,4.0,101.04666666666667,260.9002495911869,136.8392542770731,79.7102306716364,3.091928706910418,0.26620105923071957,-21.336435995030268
2013-01-01,2013.0,1.0,99.99333333333334,258.1805663137964,135.41281090597215,78.87931317832515,2.624385008427802,-0.24864486220051626,-21.114020155008188
2013-04-01,2013.0,2.0,100.83333333333333,260.3494276615888,136.55035435381214,79.54194358438347,1.725496307774299,0.2321681181944054,-21.29138974894985
2013-07-01,2013.0,3.0,100.62,259.7986057319907,136.2614544305512,79.37365649713057,1.2142561552460112,-0.1283033982718118,-21.246343502869433
2013-10-01,2013.0,4.0,101.18,261.2445132971857,137.0198167291112,79.81541010116946,0.1320223357709316,0.23479003800395137,-21.364589898830534
2014-01-01,2014.0,1.0,100.00666666666666,258.2149926843963,135.43086715117593,78.88983112127846,0.013635964005261533,-0.38412784777013265,-21.11683554538821
2014-04-01,2014.0,2.0,101.05333333333333,260.91746277648684,136.84828239967499,79.71548964311305,0.21833535805443707,0.3127467050872153,-21.337843690220286
2014-07-01,2014.0,3.0,100.28666666666668,258.9379464669937,135.81004830045595,79.11070792329791,-0.33117872050805924,-0.21016369871966015,-21.175958743368763
2014-10-01,2014.0,4.0,100.66666666666667,259.9190980290903,136.3246512887645,79.41046929746715,-0.5069045103105204,-0.062170989568140676,-21.256197369199516
2015-01-01,2015.0,1.0,98.98333333333333,255.5727687408555,134.04505033178353,78.08257899961215,-1.0234854048006687,-0.25527792255784315,-20.900754333721185
2015-04-01,2015.0,2.0,100.8,260.2633617350891,136.50521374080265,79.51564872700021,-0.25074864018411747,0.5569028376572657,-21.284351272999785
2015-07-01,2015.0,3.0,99.87666666666667,257.8793355710474,135.25481876043878,78.7872811774837,-0.40834045533542823,-0.5230498757977172,-21.089385489182956
2015-10-01,2015.0,4.0,100.34333333333332,259.0842585420432,135.88678734257212,79.15540918084946,-0.32043824414217753,0.23790827950982787,-21.187924152483873
2016-01-01,2016.0,1.0,98.33666666666666,253.90308976676138,133.16932243939877,77.57245876637677,-0.6526746457710897,-0.5393003466985383,-20.7642079002899
2016-04-01,2016.0,2.0,99.84333333333332,257.79326964454776,135.20967814742926,78.76098632010044,-0.9493757260728134,0.5679181881715308,-21.08234701323289
2016-07-01,2016.0,3.0,99.69,257.3973663826491,135.00203132758546,78.64002997613741,-0.18606304397223253,-0.19568325403383305,-21.049970023862585
2016-10-01,2016.0,4.0,101.32,261.6059901884844,137.2094073037512,79.92584850217919,0.9735427783659656,0.6974941625787231,-21.39415149782081
2017-01-01,2017.0,1.0,101.03333333333335,260.86582322058706,136.8211980318693,79.6997127286831,2.742977006029316,-0.30838336081395745,-21.333620604650246
2017-04-01,2017.0,2.0,101.83999999999999,262.9486186418797,137.9136008666998,80.33604827735816,2.0015485179973647,0.3139162512583023,-21.50395172264184
2017-07-01,2017.0,3.0,101.33999999999999,261.6576297443842,137.2364916715569,79.94162541660914,1.655083601846008,-0.10727450142561379,-21.39837458339085
2017-10-01,2017.0,4.0,102.78666666666668,265.3928909544711,139.19559427617028,81.08282222704294,1.4483672067274005,0.47450096144897963,-21.70384443962372
2018-01-01,2018.0,1.0,101.99333333333334,263.3445219037783,138.12124768654363,80.45700462132119,0.9506474475536061,-0.27429775666852524,-21.53632871201215
2018-04-01,2018.0,2.0,103.67,267.67363800671313,140.3918205209227,81.77963594769953,1.7970258629881404,0.6619051213145211,-21.890364052300473
2018-07-01,2018.0,3.0,103.60333333333334,267.50150615371376,140.30153929490362,81.72704623293299,2.2333948119545775,-0.10800772819334152,-21.876287100400337
2018-10-01,2018.0,4.0,104.54333333333334,269.9285652810053,141.57450458177223,82.46856121114114,1.7099544277310974,0.12035948797598876,-22.0747721221922
2019-01-01,2019.0,1.0,103.15333333333332,266.3396161459678,139.69214101927506,81.37206565825889,1.1371779623396676,-0.22164226752410995,-21.781267675074442
2019-04-01,2019.0,2.0,104.62333333333333,270.13512350460456,141.6828420529951,82.53166886886096,0.9218130589331223,0.360560098226211,-22.091664464472363
2019-07-01,2019.0,3.0,103.92,268.3191324554609,140.73037511849412,81.97684737807403,0.30594141577963513,-0.22635667217482483,-21.94315262192598
2019-10-01,2019.0,4.0,105.00333333333333,271.1162750667011,142.1974450413037,82.83143024303023,0.4406491267108607,0.35584631898079405,-22.171903090303108
2020-01-01,2020.0,1.0,103.77666666666666,267.9490489715122,140.53627048255316,81.86377949132599,0.6054439881468069,-0.4906095099726652,-21.912887175340675
2020-04-01,2020.0,2.0,103.93666666666667,268.36216541871073,140.7529454249989,81.98999480676568,-0.656242387463076,0.25082828150081077,-21.946671859900988
2020-07-01,2020.0,3.0,103.40333333333332,266.98511059471554,140.03069561684651,81.5692770886334,-0.4971545162541909,-0.2328610633701748,-21.834056244699937
2020-10-01,2020.0,4.0,104.25,269.171185127808,141.17726718728844,82.23716646616838,-0.7174413679137773,0.301890484677525,-22.012833533831625
2021-01-01,2021.0,1.0,104.39333333333333,269.5412686117566,141.3713718232294,82.35023435291644,0.595237520878733,0.1295526014008804,-22.043098980416897
2021-04-01,2021.0,2.0,106.59666666666665,275.23022635338674,144.35516634315897,84.0883244259504,2.5589873062043633,0.707608816545302,-22.50834224071627
2021-07-01,2021.0,3.0,106.91666666666667,276.05645924778383,144.78851622805038,84.34075505682976,3.397319915773989,0.17935872512349071,-22.575911609836904
2021-10-01,2021.0,4.0,110.31,284.81797056545315,149.38383063242,87.01757153844636,5.81216921591301,1.1133760560834445,-23.292428461553637
2022-01-01,2022.0,1.0,112.59666666666668,290.7220931233325,152.48047668487342,88.82139875493851,7.855209646805203,1.1498285289984866,-23.775267911728154
2022-04-01,2022.0,2.0,116.29666666666667,300.27541096479905,157.49108472893064,91.74012792448117,9.096780992883454,0.833059704040943,-24.5565387421855
2022-07-01,2022.0,3.0,117.66666666666667,303.8127205439367,159.3463639236221,92.82084656293345,10.058911560348438,-0.23134406525272544,-24.845820103733217
2022-10-01,2022.0,4.0,117.58,303.58894913503747,159.22899832979735,92.75247993373695,6.59473733013991,0.12231332559768567,-24.82752006626305
2023-01-01,2023.0,1.0,118.28666666666668,305.4135467768311,160.18597932559928,93.30993091026222,5.0733549729410505,0.36808917249003814,-24.976735756404437
2023-04-01,2023.0,2.0,119.84666666666665,309.441432137017,162.29856001444503,94.54053023579915,3.062500907998333,0.37176975102070076,-25.306136430867525
2023-07-01,2023.0,3.0,120.98333333333333,312.37628023065673,163.8378549180698,95.43718487256854,2.819892269550106,0.2930515905542312,-25.546148460764794
2023-10-01,2023.0,4.0,121.42,313.50374386780277,164.42919694849456,95.78164750428935,3.2658622615155437,-0.010651803680972183,-25.638352495710652
2024-01-01,2024.0,1.0,121.99666666666667,314.99268439624757,165.21012955355937,96.23654853701987,3.1372109538615836,0.39999999930883473,-25.7601181296468
2024-04-01,2024.0,2.0,123.99000000000001,320.1394268009295,167.90953821152894,97.80898100853926,3.457264638066541,0.4462091553060728,-26.181018991460732
2024-07-01,2024.0,3.0,123.60333333333334,319.14106205353306,167.38590710061848,97.50396066289335,2.167076416067134,-0.3464435623401596,-26.09937267043998
2024-10-01,2024.0,4.0,124.27666666666666,320.87959376882696,168.29774748341086,98.03511678203536,2.353303559348855,0.4394927922908298,-26.241549884631297
2025-01-01,2025.0,1.0,125.32,323.57345726826753,169.71064867060898,98.85814581813162,2.72556297759267,0.20808049452975355,-26.461854181868375
2025-04-01,2025.0,2.0,126.66000000000001,327.03330751355537,171.52530131359185,99.91519908493895,2.1532623633091794,0.4550278831423264,-26.744800915061045
2025-07-01,2025.0,3.0,127.06333333333333,328.07470522420175,172.07150273100714,100.2333668592765,2.7997108561728616,-0.10742689870345545,-26.829966474056828
2025-10-01,2025.0,4.0,127.72,329.77020397624585,172.96077280729477,100.75137554972686,3.0914520946000446,0.6937874487543239,-26.96862445027314
