fecha,año,mes,trimestre,periodo,ipi_constantes_2025_total_industria,ipi_constantes_2025_energia,ipi_constantes_2025_bienes_equipo,ipi_constantes_2025_bienes_intermedios,ipi_constantes_2025_bienes_consumo
1976-07-01,1976,7,3,1976T3,95.47576237499999,62.3640625,188.3457907916667,71.7174469,72.42125624999997
1976-08-01,1976,8,3,1976T3,62.56896403333333,51.994665100000006,141.66218762499997,46.519116966666665,51.432451499999985
1976-09-01,1976,9,3,1976T3,98.56481325833333,68.92043796666667,148.24678749999998,80.51429466666667,85.21039649999997
1976-10-01,1976,10,4,1976T4,100.57357461666663,77.15448986666667,169.76009895833332,83.49596786666667,79.093581
1976-11-01,1976,11,4,1976T4,102.27242713333331,79.28850493333331,201.51612133333327,78.57552321666667,73.67270549999999
1976-12-01,1976,12,4,1976T4,98.41048618333332,82.49085796666665,188.34579079166664,77.08468661666669,70.33716449999999
1977-01-01,1977,1,1,1977T1,94.70287230833334,85.84488040000001,176.49170174999995,76.48857993333333,68.80733925
1977-02-01,1977,2,1,1977T1,99.02904917499998,70.7497838,214.98045770833332,76.48857993333334,68.80733925
1977-03-01,1977,3,1,1977T1,108.29745651666667,77.4591591,194.63864641666672,90.95129065,82.56955274999999
1977-04-01,1977,4,2,1977T2,99.029049175,61.44872436666665,216.1508270833333,79.47025313333334,70.75348575
1977-05-01,1977,5,2,1977T2,104.43551556666667,66.93809229999998,187.90704362499997,89.31114243333336,82.15198874999999
1977-06-01,1977,6,2,1977T2,99.33770332499998,66.175754,214.1018325833333,78.42621160000002,70.33716449999999
1977-07-01,1977,7,3,1977T3,92.07680264999999,60.533386233333324,183.80905462499996,74.25118525,66.86119275000003
1977-08-01,1977,8,3,1977T3,63.49618117499999,68.92043796666664,38.634628083333325,70.52409375,66.86119275
1977-09-01,1977,9,3,1977T3,103.0453172,72.73212946666666,151.90602933333332,88.56572413333333,88.26880424999999
1977-10-01,1977,10,4,1977T4,103.0453172,65.4134157,216.8824492916666,80.36498304999999,76.17436124999999
1977-11-01,1977,11,4,1977T4,102.42675420833332,75.93448250000002,202.68762149999995,78.12872815,77.56499849999999
1977-12-01,1977,12,4,1977T4,103.66262549999998,85.99788023333332,183.37030745833334,82.89986118333334,80.9005395
1978-01-01,1978,1,1,1978T1,100.10933869999998,91.64024800000001,168.00397949999996,84.54000939999999,80.76259424999999
1978-02-01,1978,2,1,1978T1,100.41924754166666,73.64746760000001,217.9069465416666,79.02231828333335,74.50659075000002
1978-03-01,1978,3,1,1978T1,102.89099012499995,73.95213683333333,231.22428,79.61956475000001,76.73111324999999
1978-04-01,1978,4,2,1978T2,101.34646468333331,74.86747496666668,189.80903520833328,86.92557591666666,85.90509374999999
1978-05-01,1978,5,2,1978T2,102.27242713333331,69.37810703333334,205.32123529166665,85.88153438333336,83.95894724999998
1978-06-01,1978,6,2,1978T2,106.13562277500002,69.2251072,214.83345479166664,87.81916604999999,89.10268949999998
1978-07-01,1978,7,3,1978T3,95.32018060833335,61.448724366666674,206.93148262499997,72.4628652,74.36740274999998
1978-08-01,1978,8,3,1978T3,65.19503369166665,64.6510774,70.39178125,66.49837901666668,65.05423425
1978-09-01,1978,9,3,1978T3,105.36273270833331,66.32875383333331,199.17538258333335,82.89986118333334,89.93657474999999
1978-10-01,1978,10,4,1978T4,109.07034658333332,68.92043796666667,230.19978275000003,85.13611608333336,87.295731
1978-11-01,1978,11,4,1978T4,109.99756372499998,78.06849756666665,212.05396887499992,89.16183081666668,90.21495075
1978-12-01,1978,12,4,1978T4,101.50079175833332,90.26724079999998,164.34473766666667,86.47764106666669,84.7928325
1979-01-01,1979,1,1,1979T1,103.66262549999999,85.9978802333333,209.41922429166664,82.75054956666668,81.4572915
1979-02-01,1979,2,1,1979T1,97.02028781666665,77.61215893333333,183.6620517083333,79.76887636666666,79.23276899999999
1979-03-01,1979,3,1,1979T1,105.98004100833332,84.3202038,202.39474645833332,86.32832945,84.65364449999997
1979-04-01,1979,4,2,1979T2,97.48326904166665,77.76382833333334,174.73558229166665,86.18015761666668,81.31810349999999
1979-05-01,1979,5,2,1979T2,109.68890957499997,70.90278363333333,238.54163287499998,89.4593142666667,87.57286425
1979-06-01,1979,6,2,1979T2,105.51705978333334,71.0544530333333,211.46821879166663,89.60862588333333,87.43491900000001
1979-07-01,1979,7,3,1979T3,101.03655584166667,64.95574663333332,199.3212547083333,81.25971296666667,82.985874
1979-08-01,1979,8,3,1979T3,66.43090498333333,72.58046006666667,65.41629791666666,64.85823080000002,73.11719625
1979-09-01,1979,9,3,1979T3,102.89099012499999,78.06849756666668,155.85701541666666,87.96847766666669,95.91420225
1979-10-01,1979,10,4,1979T4,109.3790007333333,75.93448249999999,213.95596045833332,87.37237098333334,91.048836
1979-11-01,1979,11,4,1979T4,111.54208916666664,85.69321099999998,217.0294522083333,89.31114243333334,91.32596925
1979-12-01,1979,12,4,1979T4,98.87346740833331,89.20023326666664,188.34579079166662,80.96108973333332,77.1474345
1980-01-01,1980,1,1,1980T1,105.98004100833332,96.51894703333332,192.8825269583333,90.80197903333335,84.51569924999998
1980-02-01,1980,2,1,1980T1,105.67138685833334,88.74256419999999,199.02837966666664,88.41641251666668,85.90509374999999
1980-03-01,1980,3,1,1980T1,107.06158522499997,91.64024799999999,196.394765875,92.73961070000001,87.57286424999998
1980-04-01,1980,4,2,1980T2,101.96377298333331,85.23554193333332,198.58963250000002,86.32832945,81.17891549999997
1980-05-01,1980,5,2,1980T2,107.37149406666666,83.25319626666666,186.4426684166666,93.78365223333331,92.43823049999997
1980-06-01,1980,6,2,1980T2,102.73666304999998,80.50851229999999,174.44270724999996,90.05656073333333,89.37982274999999
1980-07-01,1980,7,3,1980T3,102.27242713333332,76.08748233333333,172.68658779166662,83.34665625,87.15654300000001
1980-08-01,1980,8,3,1980T3,61.48741981666666,77.4591591,32.05002820833333,63.06877096666668,71.44818299999999
1980-09-01,1980,9,3,1980T3,104.58984264166666,71.20745286666666,193.0283990833333,78.12872814999999,88.40799224999998
1980-10-01,1980,10,4,1980T4,113.55085052499999,77.15448986666667,217.9069465416666,88.11778928333334,91.46515724999999
1980-11-01,1980,11,4,1980T4,108.29745651666666,81.27085059999999,206.19986041666658,85.2854277,83.54262600000003
1980-12-01,1980,12,4,1980T4,102.73666305,93.16492459999999,166.39373216666658,85.58291115000003,82.01280075
1981-01-01,1981,1,1,1981T1,100.41924754166665,93.4695938333333,180.88143499999993,81.11040135,79.78952099999998
1981-02-01,1981,2,1,1981T1,102.27242713333331,84.01553456666664,203.41924370833325,79.91704820000001,79.65033299999999
1981-03-01,1981,3,1,1981T1,107.83447529166665,84.93087269999998,187.0284185,91.39808571666667,89.51901074999999
1981-04-01,1981,4,2,1981T2,101.80944590833332,77.61215893333335,166.68660720833333,88.41641251666667,86.46184575
1981-05-01,1981,5,2,1981T2,105.36273270833333,78.2214974,157.32025983333327,93.93296385,95.35745025
1981-06-01,1981,6,2,1981T2,105.36273270833331,74.5614753,165.5162378333333,92.14350401666667,92.02190924999998
1981-07-01,1981,7,3,1981T3,107.52582114166665,74.56147529999998,145.17442654166666,88.41641251666664,97.86034875
1981-08-01,1981,8,3,1981T3,59.32433138333332,68.61576873333333,28.68366141666667,61.13113930000002,68.112642
1981-09-01,1981,9,3,1981T3,102.73666304999998,71.5121221,147.22229025,82.89986118333331,96.19133550000001
1981-10-01,1981,10,4,1981T4,109.53332780833333,79.44150476666667,158.78350424999996,89.7579375,100.6403805
1981-11-01,1981,11,4,1981T4,107.37149406666664,81.42385043333334,168.00397949999999,88.41641251666665,93.96805575
1981-12-01,1981,12,4,1981T4,102.27242713333332,91.02957909999998,158.19888495833334,83.94276293333333,86.04428174999997
1982-01-01,1982,1,1,1982T1,97.17461489166664,95.29893966666663,134.78358191666666,85.13611608333333,85.48877250000001
1982-02-01,1982,2,1,1982T1,99.64635747499996,85.84488039999998,149.4182876666666,86.47764106666665,88.68512549999997
1982-03-01,1982,3,1,1982T1,109.68890957499998,92.4025863,153.07639870833333,98.10799019999999,100.0836285
1982-04-01,1982,4,2,1982T2,100.57357461666665,85.8448804,135.515204125,87.96847766666669,93.41130374999999
1982-05-01,1982,5,2,1982T2,105.67138685833332,80.05084323333332,144.14992929166667,94.23044730000001,97.44278475
1982-06-01,1982,6,2,1982T2,102.58233597499998,80.05084323333332,141.95393187499997,88.71389596666667,96.05214750000002
1982-07-01,1982,7,3,1982T3,103.50829842499999,76.54382096666666,150.44278491666665,81.4078848,92.29904249999998
1982-08-01,1982,8,3,1982T3,58.39711424166666,76.54382096666666,27.659164166666663,57.254736183333314,69.91960049999999
1982-09-01,1982,9,3,1982T3,107.06158522499996,74.71447513333332,160.10087654166665,83.34665625000001,95.63582625
1982-10-01,1982,10,4,1982T4,104.43551556666665,81.8815195,145.02742362499998,90.35404418333334,94.523565
1982-11-01,1982,11,4,1982T4,107.83447529166665,85.69321099999998,160.39375158333328,89.45931426666667,92.85579449999999
1982-12-01,1982,12,4,1982T4,101.50079175833334,99.56830023333335,144.73454858333332,83.34665624999998,86.46184574999998
1983-01-01,1983,1,1,1983T1,102.73666304999998,102.92365310000001,139.61319312499998,88.41641251666667,89.37982275
1983-02-01,1983,2,1,1983T1,102.27242713333331,98.80596193333335,139.02744304166666,86.18015761666669,90.77046
1983-03-01,1983,3,1,1983T1,111.38776209166664,100.02596929999999,153.66214879166668,94.82769376666666,98.27667
1983-04-01,1983,4,2,1983T2,103.81820726666665,95.6036089,136.83257641666663,90.8019790333333,97.99829399999999
1983-05-01,1983,5,2,1983T2,109.68890957499998,93.92726290000002,141.80805974999998,97.51074373333334,106.06125599999999
1983-06-01,1983,6,2,1983T2,106.90725814999999,88.28489513333334,132.58871529166666,96.01990713333335,106.339632
1983-07-01,1983,7,3,1983T3,101.65511883333329,80.05084323333332,134.92945404166665,83.64527948333335,95.35745024999996
1983-08-01,1983,8,3,1983T3,61.33309274166666,77.15448986666667,32.19590033333333,59.490991083333334,73.25638424999998
1983-09-01,1983,9,3,1983T3,107.83447529166662,81.57551983333333,146.197793,85.43359953333334,105.08818274999999
1983-10-01,1983,10,4,1983T4,106.75293107499999,85.23554193333334,142.97842912499996,90.5033558,102.86366024999998
1983-11-01,1983,11,4,1983T4,109.2246736583333,91.94491723333331,145.1744265416667,93.33685716666668,101.47426574999999
1983-12-01,1983,12,4,1983T4,106.44427692499998,108.26002119999998,131.27134299999997,92.44212725000001,95.77501424999996
1984-01-01,1984,1,1,1984T1,106.28994984999997,112.68105116666668,128.19785124999999,94.67838215,96.74808749999997
1984-02-01,1984,2,1,1984T1,107.21591229999996,107.80235213333334,132.44171237499998,95.57311206666668,97.72116074999997
1984-03-01,1984,3,1,1984T1,110.46054494999997,111.76704346666665,130.24684575,98.70409688333335,103.83673350000001
1984-04-01,1984,4,2,1984T2,100.41924754166665,93.46959383333332,117.95400954166666,93.03823393333334,96.4697115
1984-05-01,1984,5,2,1984T2,110.30621787500002,93.16492459999999,133.61321254166666,98.1079902,109.535985
1984-06-01,1984,6,2,1984T2,105.20840563333331,86.60721869999998,116.92951229166668,96.16921875,107.45065049999997
1984-07-01,1984,7,3,1984T3,105.51705978333334,83.86386516666666,134.34483474999996,86.62695268333336,102.16896299999999
1984-08-01,1984,8,3,1984T3,65.50368784166668,83.40619609999999,34.24489483333332,60.83251606666667,82.70874074999998
1984-09-01,1984,9,3,1984T3,104.89975148333333,81.72851966666666,120.88049837499999,86.030846,107.5898385
1984-10-01,1984,10,4,1984T4,112.62363338333333,88.28489513333332,142.6855540833333,96.76532543333333,111.62131949999994
1984-11-01,1984,11,4,1984T4,110.92478086666665,92.55425569999997,151.32027925,92.14350401666667,105.08818275
1984-12-01,1984,12,4,1984T4,101.5007917583333,104.90466833333332,122.34374279166664,87.37237098333335,93.96805574999999
1985-01-01,1985,1,1,1985T1,108.91601950833332,126.86214006666667,124.68561233333334,92.88892231666668,103.00284824999999
1985-02-01,1985,2,1,1985T1,103.97253434166666,103.8376608,122.92949287499998,91.69670894999997,100.2228165
1985-03-01,1985,3,1,1985T1,109.53332780833333,113.29172006666666,124.24686516666665,97.06394866666666,107.31270525
1985-04-01,1985,4,2,1985T2,104.28118849166667,96.82361626666666,121.17337341666666,94.82769376666667,103.83673350000002
1985-05-01,1985,5,2,1985T2,111.38776209166666,98.34829286666667,130.8325958333333,99.44951518333335,112.87276874999998
1985-06-01,1985,6,2,1985T2,102.89099012499999,90.72490986666665,112.9785262083333,94.52907053333334,107.17351724999997
1985-07-01,1985,7,3,1985T3,109.99756372499998,93.16492459999998,135.95395129166664,92.14350401666667,107.31270525000001
1985-08-01,1985,8,3,1985T3,64.42214362499999,88.43789496666666,28.536658499999994,61.28045091666667,81.17891549999999
1985-09-01,1985,9,3,1985T3,108.45303828333333,88.28489513333332,129.95397070833332,90.80197903333334,107.8682145
1985-10-01,1985,10,4,1985T4,121.58464126666667,93.77426306666665,152.0519014583333,100.64172855000002,115.2352365
1985-11-01,1985,11,4,1985T4,114.16815882499999,105.66833706666667,139.4661902083333,94.67838215000003,101.89058699999998
1985-12-01,1985,12,4,1985T4,105.98004100833333,116.34107326666665,119.710129,90.05656073333336,92.8557945
1986-01-01,1986,1,1,1986T1,108.60736535833333,122.43977966666665,126.7346068333333,95.42380045,98.97136724999996
1986-02-01,1986,2,1,1986T1,108.14312944166666,112.98705083333331,124.09986224999999,96.16921874999998,100.77832575000001
1986-03-01,1986,3,1,1986T1,107.68014821666667,113.59638929999998,119.27138183333331,97.95867858333331,101.19588975
1986-04-01,1986,4,2,1986T2,116.1769201833333,106.88701400000001,133.75908466666664,103.62454153333334,113.428278
1986-05-01,1986,5,2,1986T2,112.16065215833332,98.80596193333334,126.88047895833331,102.58049999999999,111.20375549999997
1986-06-01,1986,6,2,1986T2,113.70517759999998,99.87296946666666,130.8325958333333,102.28187676666668,111.62131949999998
1986-07-01,1986,7,3,1986T3,115.09537596666667,94.23193213333333,143.56417920833334,95.72242368333335,107.17351724999999
1986-08-01,1986,8,3,1986T3,61.95040104166665,91.79191739999999,19.903064124999993,58.74557278333334,79.51114499999998
1986-09-01,1986,9,3,1986T3,113.24219637499999,93.316594,137.2713235833333,92.88892231666668,107.86821449999998
1986-10-01,1986,10,4,1986T4,123.28349378333331,97.12828549999996,148.53966254166664,104.96606651666669,120.93448799999997
1986-11-01,1986,11,4,1986T4,116.63990140833332,106.27767553333335,134.92945404166665,101.38828663333335,110.92662225
1986-12-01,1986,12,4,1986T4,108.14312944166664,110.70003593333334,121.61212058333334,94.97700538333333,100.91751374999998
1987-01-01,1987,1,1,1987T1,107.68014821666667,126.55747083333334,116.19789008333332,93.63434061666668,101.47426575
1987-02-01,1987,2,1,1987T1,112.93228753333334,113.44471990000001,129.8080985833333,97.95867858333334,106.75595324999998
1987-03-01,1987,3,1,1987T1,118.80298984166666,113.13872023333332,131.12434008333332,106.15941966666665,116.903007
1987-04-01,1987,4,2,1987T2,112.31497923333333,98.50129270000001,125.85598170833333,103.02729506666667,112.87276875
1987-05-01,1987,5,2,1987T2,118.34000861666662,100.33063853333334,135.07645695833332,106.60621473333333,119.26671749999998
1987-06-01,1987,6,2,1987T2,119.57587990833333,100.63530776666668,140.92943462499997,106.15941966666665,118.43283225
1987-07-01,1987,7,3,1987T3,126.52812643333334,96.3659472,147.22229025,106.45690311666665,126.77292750000001
1987-08-01,1987,8,3,1987T3,65.19503369166665,92.09658663333333,23.415303041666665,61.13113930000001,85.76590575
1987-09-01,1987,9,3,1987T3,120.81175119999999,93.9272629,146.63767095833333,98.8534085,118.57202025
1987-10-01,1987,10,4,1987T4,125.44658221666667,104.75299893333333,153.07639870833327,107.65025626666666,122.88063449999997
1987-11-01,1987,11,4,1987T4,124.210710925,111.46237423333334,152.05190145833333,106.01010805000004,117.45975899999999
1987-12-01,1987,12,4,1987T4,113.24219637499998,118.17041910000002,141.80805975,96.31853036666668,100.22281650000001
1988-01-01,1988,1,1,1988T1,110.92478086666667,122.13511043333332,122.92949287500001,96.76532543333332,102.308151
1988-02-01,1988,2,1,1988T1,118.64866276666663,112.22471253333333,140.929434625,101.38828663333335,112.59439275
1988-03-01,1988,3,1,1988T1,127.1454347333333,114.66339683333334,150.58865704166664,109.88651116666668,121.49123999999999
1988-04-01,1988,4,2,1988T2,116.795483175,103.53299156666667,138.734568,103.02729506666665,111.06581025
1988-05-01,1988,5,2,1988T2,124.36503800000001,100.48363836666665,153.51514587499997,109.88651116666668,117.59894700000002
1988-06-01,1988,6,2,1988T2,123.28349378333333,97.12828549999998,152.3447765,109.43857631666667,118.01526825000002
1988-07-01,1988,7,3,1988T3,122.35627664166667,97.8906238,149.56415979166658,102.43118838333334,115.51361249999998
1988-08-01,1988,8,3,1988T3,69.21130171666667,93.31659400000001,24.878547458333326,66.19975578333333,90.21495074999999
1988-09-01,1988,9,3,1988T3,123.90205677499998,94.53660136666666,152.7835236666666,101.83508169999999,118.57202025000001
1988-10-01,1988,10,4,1988T4,124.05638384999997,98.04362363333333,150.58865704166664,109.43857631666665,110.78743425000002
1988-11-01,1988,11,4,1988T4,130.0814132333333,108.2600212,155.564140375,112.57070091666668,117.73813499999999
1988-12-01,1988,12,4,1988T4,116.1769201833333,122.28811026666665,132.29584025,100.79104016666668,101.47426574999999
1989-01-01,1989,1,1,1989T1,123.74647500833333,128.6914859,140.34481533333332,109.58788793333333,106.89514125000001
1989-02-01,1989,2,1,1989T1,121.27473242499998,111.91871286666667,144.002926375,108.39567456666667,105.64369199999997
1989-03-01,1989,3,1,1989T1,127.1454347333333,109.32702873333335,149.85703483333333,115.99916918333331,112.73358074999999
1989-04-01,1989,4,2,1989T2,125.44658221666666,106.73534459999999,149.85703483333333,114.06153751666666,113.01195675
1989-05-01,1989,5,2,1989T2,128.69121486666666,98.80596193333334,157.17438770833334,116.4471040333333,118.98834149999996
1989-06-01,1989,6,2,1989T2,132.39882874166665,99.56830023333333,164.051862625,118.08725225000002,123.57533174999999
1989-07-01,1989,7,3,1989T3,128.53563309999996,103.68599139999999,153.22340162499998,109.58788793333332,119.12752950000001
1989-08-01,1989,8,3,1989T3,73.84613273333332,99.11063116666666,31.61015025,72.90966026666666,90.77046000000001
1989-09-01,1989,9,3,1989T3,128.99986901666668,94.99427043333331,157.02738479166663,107.65025626666667,124.13208374999998
1989-10-01,1989,10,4,1989T4,131.93459282499998,103.22832233333331,153.22340162499998,119.42877723333334,123.99289574999997
1989-11-01,1989,11,4,1989T4,133.7890271083333,107.04001383333332,159.80800150000002,119.130154,121.76837324999998
1989-12-01,1989,12,4,1989T4,114.01383175,119.54342629999998,122.34374279166667,103.17660668333332,100.77832574999998
1990-01-01,1990,1,1,1990T1,128.99986901666665,129.7598238666667,143.4183070833333,113.91222589999998,115.23523650000001
1990-02-01,1990,2,1,1990T1,121.4290595,105.51533723333333,142.68555408333333,109.29040448333332,110.64824624999999
1990-03-01,1990,3,1,1990T1,133.32604588333334,114.20705819999999,154.24676808333328,120.17419553333333,123.01982250000002
1990-04-01,1990,4,2,1990T2,118.03135446666667,107.0400138333333,130.09984283333333,108.39567456666666,110.09273699999997
1990-05-01,1990,5,2,1990T2,131.625938675,101.24597666666665,153.95502383333329,118.3847357,124.409217
1990-06-01,1990,6,2,1990T2,131.625938675,102.61765343333332,151.32027924999997,118.68335893333331,124.826781
1990-07-01,1990,7,3,1990T3,128.22697894999996,100.02596929999999,150.14990987499993,106.15941966666668,122.04674925
1990-08-01,1990,8,3,1990T3,73.53747858333332,98.34829286666665,30.73265591666666,70.82271698333332,91.32596925
1990-09-01,1990,9,3,1990T3,125.90956344166666,98.65429253333332,146.05192087499995,102.87912323333332,122.04674924999999
1990-10-01,1990,10,4,1990T4,129.92708615833334,103.68599139999999,143.12543204166664,114.65764420000001,126.21741825000001
1990-11-01,1990,11,4,1990T4,134.09768125833332,114.3587276,152.9305265833333,115.99916918333332,126.4945515
1990-12-01,1990,12,4,1990T4,113.550850525,131.58916969999999,117.36825945833331,99.5988268,102.586527
1991-01-01,1991,1,1,1991T1,127.45534357499996,129.6068240333333,127.90497620833331,112.71887275,117.87608025
1991-02-01,1991,2,1,1991T1,121.58464126666667,118.62808816666667,125.27136241666665,108.99178124999999,114.54053925000001
1991-03-01,1991,3,1,1991T1,118.95731691666666,115.42573513333333,113.56314549999998,110.33330623333335,113.84584199999999
1991-04-01,1991,4,2,1991T2,125.60090929166667,107.95535196666665,133.17333458333331,112.86818436666667,123.57533175
1991-05-01,1991,5,2,1991T2,127.763997725,105.3623374,133.3203375,118.08725225,126.63373949999999
1991-06-01,1991,6,2,1991T2,125.75523636666667,104.29532986666665,143.12543204166664,113.91222590000001,118.70996549999998
1991-07-01,1991,7,3,1991T3,128.38130602500001,104.29532986666666,143.85705424999995,108.09705133333335,121.35205199999997
1991-08-01,1991,8,3,1991T3,72.45593436666665,102.46598403333333,34.97651704166667,65.15685403333335,90.07576274999998
1991-09-01,1991,9,3,1991T3,126.3737993583333,104.4483297,141.80805974999998,105.11537813333335,120.79530000000001
1991-10-01,1991,10,4,1991T4,137.34231390833327,110.39403626666665,146.05192087499998,123.75311520000001,136.91998124999998
1991-11-01,1991,11,4,1991T4,130.3900673833333,111.46237423333332,139.32031808333332,116.29779241666668,127.88518875000001
1991-12-01,1991,12,4,1991T4,117.10413732499995,111.3093744,135.66107625,99.59882680000001,108.84128774999999
1992-01-01,1992,1,1,1992T1,123.28349378333331,125.49046329999996,121.31924554166663,109.88651116666666,117.73813499999996
1992-02-01,1992,2,1,1992T1,124.21071092499999,115.73173479999998,126.8804789583333,111.52665938333334,119.96141475
1992-03-01,1992,3,1,1992T1,128.072651875,117.71408046666664,131.271343,115.84985756666667,123.01982249999998
1992-04-01,1992,4,2,1992T2,120.81175120000002,108.10702136666667,124.09986225,109.73719955000003,116.48668574999996
1992-05-01,1992,5,2,1992T2,123.28349378333333,105.82000646666664,126.7346068333333,113.46429105000003,119.26671749999998
1992-06-01,1992,6,2,1992T2,126.37379935833334,101.39764606666665,132.73458741666664,115.40306250000002,124.82678099999998
1992-07-01,1992,7,3,1992T3,128.381306025,109.32702873333334,134.34483474999996,113.46429105000003,128.99745
1992-08-01,1992,8,3,1992T3,72.30160729166667,99.26363099999999,53.26933383333332,58.8948844,75.06334274999998
1992-09-01,1992,9,3,1992T3,121.42905950000001,108.41169059999999,123.66111508333331,108.24636295000002,120.65611199999996
1992-10-01,1992,10,4,1992T4,123.74647500833329,114.20705819999998,121.4662484583333,110.63192946666665,123.57533174999999
1992-11-01,1992,11,4,1992T4,119.57587990833332,108.10702136666667,121.17337341666665,107.35163303333333,117.73813499999997
1992-12-01,1992,12,4,1992T4,106.59860399999998,105.97300629999998,112.83152329166664,90.05656073333334,104.25429749999996
1993-01-01,1993,1,1,1993T1,108.29745651666663,119.08575723333334,96.88057604166666,95.72242368333335,106.61676524999997
1993-02-01,1993,2,1,1993T1,110.92478086666665,108.4116906,104.19792891666665,100.49355671666667,109.25760899999997
1993-03-01,1993,3,1,1993T1,120.50309704999998,113.44471990000001,115.02638991666663,109.14109286666668,119.68303874999998
1993-04-01,1993,4,2,1993T2,110.92478086666667,103.37999173333333,103.90505387499998,103.17660668333335,108.70209974999996
1993-05-01,1993,5,2,1993T2,117.104137325,107.04001383333333,110.78252879166664,108.39567456666667,115.5136125
1993-06-01,1993,6,2,1993T2,118.95731691666666,102.46598403333333,120.88049837499996,107.79956788333332,117.87608024999999
1993-07-01,1993,7,3,1993T3,119.88453405833333,103.0753225,113.56314549999998,109.14109286666665,123.43614374999999
1993-08-01,1993,8,3,1993T3,69.82986470833335,100.02596930000001,42.14686699999999,56.36000626666666,77.1474345
1993-09-01,1993,9,3,1993T3,119.57587990833335,105.51533723333331,111.36827887499997,107.94773971666666,123.85370775
1993-10-01,1993,10,4,1993T4,119.42155283333331,112.3763819333333,108.00191208333332,111.22803615,118.70996550000001
1993-11-01,1993,11,4,1993T4,122.35627664166665,111.76704346666666,112.39277612499998,113.76291428333333,122.18593725000002
1993-12-01,1993,12,4,1993T4,113.08661460833332,115.88340419999999,103.6121788333333,98.40547365000002,115.37442449999999
1994-01-01,1994,1,1,1994T1,112.00632508333331,122.13511043333334,89.12334520833332,103.02729506666667,112.45520475
1994-02-01,1994,2,1,1994T1,116.94981024999998,111.15637456666666,104.78254820833331,107.79956788333335,117.59894699999998
1994-03-01,1994,3,1,1994T1,127.29976180833332,115.88340419999997,115.02638991666666,119.72740046666668,126.6337395
1994-04-01,1994,4,2,1994T2,119.26722575833332,110.08936703333332,107.56316491666665,113.01749598333335,117.181383
1994-05-01,1994,5,2,1994T2,125.44658221666663,105.82000646666665,113.41727337500001,121.2182370666667,124.826781
1994-06-01,1994,6,2,1994T2,129.61717731666667,108.2600212,121.46624845833331,122.85838528333333,129.55295925
1994-07-01,1994,7,3,1994T3,126.21947228333335,113.29172006666666,117.807006625,116.8938991,126.4945515
1994-08-01,1994,8,3,1994T3,78.94519966666665,106.73534459999999,44.48873654166667,68.43715046666665,86.32265774999999
1994-09-01,1994,9,3,1994T3,128.84554194166665,111.30937439999998,116.782509375,121.51572051666668,130.66522049999998
1994-10-01,1994,10,4,1994T4,128.22697895,110.24236686666663,115.75914291666665,121.9636553666667,129.13539525
1994-11-01,1994,11,4,1994T4,134.09768125833332,111.61404363333331,123.95399012499998,127.33089508333335,135.11302275000003
1994-12-01,1994,12,4,1994T4,122.8205125583333,117.71408046666666,115.46626787500001,113.9122259,118.43283225000002
1995-01-01,1995,1,1,1995T1,128.072651875,123.35511780000002,115.75914291666665,123.0076969,121.07367599999999
1995-02-01,1995,2,1,1995T1,124.82801922499998,108.10702136666666,118.24688458333331,120.17419553333335,119.68303875
1995-03-01,1995,3,1,1995T1,140.12271064166666,116.64574249999997,134.63657899999998,137.17178438333335,132.88850025
1995-04-01,1995,4,2,1995T2,119.73020698333332,105.21066799999998,114.88051779166665,117.93794063333334,110.23068224999999
1995-05-01,1995,5,2,1995T2,137.65096805833332,111.76704346666665,134.49070687499997,135.53163616666666,129.69214724999998
1995-06-01,1995,6,2,1995T2,138.57818519999998,111.15637456666668,136.3926984583333,134.33828301666668,133.02768824999998
1995-07-01,1995,7,3,1995T3,130.5443944583333,109.78469779999999,127.75910408333331,126.13868171666664,123.99289574999999
1995-08-01,1995,8,3,1995T3,82.80714061666666,107.34468306666665,49.464219875,75.29522678333332,86.32265774999999
1995-09-01,1995,9,3,1995T3,129.77275908333334,110.24236686666666,122.34374279166666,124.34922188333333,127.05130349999999
1995-10-01,1995,10,4,1995T4,132.86180996666664,111.30937439999998,127.46622904166664,127.18158346666668,129.13539525
1995-11-01,1995,11,4,1995T4,135.6422067,113.44471990000002,131.85709308333333,127.03341163333333,134.69670149999996
1995-12-01,1995,12,4,1995T4,116.94981024999996,118.17041909999999,111.368278875,105.5621732,112.59439275
1996-01-01,1996,1,1,1996T1,126.21947228333333,123.96445626666667,115.46626787499999,121.96365536666666,116.06912174999998
1996-02-01,1996,2,1,1996T1,125.90956344166663,116.95174216666665,123.80811799999998,119.4287772333333,116.62587374999998
1996-03-01,1996,3,1,1996T1,130.85304860833332,116.03640403333333,130.24684574999998,126.43616516666667,119.82222674999997
1996-04-01,1996,4,2,1996T2,120.81175119999996,103.07532249999997,123.36824004166665,117.34183395,109.67517299999999
1996-05-01,1996,5,2,1996T2,133.32604588333336,106.27767553333332,136.53970137499996,129.56714998333337,124.54840500000002
1996-06-01,1996,6,2,1996T2,130.54439445833333,107.0400138333333,133.3203375,125.2439518,122.88063449999999
1996-07-01,1996,7,3,1996T3,135.6422067,109.48002856666662,138.44169295833333,127.92700176666665,131.35991775
1996-08-01,1996,8,3,1996T3,81.57126932500002,102.77065326666663,52.098964458333334,73.80439018333334,84.79283249999999
1996-09-01,1996,9,3,1996T3,128.69121486666663,105.82000646666665,129.368220625,124.19991026666666,121.07367599999999
1996-10-01,1996,10,4,1996T4,141.04992778333332,111.61404363333332,141.662187625,137.02247276666668,134.00076149999998
1996-11-01,1996,11,4,1996T4,133.48037295833333,115.8834042,133.46620962499998,126.88410001666668,125.52147824999997
1996-12-01,1996,12,4,1996T4,118.95731691666667,115.12106589999998,119.12437891666666,108.69315801666667,111.4821315
1997-01-01,1997,1,1,1997T1,129.92708615833334,128.23514726666667,122.34374279166663,122.70907366666665,120.65611199999998
1997-02-01,1997,2,1,1997T1,125.44658221666666,108.56469043333333,121.61212058333332,117.93794063333335,122.46431324999999
1997-03-01,1997,3,1,1997T1,130.69872153333333,111.91871286666665,128.05197912499997,126.28685355000002,122.74144650000001
1997-04-01,1997,4,2,1997T2,142.28579907499997,116.6457425,142.10093479166667,138.8119326,133.02768824999998
1997-05-01,1997,5,2,1997T2,137.18798683333333,115.73173480000003,137.41719570833328,133.74217633333333,126.49455149999999
1997-06-01,1997,6,2,1997T2,140.43261948333333,113.13872023333333,147.07641812499998,134.48759463333332,130.94359649999998
1997-07-01,1997,7,3,1997T3,146.92063009166662,118.32341893333333,153.51514587499997,139.25872766666666,139.28369174999997
1997-08-01,1997,8,3,1997T3,88.05927993333331,113.74938913333334,59.708061583333325,80.51429466666667,86.87816699999999
1997-09-01,1997,9,3,1997T3,142.28579907499997,117.56108063333332,147.51516529166665,137.02247276666668,131.35991775000002
1997-10-01,1997,10,4,1997T4,153.5642224666667,117.40808080000001,159.66212937499995,148.95030535,144.42619125
1997-11-01,1997,11,4,1997T4,141.977144925,119.54342629999995,147.36929316666667,137.47040761666668,129.13539525
1997-12-01,1997,12,4,1997T4,131.4716116,125.33746346666666,129.66109566666665,122.26113881666662,123.15901049999998
1998-01-01,1998,1,1,1998T1,135.79778846666667,123.20211796666665,132.73458741666667,130.01508483333336,126.07823024999998
1998-02-01,1998,2,1,1998T1,140.27703771666663,114.66339683333331,143.27130416666665,133.89148795000003,132.75055499999996
1998-03-01,1998,3,1,1998T1,149.083718525,120.91510306666663,153.66214879166665,145.52069730000005,136.91998124999998
1998-04-01,1998,4,2,1998T2,138.115203975,113.4447199,141.22230966666666,135.53163616666666,125.79985424999995
1998-05-01,1998,5,2,1998T2,144.75754165833334,111.15637456666666,150.44278491666665,143.73237725,132.054615
1998-06-01,1998,6,2,1998T2,152.17276940833332,114.9693965,162.5886182083333,148.20488705,140.256765
1998-07-01,1998,7,3,1998T3,155.41740205833332,123.3551178,158.3447570833333,148.80099373333334,148.73604824999998
1998-08-01,1998,8,3,1998T3,94.08430931666665,116.4940731,64.53767279166665,86.62695268333334,93.96805574999999
1998-09-01,1998,9,3,1998T3,147.3836113166666,115.73173479999997,153.07639870833333,142.38971248333334,138.31061849999998
1998-10-01,1998,10,4,1998T4,152.01844233333333,118.01874969999997,158.05188204166663,147.75809198333334,142.06372349999995
1998-11-01,1998,11,4,1998T4,150.01093566666665,122.89744873333333,157.17438770833334,144.32848393333333,138.03224249999997
1998-12-01,1998,12,4,1998T4,137.65096805833332,135.24786136666665,136.83257641666663,126.58547678333335,127.74600075
1999-01-01,1999,1,1,1999T1,138.73251227499998,135.5538610333333,134.63657899999998,130.90981474999998,127.19049149999998
1999-02-01,1999,2,1,1999T1,140.12271064166663,119.23875706666665,145.6131737083333,133.89148795,128.719074
1999-03-01,1999,3,1,1999T1,152.01844233333333,117.56108063333332,159.07637929166663,148.80099373333334,140.256765
1999-04-01,1999,4,2,1999T2,141.2042548583333,110.70003593333331,141.36931258333328,139.5573509,132.054615
1999-05-01,1999,5,2,1999T2,149.23804559999996,115.57873496666667,152.63765154166666,150.1436585,134.41832549999998
1999-06-01,1999,6,2,1999T2,154.95442083333333,117.10341156666667,162.14987104166664,152.97602008333334,142.34085675
1999-07-01,1999,7,3,1999T3,157.7348175666666,127.62447836666666,167.85697658333333,152.23060178333338,143.73149399999994
1999-08-01,1999,8,3,1999T3,99.646357475,119.84809553333332,64.83054783333333,93.18754555000001,101.890587
1999-09-01,1999,9,3,1999T3,153.56422246666665,125.49046329999999,161.85699599999998,147.9074036,140.53389825
1999-10-01,1999,10,4,1999T4,151.70978818333333,122.43977966666665,154.53964312499997,149.69572365,138.4498065
1999-11-01,1999,11,4,1999T4,157.88914464166663,130.52216216666667,165.954985,150.59045356666664,145.95601649999998
1999-12-01,1999,12,4,1999T4,145.0661958083333,138.14554516666666,142.53968195833332,133.74217633333336,137.61467849999997
2000-01-01,2000,1,1,2000T1,145.68475879999997,149.58195009999997,141.51518470833332,137.91720268333336,129.27458324999998
2000-02-01,2000,2,1,2000T1,153.87287661666664,134.18085383333334,166.24786004166663,147.9074036,134.83464674999996
2000-03-01,2000,3,1,2000T1,167.46746082500002,134.79152273333332,181.1743100416666,161.92217946666665,150.54300675
2000-04-01,2000,4,2,2000T2,141.04992778333332,122.74577933333337,145.61317370833333,138.36399775,124.40921699999998
2000-05-01,2000,5,2,2000T2,163.60551987499997,126.55747083333333,180.00394066666658,161.62355623333335,143.17598474999997
2000-06-01,2000,6,2,2000T2,163.14253865,126.86214006666667,180.58969075000002,158.94050626666666,144.84375524999996
2000-07-01,2000,7,3,2000T3,157.88914464166663,132.80917706666662,169.17434887499994,149.09961696666667,145.12213125
2000-08-01,2000,8,3,2000T3,106.90725814999998,127.92914759999996,76.830509,99.89631024999998,104.67061874999997
2000-09-01,2000,9,3,2000T3,153.71854954166668,128.53981649999997,161.2723767083333,148.05557543333333,139.839201
2000-10-01,2000,10,4,2000T4,155.88163797499996,129.30215479999995,164.34473766666667,150.29297011666665,141.36902624999996
2000-11-01,2000,11,4,2000T4,163.91417402499997,137.53620669999998,176.637573875,153.72143838333335,151.09851600000002
2000-12-01,2000,12,4,2000T4,138.115203975,135.7055304333333,143.41830708333333,128.82173168333333,122.04674924999998
2001-01-01,2001,1,1,2001T1,152.637005325,147.59960443333333,159.2233822083333,145.0739022333333,132.61136699999997
2001-02-01,2001,2,1,2001T1,148.6194826083333,129.60682403333334,161.41824883333328,140.45208081666667,132.61136699999997
2001-03-01,2001,3,1,2001T1,161.44243144166663,135.40086119999998,174.44270724999996,153.57212676666668,145.9560165
2001-04-01,2001,4,2,2001T2,140.58694655833332,119.08575723333334,147.36929316666667,137.47040761666668,124.409217
2001-05-01,2001,5,2,2001T2,162.0609944333333,130.21616249999997,176.0529545833333,156.8524232,145.12213125000002
2001-06-01,2001,6,2,2001T2,159.12501593333332,131.13150063333333,174.58971016666663,152.67853663333332,141.5069715
2001-07-01,2001,7,3,2001T3,157.2718363416666,136.92553779999994,166.24786004166666,148.65282190000002,143.17598475
2001-08-01,2001,8,3,2001T3,110.306217875,132.96084646666668,84.87948408333332,101.53645846666666,106.339632
2001-09-01,2001,9,3,2001T3,149.23804559999996,130.52216216666665,153.9550238333333,144.32848393333333,134.00076149999998
2001-10-01,2001,10,4,2001T4,160.5152143,134.18085383333332,164.6376127083333,155.21227498333332,147.48459899999997
2001-11-01,2001,11,4,2001T4,156.03596505,139.0608833,153.07639870833333,147.31015713333335,148.31848424999998
2001-12-01,2001,12,4,2001T4,132.08891989999998,147.90427366666665,125.27136241666665,117.49000578333336,122.7414465
2002-01-01,2002,1,1,2002T1,149.23804560000002,154.30897973333336,141.22230966666666,141.19749911666665,134.5575135
2002-02-01,2002,2,1,2002T1,146.76630301666665,130.67383156666665,146.78354308333334,141.34681073333334,134.1399495
2002-03-01,2002,3,1,2002T1,143.9859062833333,134.7915227333333,139.32031808333332,140.30276920000003,129.41377125
2002-04-01,2002,4,2,2002T2,156.19029212499998,131.74216953333334,157.46726274999997,152.37991340000002,143.453118
2002-05-01,2002,5,2,2002T2,158.66203470833335,129.75982386666666,159.80800150000002,155.9576932833333,145.9560165
2002-06-01,2002,6,2,2002T2,150.62824396666664,135.85853026666666,150.73452916666668,145.81932053333333,136.086096
2002-07-01,2002,7,3,2002T3,162.83262980833325,141.19489836666665,159.66212937499998,156.1070049,153.87854775
2002-08-01,2002,8,3,2002T3,105.6713868583333,128.6914859,77.27038695833333,95.72242368333335,105.78287999999999
2002-09-01,2002,9,3,2002T3,152.637005325,129.60682403333334,153.223401625,148.8009937333333,140.11757699999998
2002-10-01,2002,10,4,2002T4,168.70333211666667,135.24786136666665,164.784615625,165.79858258333334,160.13455125
2002-11-01,2002,11,4,2002T4,156.80760042499998,132.96084646666665,153.36927375,151.03838841666666,148.87523625000003
2002-12-01,2002,12,4,2002T4,136.41509676666666,140.5855599,130.8325958333333,125.98937009999999,125.93904225
2003-01-01,2003,1,1,2003T1,148.92939144999997,151.41129593333332,135.2223290833333,144.62710716666666,134.5575135
2003-02-01,2003,2,1,2003T1,149.70102682499999,137.53620669999998,144.73454858333332,147.01267368333333,134.6967015
2003-03-01,2003,3,1,2003T1,158.04347171666663,138.75488363333332,153.22340162499998,158.64188303333336,140.67308624999998
2003-04-01,2003,4,2,2003T2,148.92939144999997,129.75982386666666,144.8815515,147.16084551666668,135.39139874999998
2003-05-01,2003,5,2,2003T2,156.49894627500004,131.28450046666666,153.36927374999996,156.55493975,141.7853475
2003-06-01,2003,6,2,2003T2,157.11750926666664,134.79152273333335,155.27126533333333,153.2746433166667,144.98294324999998
2003-07-01,2003,7,3,2003T3,166.0772624583333,147.75127383333333,157.1743877083333,160.43134286666665,157.07614350000003
2003-08-01,2003,8,3,2003T3,103.97253434166663,140.28089066666666,71.12340345833331,92.29281563333335,103.14203624999999
2003-09-01,2003,9,3,2003T3,156.03596505,132.50450783333332,155.564140375,151.93197855,144.28700324999997
2003-10-01,2003,10,4,2003T4,169.7848763333333,139.97489099999996,171.51621841666665,165.05316428333333,157.91002874999998
2003-11-01,2003,11,4,2003T4,158.1990534833333,138.60321423333332,158.63763212499995,153.57212676666666,144.149058
2003-12-01,2003,12,4,2003T4,141.97714492499998,148.36194273333328,137.71007074999997,131.05912636666667,129.41377125
2004-01-01,2004,1,1,2004T1,144.4488875083333,152.47830346666666,134.9294540416666,139.2587276666667,126.49455149999999
2004-02-01,2004,2,1,2004T1,152.48267824999996,146.98893553333332,147.80804033333328,149.69572365,133.58444024999997
2004-03-01,2004,3,1,2004T1,169.6305492583333,157.51000233333335,164.19886554166666,165.94789420000004,152.34996524999997
2004-04-01,2004,4,2,2004T2,150.47391689166668,139.8232216,143.27130416666665,150.5904535666667,132.611367
2004-05-01,2004,5,2,2004T2,160.82512314166664,140.5855599,159.07637929166665,160.7299661,142.06372349999998
2004-06-01,2004,6,2,2004T2,166.38591660833328,144.55025123333334,171.22334337499998,162.51828615,148.17929625
2004-07-01,2004,7,3,2004T3,166.3859166083333,154.00298006666665,161.4182488333333,161.62355623333332,150.82138275000003
2004-08-01,2004,8,3,2004T3,109.99756372499998,144.85492046666664,77.56213120833331,98.7040968833333,107.72902649999999
2004-09-01,2004,9,3,2004T3,162.52397565833328,143.63491309999998,165.22336279166663,156.55493975,147.48459899999997
2004-10-01,2004,10,4,2004T4,158.04347171666666,142.11023650000004,154.393771,155.51089821666667,142.34085675
2004-11-01,2004,11,4,2004T4,165.6142812333333,149.42895026666667,164.78461562499996,159.3873013333333,151.51608
2004-12-01,2004,12,4,2004T4,143.98590628333335,158.12067123333333,132.14883733333335,133.59286471666667,131.63829374999997
2005-01-01,2005,1,1,2005T1,145.68475879999997,166.3547231333333,126.73460683333329,141.19749911666665,126.9121155
2005-02-01,2005,2,1,2005T1,150.93689811666667,152.4783034666667,144.29580141666668,147.16084551666668,131.49910574999998
2005-03-01,2005,3,1,2005T1,158.5077076333333,157.2053331,151.61315429166666,152.5292250166667,141.64615949999998
2005-04-01,2005,4,2,2005T2,161.44243144166663,141.19489836666665,159.80800149999993,160.13271963333335,144.42619125000002
2005-05-01,2005,5,2,2005T2,161.28810436666666,142.2619059,161.4182488333333,160.13271963333335,142.06372349999998
2005-06-01,2005,6,2,2005T2,166.23158953333333,147.4466046,169.32022099999995,160.43134286666668,149.98625475
2005-07-01,2005,7,3,2005T3,160.67079606666664,157.51000233333332,151.174407125,155.06410315,146.0952045
2005-08-01,2005,8,3,2005T3,114.47806766666665,144.24425156666663,79.31825066666666,105.26468975,113.14990200000001
2005-09-01,2005,9,3,2005T3,162.98821157499998,149.42895026666665,161.12537379166662,156.85242320000003,148.45767225
2005-10-01,2005,10,4,2005T4,158.04347171666663,147.44660459999997,151.174407125,154.91479153333336,142.48004475
2005-11-01,2005,11,4,2005T4,167.31313374999993,157.66300216666664,162.5886182083333,161.32607278333333,151.79321325
2005-12-01,2005,12,4,2005T4,146.14774002499996,166.65939236666668,137.85707366666665,134.3382830166667,129.41377124999997
2006-01-01,2006,1,1,2006T1,156.19029212499998,173.062768,142.6855540833333,148.8009937333333,138.58775175
2006-02-01,2006,2,1,2006T1,157.11750926666664,156.7476640333333,152.34477649999994,151.33587186666668,138.58775175
2006-03-01,2006,3,1,2006T1,178.12732122499997,164.0663778,180.14981279166662,172.06055221666668,157.35451949999995
2006-04-01,2006,4,2,2006T2,146.3020671,136.77386840000003,143.12543204166664,145.81932053333333,126.35536349999997
2006-05-01,2006,5,2,2006T2,172.10229184166667,147.90427366666665,175.32133237499997,171.3151339166667,149.43074549999997
2006-06-01,2006,6,2,2006T2,174.26538027499993,151.41129593333335,180.73556287499997,170.71902723333338,151.376892
2006-07-01,2006,7,3,2006T3,166.541498375,161.6276935,161.85699599999998,161.62355623333337,147.06703499999998
2006-08-01,2006,8,3,2006T3,117.87577269999998,149.7336195,90.73359254166665,108.84246963333335,112.45520474999996
2006-09-01,2006,9,3,2006T3,163.914174025,149.12428103333335,163.90599049999997,158.64188303333336,146.23314975
2006-10-01,2006,10,4,2006T4,168.54900504166665,148.05727349999998,169.6130960416666,164.30774598333338,150.54300674999996
2006-11-01,2006,11,4,2006T4,173.3381631333333,146.83726613333332,180.0039406666666,167.58804241666667,154.57448774999997
2006-12-01,2006,12,4,2006T4,147.38361131666665,161.93236273333335,150.44278491666665,132.84744641666668,129.83133525
2007-01-01,2007,1,1,2007T1,166.541498375,169.4040763333333,158.3447570833333,159.38730133333337,149.29155749999998
2007-02-01,2007,2,1,2007T1,161.90666735833332,147.14193536666664,164.34473766666667,156.70425136666665,142.89760875000002
2007-03-01,2007,3,1,2007T1,179.98175550833332,156.5959946333333,183.80905462499996,175.63947188333333,159.02229
2007-04-01,2007,4,2,2007T2,153.71854954166662,148.8196118,153.80802091666664,150.59045356666667,131.35991774999997
2007-05-01,2007,5,2,2007T2,177.818667075,154.61364896666666,185.71104620833333,173.85001205000003,154.01773574999999
2007-06-01,2007,6,2,2007T2,174.41970735,147.59960443333333,187.02841849999996,169.67498570000004,150.54300675
2007-07-01,2007,7,3,2007T3,173.95672612500002,155.6806565,178.68656837499998,166.09720581666667,155.68550624999997
2007-08-01,2007,8,3,2007T3,120.65742412499999,150.34428840000004,94.68457862500001,110.1851344,116.62587374999997
2007-09-01,2007,9,3,2007T3,161.75234028333333,151.25829610000002,166.24786004166666,155.5108982166667,140.81227425000003
2007-10-01,2007,10,4,2007T4,177.51001292499998,153.3936416,185.12642691666665,170.56971561666666,157.91002874999995
2007-11-01,2007,11,4,2007T4,171.94796476666667,159.0346789333333,176.1988267083333,164.30774598333338,151.93240124999997
2007-12-01,2007,12,4,2007T4,147.6935201583333,168.94640726666663,150.58865704166664,130.76050313333337,130.5260325
2008-01-01,2008,1,1,2008T1,165.15004531666668,171.84276063333334,157.90600991666668,152.23060178333336,153.0446625
2008-02-01,2008,2,1,2008T1,168.08602381666668,162.08536256666667,173.8569571666666,156.85242320000003,149.15236949999996
2008-03-01,2008,3,1,2008T1,152.48267824999996,161.62769350000002,150.0029069583333,144.47779555,132.19380300000003
2008-04-01,2008,4,2,2008T2,172.10229184166664,156.44299479999998,179.27231845833333,164.45705759999998,151.098516
2008-05-01,2008,5,2,2008T2,162.8326298083333,153.2406417666666,167.85697658333333,156.70425136666665,140.67308625
2008-06-01,2008,6,2,2008T2,155.41740205833332,150.19128856666663,162.29574316666665,146.5647388333333,134.97383474999998
2008-07-01,2008,7,3,2008T3,170.712093475,161.7793629,175.32133237499997,157.0017348166667,156.6585795
2008-08-01,2008,8,3,2008T3,106.75293107499999,151.71596516666665,77.70913412499999,94.37975891666669,103.28122425
2008-09-01,2008,9,3,2008T3,154.1815307666666,151.10662669999996,156.73564054166664,143.13513078333332,138.58775175
2008-10-01,2008,10,4,2008T4,155.88163797500002,153.24064176666664,151.75902641666664,142.98695894999997,146.65071375
2008-11-01,2008,11,4,2008T4,140.43261948333333,153.69831083333332,136.83257641666665,123.30518035000001,132.88850025
2008-12-01,2008,12,4,2008T4,124.05638385,166.2017233,122.49074570833332,93.78365223333334,121.76837324999998
2009-01-01,2009,1,1,2009T1,124.67369215,165.89705406666667,104.34380104166668,102.43118838333336,125.79985425000002
2009-02-01,2009,2,1,2009T1,127.29976180833332,146.37959706666663,116.49076512499997,106.90483796666668,128.162322
2009-03-01,2009,3,1,2009T1,131.934592825,142.11023649999996,124.83148445833334,113.31611921666666,130.94359649999998
2009-04-01,2009,4,2,2009T2,123.2834937833333,138.90788346666665,118.97850679166665,104.66744328333333,119.68303875000002
2009-05-01,2009,5,2,2009T2,126.52812643333328,134.02918443333334,119.71012899999998,112.12276606666668,122.60225849999999
2009-06-01,2009,6,2,2009T2,133.17046411666666,138.45021439999996,124.97848737499999,118.98198216666667,129.41377125
2009-07-01,2009,7,3,2009T3,141.82281785,150.95362686666667,131.12434008333332,124.79601695000001,139.83920099999997
2009-08-01,2009,8,3,2009T3,95.47576237499997,141.4995676,69.07440895833334,78.4262116,97.44278475
2009-09-01,2009,9,3,2009T3,134.561917175,140.43256006666664,129.36822062499996,117.78862901666669,131.22072974999998
2009-10-01,2009,10,4,2009T4,135.95211554166664,141.04322896666667,126.8804789583333,121.66503213333331,132.33299099999996
2009-11-01,2009,11,4,2009T4,134.87057132499996,137.99254533333334,125.8559817083333,118.68335893333334,134.5575135
2009-12-01,2009,12,4,2009T4,122.20194956666666,152.7829727,112.24690399999997,98.25616203333334,122.88063449999999
2010-01-01,2010,1,1,2010T1,118.49433569166665,156.44299479999998,97.02644816666664,99.00272011666668,119.40590550000002
2010-02-01,2010,2,1,2010T1,124.82801922499999,141.04322896666667,112.39277612500001,108.09705133333337,124.13208374999999
2010-03-01,2010,3,1,2010T1,140.89560070833332,153.08897236666667,127.32035691666664,122.41045043333335,142.06372349999998
2010-04-01,2010,4,2,2010T2,126.99110765833332,138.45021439999996,113.27027045833331,113.46429105000003,124.96596899999997
2010-05-01,2010,5,2,2010T2,133.01613704166664,136.7738684,120.58762333333331,123.0076969,127.46762474999998
2010-06-01,2010,6,2,2010T2,137.4966409833333,144.09258216666663,127.32035691666663,124.49853350000001,132.193803
2010-07-01,2010,7,3,2010T3,138.57818519999998,159.95001706666662,123.36824004166664,121.66503213333331,135.39139874999995
2010-08-01,2010,8,3,2010T3,98.71914033333333,146.98893553333332,63.953053499999996,83.49596786666667,103.00284824999997
2010-09-01,2010,9,3,2010T3,133.01613704166667,143.9395823333333,120.73462624999999,117.93794063333334,130.8044085
2010-10-01,2010,10,4,2010T4,131.16295745,145.1595897,115.61213999999997,117.63931740000002,128.162322
2010-11-01,2010,11,4,2010T4,139.50540234166664,149.73361949999997,128.343723375,123.60380358333333,136.50366000000002
2010-12-01,2010,12,4,2010T4,122.66618548333331,158.42534046666665,108.294787125,99.15089195,123.85370775000001
2011-01-01,2011,1,1,2011T1,123.25463587499999,159.48569583333332,99.908836125,106.21640883333335,120.79157174999999
2011-02-01,2011,2,1,2011T1,127.84555268333334,139.9043780333333,117.12853162499998,115.19334236666664,122.19712199999998
2011-03-01,2011,3,1,2011T1,141.36861946666664,149.89859323333332,130.25476129166665,129.06108618333337,135.1043235
2011-04-01,2011,4,2,2011T2,120.71263055833333,131.3656569,110.78931354166666,109.40324303333334,114.80524499999997
2011-05-01,2011,5,2,2011T2,132.72630326666666,135.91440846666663,124.16770974999999,120.41241024999998,129.08071425000003
2011-06-01,2011,6,2,2011T2,134.23444265,143.28234826666665,127.10550649999999,118.65600413333333,129.94069724999997
2011-07-01,2011,7,3,2011T3,133.07008878333332,152.18294726666667,122.01581320833333,113.93274199999999,131.10391125
2011-08-01,2011,8,3,2011T3,101.92613223333333,150.93500079999995,69.07893212500001,80.80835876666666,109.46017724999997
2011-09-01,2011,9,3,2011T3,131.52430865,143.68413913333333,123.85108808333332,112.88186176666665,130.409214
2011-10-01,2011,10,4,2011T4,124.87569750833333,134.07708003333332,114.48813308333332,110.22958595,123.81021149999998
2011-11-01,2011,11,4,2011T4,128.42396554166666,138.17348426666666,118.0297725833333,111.2679285666667,129.67350599999997
2011-12-01,2011,12,4,2011T4,114.99500063333332,144.63805983333336,102.63969800000001,88.78342274999999,120.69463725000001
2012-01-01,2012,1,1,2012T1,119.98114531666668,154.33691883333333,95.91374916666665,102.30809178333334,120.6884235
2012-02-01,2012,2,1,2012T1,123.51310235833333,151.5430088333333,108.1376070833333,106.67688130000002,118.77583124999998
2012-03-01,2012,3,1,2012T1,126.83050712499998,144.99328553333334,110.91709299999998,111.64405706666666,125.54011949999997
2012-04-01,2012,4,2,2012T2,111.266057,133.96000189999995,93.219072625,97.97805490000002,109.59190874999999
2012-05-01,2012,5,2,2012T2,126.30353662499999,138.68570110000002,112.39390691666667,110.30481165,127.87400399999999
2012-06-01,2012,6,2,2012T2,124.34496293333333,141.81621073333332,111.17491349999999,107.37670826666667,123.94815674999997
2012-07-01,2012,7,3,2012T3,127.16174572499999,156.259395,112.08067762499998,105.75251701666666,126.86737649999998
2012-08-01,2012,8,3,2012T3,98.32014838333333,156.34587316666662,63.95531508333331,75.10602275,105.29075099999997
2012-09-01,2012,9,3,2012T3,115.12925264166664,140.66006416666664,97.57827449999999,98.33480708333337,115.24642124999997
2012-10-01,2012,10,4,2012T4,124.15926856666664,138.86397916666664,109.73880808333331,105.94400061666667,128.12503949999999
2012-11-01,2012,11,4,2012T4,118.39772443333337,137.35659819999998,105.57184079166665,98.88646221666667,121.312284
2012-12-01,2012,12,4,2012T4,103.27743515833332,144.7724336,89.69100262499997,79.39046830000001,102.23731424999998
2013-01-01,2013,1,1,2013T1,115.63865745833334,148.66262066666664,93.42374591666665,98.48639826666668,115.69878224999998
2013-02-01,2013,2,1,2013T1,112.72902748333333,136.6182077,99.22809954166667,95.71786455000002,111.11427749999999
2013-03-01,2013,3,1,2013T1,113.66000869999999,139.05290069999998,101.035104625,96.18973485,110.84460074999998
2013-04-01,2013,4,2,2013T2,118.18191746666665,133.56619363333334,104.69547724999998,102.47563993333335,118.79322974999997
2013-05-01,2013,5,2,2013T2,122.53318816666665,133.88283676666668,112.04336149999999,106.58455885000001,122.455614
2013-06-01,2013,6,2,2013T2,118.51315606666664,135.87050416666665,111.04148008333334,102.25338218333333,113.51899874999998
2013-07-01,2013,7,3,2013T3,128.33111835833336,159.5202871,114.04033958333332,105.98047368333336,127.15693724999996
2013-08-01,2013,8,3,2013T3,94.02157473333334,149.14955926666667,60.380882624999984,71.69009210000002,101.73648599999999
2013-09-01,2013,9,3,2013T3,119.29482897499997,140.48976869999996,107.13233329166668,100.97454528333333,118.59314699999996
2013-10-01,2013,10,4,2013T4,125.57456076666665,135.73346953333333,116.75537037499998,107.08492373333331,127.54094699999999
2013-11-01,2013,11,4,2013T4,118.23461451666665,134.21012336666666,109.40409374999997,98.56504331666667,119.74020524999999
2013-12-01,2013,12,4,2013T4,107.51578360833334,146.9849442333333,95.87982541666666,82.05072259999999,107.279151
2014-01-01,2014,1,1,2014T1,115.32122046666665,143.34753949999998,94.61560033333333,97.91878616666668,117.41750549999998
2014-02-01,2014,2,1,2014T1,115.91719900833333,134.37642753333333,105.44179974999997,99.09846191666666,114.05586674999998
2014-03-01,2014,3,1,2014T1,122.83431416666664,137.65993699999999,113.91934487499998,105.91094690000001,120.60143099999998
2014-04-01,2014,4,2,2014T2,115.65120437499998,130.55276213333335,104.4941963333333,100.2485033,114.64493024999999
2014-05-01,2014,5,2,2014T2,123.28976724166667,136.5051208666667,111.70412399999996,107.36417065,122.87566349999997
2014-06-01,2014,6,2,2014T2,121.77786378333333,139.08616153333332,110.72711999999999,106.49337618333335,117.95064525
2014-07-01,2014,7,3,2014T3,129.73386364166663,154.06151913333335,113.07577429166666,110.09167216666668,130.7696115
2014-08-01,2014,8,3,2014T3,91.75434689166666,144.98131163333332,53.81550620833333,74.07451883333334,98.55131775000001
2014-09-01,2014,9,3,2014T3,123.57960101666662,142.08761913333333,110.59934054166666,104.85550753333334,124.86903449999998
2014-10-01,2014,10,4,2014T4,126.6786894333333,133.81631510000003,115.51149954166667,110.50997265000001,129.14782275000002
2014-11-01,2014,11,4,2014T4,117.87953677499996,129.36335473333332,107.65136666666665,101.77125383333335,118.59563250000001
2014-12-01,2014,12,4,2014T4,110.87835727499998,141.2095331333333,101.05885124999999,86.51297435000001,112.37566875
2015-01-01,2015,1,1,2015T1,112.62865215000001,147.50514366666667,93.666866125,95.90022988333332,108.85122974999999
2015-02-01,2015,2,1,2015T1,117.23964402499998,134.21411466666663,109.55561983333331,100.88108305,113.0231415
2015-03-01,2015,3,1,2015T1,128.976029875,141.3359243,117.98567170833334,113.10297973333333,127.40673000000001
2015-04-01,2015,4,2,2015T2,118.48680754166668,132.36880363333333,105.80365308333333,105.83800076666667,115.21783799999997
2015-05-01,2015,5,2,2015T2,124.88071627499998,138.9943616333333,115.49453766666664,110.71399386666668,119.45313
2015-06-01,2015,6,2,2015T2,130.79909686666667,145.2447374333333,126.75722266666664,113.88943023333334,123.11799975
2015-07-01,2015,7,3,2015T3,137.54055519166667,168.60714676666663,125.541621625,114.42284883333335,133.74724049999995
2015-08-01,2015,8,3,2015T3,96.30636825833331,147.04481373333334,59.66622229166666,77.84036296666665,103.62670875
2015-09-01,2015,9,3,2015T3,128.3800513333333,134.90061826666664,125.20012254166666,109.55483421666668,127.595628
2015-10-01,2015,10,4,2015T4,126.47793876666665,127.54199149999998,121.84167129166663,110.53390809999999,126.70954725
2015-11-01,2015,11,4,2015T4,125.02626050833335,125.96010626666666,120.76402683333335,108.17569638333335,126.48212399999998
2015-12-01,2015,12,4,2015T4,114.68509179166665,134.4389579,110.29063441666666,92.12526748333333,114.68469824999998
2016-01-01,2016,1,1,2016T1,116.1442982,140.60684683333335,100.54321024999999,98.18093633333335,116.04178125
2016-02-01,2016,2,1,2016T1,125.04884495833332,134.75693146666666,122.05312933333333,107.99105148333334,121.10225924999997
2016-03-01,2016,3,1,2016T1,127.76274303333335,142.68897499999997,122.79945183333335,110.51567156666668,121.64161274999998
2016-04-01,2016,4,2,2016T2,129.48041592500002,132.82780313333333,130.28755424999994,113.16908716666666,124.8044115
2016-05-01,2016,5,2,2016T2,127.83802453333335,129.04405073333334,125.92495999999998,114.16981693333335,124.00159499999998
2016-06-01,2016,6,2,2016T2,129.4603408583333,130.4290318333333,127.8099897083333,114.48211756666667,127.00532175000001
2016-07-01,2016,7,3,2016T3,126.79161168333334,146.75344883333335,115.82699041666666,108.48799701666668,124.18427925000002
2016-08-01,2016,8,3,2016T3,101.90982124166665,143.5989914,70.96283104166667,82.29463623333334,108.36034350000001
2016-09-01,2016,9,3,2016T3,129.44653924999997,139.24980483333334,122.14585424999997,112.27207768333335,128.78245425
2016-10-01,2016,10,4,2016T4,124.88698973333334,141.79359336666667,115.27968724999998,108.05487935000001,121.60557299999999
2016-11-01,2016,11,4,2016T4,131.04250704999998,141.22682876666667,124.65508095833331,113.41642015,129.5716005
2016-12-01,2016,12,4,2016T4,114.552094475,143.92760843333335,102.10031037499998,93.24681428333334,112.72612424999997
2017-01-01,2017,1,1,2017T1,124.13793880833333,159.12248753333333,105.28122733333333,106.66662325,117.385194
2017-02-01,2017,2,1,2017T1,123.33242675833333,132.40339490000002,120.46097466666664,108.14150288333336,117.554208
2017-03-01,2017,3,1,2017T1,139.67227633333334,136.85502483333332,138.66445891666666,125.01257578333333,137.09396625
2017-04-01,2017,4,2,2017T2,115.40528480833328,126.18361906666664,108.18057716666665,104.2354654,108.49828875
2017-05-01,2017,5,2,2017T2,135.69615844166665,132.03087356666666,132.7775575,122.74440695,133.93738125000002
2017-06-01,2017,6,2,2017T2,135.20180992500002,142.7009489,133.44472458333334,119.48006748333336,128.1001845
2017-07-01,2017,7,3,2017T3,130.3072577333333,147.74728253333333,122.43986008333334,113.48252758333334,124.04881949999998
2017-08-01,2017,8,3,2017T3,104.59611610000002,143.79323466666668,73.63489174999998,87.01333923333333,109.66647375
2017-09-01,2017,9,3,2017T3,129.65481806666662,134.53075779999998,126.06517816666664,116.31260960000002,123.96804074999999
2017-10-01,2017,10,4,2017T4,133.29969735833333,138.74424016666666,128.67052216666664,118.7129933,129.16770674999998
2017-11-01,2017,11,4,2017T4,137.22437289166666,146.29045803333332,133.344084125,120.6688615,131.7041595
2017-12-01,2017,12,4,2017T4,118.17940808333333,155.5143523333333,108.42143579166665,95.38960695,109.45396350000003
2018-01-01,2018,1,1,2018T1,128.25709154999996,148.0745691333333,113.78138829166666,114.17665563333337,123.1192425
2018-02-01,2018,2,1,2018T1,126.73013179166662,139.55048276666668,122.17864720833332,112.98900140000002,117.26961825000001
2018-03-01,2018,3,1,2018T1,134.53180457499997,147.6089174666666,130.1337665833333,117.4820273,127.74351524999999
2018-04-01,2018,4,2,2018T2,128.26085562499998,132.4433079,125.93739870833333,116.18039473333333,120.47467049999999
2018-05-01,2018,5,2,2018T2,137.3197294583333,132.23043856666663,137.28376229166665,127.14852975000001,129.927027
2018-06-01,2018,6,2,2018T2,132.28716118333332,129.56824146666668,134.27133329166662,121.51344095000002,123.01982249999999
2018-07-01,2018,7,3,2018T3,134.9809841916667,142.42554919999998,133.85633274999998,119.82428205000002,126.62255475
2018-08-01,2018,8,3,2018T3,105.66385870833332,146.21861463333335,77.50333004166666,87.1455541,108.2211555
2018-09-01,2018,9,3,2018T3,125.85686639166667,133.60743706666665,120.55030720833332,112.75192646666667,120.05213549999999
2018-10-01,2018,10,4,2018T4,138.2921155,138.59789249999997,137.52914408333334,122.39563325000002,135.13042124999998
2018-11-01,2018,11,4,2018T4,132.69368128333332,138.2320233333333,132.265308875,115.69940616666669,127.91750025000002
2018-12-01,2018,12,4,2018T4,113.22964945833333,138.99569206666666,104.59483679166665,93.15791118333334,109.06995375
2019-01-01,2019,1,1,2019T1,131.02870544166663,152.6831902,118.02298783333332,114.25530068333335,126.29198324999999
2019-02-01,2019,2,1,2019T1,126.82925243333331,129.477772,127.00486604166666,112.67328141666667,120.85122375000002
2019-03-01,2019,3,1,2019T1,134.2996866166667,133.229594,136.58380225,121.53623661666668,125.85577799999999
2019-04-01,2019,4,2,2019T2,125.68371894166667,128.33093846666665,122.73273512499999,113.73327991666666,119.87317949999999
2019-05-01,2019,5,2,2019T2,139.530496175,133.11916803333332,139.8834523333333,125.0935004,138.00614475
2019-06-01,2019,6,2,2019T2,129.71880734166663,135.94899973333335,132.8748055833333,114.68727856666665,119.04923625
2019-07-01,2019,7,3,2019T3,139.68607794166664,153.71427603333333,136.783952375,119.86759381666666,133.5881685
2019-08-01,2019,8,3,2019T3,104.65006784166668,148.06259523333333,76.75135358333333,84.01798863333333,107.89804050000001
2019-09-01,2019,9,3,2019T3,129.59082879166667,138.04310180000002,126.56272650000002,113.71732295000001,124.18552199999999
2019-10-01,2019,10,4,2019T4,139.58193853333333,133.21362879999998,143.27130416666665,122.97464318333336,137.81973225000002
2019-11-01,2019,11,4,2019T4,131.9483944333333,136.4119905333333,134.77679716666663,114.25302111666667,125.99869424999999
2019-12-01,2019,12,4,2019T4,115.7729094666667,139.33229169999998,112.09990108333332,93.40068503333335,111.20996924999999
2020-01-01,2020,1,1,2020T1,125.43528999166666,141.4077677,115.01508199999999,110.38117713333332,121.11717224999998
2020-02-01,2020,2,1,2020T1,126.36250713333332,126.71047066666665,127.17787716666668,114.39777360000002,118.61675925
2020-03-01,2020,3,1,2020T1,118.09910781666667,130.2999798,99.09579691666666,107.63201973333332,119.65569825
2020-04-01,2020,4,2,2020T2,82.798357775,109.58247193333332,51.745026666666654,72.28049986666666,91.40674800000001
2020-05-01,2020,5,2,2020T2,100.41046469999998,110.05344533333331,83.5745505,90.57174280000002,104.13747899999998
2020-06-01,2020,6,2,2020T2,116.667504625,119.85740856666662,114.6543594583333,102.25452196666667,114.49082924999999
2020-07-01,2020,7,3,2020T3,130.9095097333333,146.58847509999998,121.84280208333331,113.01065728333336,128.35246275
2020-08-01,2020,8,3,2020T3,98.50835213333332,141.31064606666666,68.85729695833332,81.81136810000001,99.68346299999999
2020-09-01,2020,9,3,2020T3,128.87439985,133.41186336666664,123.22802187499995,114.91409544999999,126.29695424999998
2020-10-01,2020,10,4,2020T4,130.948405175,128.09811263333333,128.85031804166667,119.6293791,126.5243775
2020-11-01,2020,11,4,2020T4,129.08518805,125.73393259999999,127.8371287083333,118.67993958333334,123.34915125
2020-12-01,2020,12,4,2020T4,118.30236786666666,142.0703235,112.4187843333333,98.77590323333334,111.3976245
2021-01-01,2021,1,1,2021T1,117.94227135833331,145.96982359999998,104.70113120833331,103.83768101666668,108.58403849999999
2021-02-01,2021,2,1,2021T1,122.14548844166667,126.35923626666666,116.62080616666665,111.30668120000001,116.440704
2021-03-01,2021,3,1,2021T1,136.43893590833332,134.12896693333332,128.34711574999997,128.10024883333335,131.39968575
2021-04-01,2021,4,2,2021T2,123.92213184166665,123.63983053333332,113.87298241666663,117.2768663,119.343768
2021-05-01,2021,5,2,2021T2,127.96098431666664,124.18131690000001,118.22313795833331,122.43096653333335,123.14409749999996
2021-06-01,2021,6,2,2021T2,129.0174347,122.45042313333332,119.24876599999999,122.93703033333335,126.7381305
2021-07-01,2021,7,3,2021T3,130.91076442499997,137.95130189999998,115.80776695833332,120.33262541666667,130.33092075
2021-08-01,2021,8,3,2021T3,101.79564429999999,135.19863533333333,71.209343625,88.05738076666667,107.82720374999998
2021-09-01,2021,9,3,2021T3,130.3712470083333,131.03171813333333,116.53712758333333,118.38017656666668,135.09810975000002
2021-10-01,2021,10,4,2021T4,126.91206208333332,129.21168533333335,115.88126841666663,115.0816436,128.27044125
2021-11-01,2021,11,4,2021T4,135.87306996666663,140.40728183333334,125.80509608333334,119.34671283333333,139.71741149999997
2021-12-01,2021,12,4,2021T4,122.34122034166666,145.9897801,110.69545783333331,100.6519866,124.40673149999998
2022-01-01,2022,1,1,2022T1,121.82052329999999,148.16237773333333,106.65400841666666,106.72817155,116.11883174999996
2022-02-01,2022,2,1,2022T1,126.68496289166666,129.25292876666666,120.0844210416666,116.16215820000001,121.82553974999999
2022-03-01,2022,3,1,2022T1,136.26704314999995,138.7269445333333,128.533696375,121.53965596666669,136.69131525
2022-04-01,2022,4,2,2022T2,123.68248573333331,130.56074473333334,113.47494375000001,112.30057226666669,121.07740425000001
2022-05-01,2022,5,2,2022T2,137.18547744999995,133.03535073333333,130.01616424999997,125.47190846666669,137.18717249999997
2022-06-01,2022,6,2,2022T2,137.264523025,142.22066246666665,135.07193379166668,119.18372381666667,135.25221075
2022-07-01,2022,7,3,2022T3,132.53559013333333,158.82846176666666,119.29965162499998,112.94796920000002,129.350391
2022-08-01,2022,8,3,2022T3,107.20838414999999,151.2955482333333,81.92811783333332,84.51721373333332,112.47260324999996
2022-09-01,2022,9,3,2022T3,135.4301638083333,144.47042523333334,132.4643282083333,112.53080850000002,138.52437149999997
2022-10-01,2022,10,4,2022T4,129.46410493333332,135.62171313333334,128.67052216666664,109.12969503333333,129.9841935
2022-11-01,2022,11,4,2022T4,134.57697347499996,128.31896456666664,136.220818125,114.48439713333333,140.02934175
2022-12-01,2022,12,4,2022T4,117.48054482499998,139.30302216666666,118.97059124999998,89.37155095000001,118.33838324999999
2023-01-01,2023,1,1,2023T1,122.80169218333333,144.65136416666664,114.01659295833328,103.13785405,120.41998950000001
2023-02-01,2023,2,1,2023T1,125.40266800833334,131.28317003333333,127.46962141666664,107.2786869,121.03017974999997
2023-03-01,2023,3,1,2023T1,142.69984732499998,141.0046464,145.69119833333332,124.15773828333333,139.953534
2023-04-01,2023,4,2,2023T2,117.02634644166667,126.99119209999999,111.4519574583333,103.2153593166667,112.59936375000001
2023-05-01,2023,5,2,2023T2,135.871815275,127.11226153333332,140.9079495833333,118.16247795000001,136.190487
2023-06-01,2023,6,2,2023T2,134.05125766666663,129.13851150000002,141.74812779166663,114.54480565000003,132.074499
2023-07-01,2023,7,3,2023T3,129.31856069999995,141.2055418333333,128.12208820833328,107.73687979999997,128.06290199999998
2023-08-01,2023,8,3,2023T3,102.35649147499998,141.50888063333335,80.28281595833332,80.15754248333336,108.20748524999999
2023-09-01,2023,9,3,2023T3,128.9358797416667,127.67636526666664,133.14167241666664,108.69885693333333,129.78038249999997
2023-10-01,2023,10,4,2023T4,130.21190116666662,126.50957523333334,133.82806295833333,109.97085513333334,133.06869899999998
2023-11-01,2023,11,4,2023T4,135.04497346666668,129.5269980333333,145.31803708333334,111.64633663333333,136.36322925
2023-12-01,2023,12,4,2023T4,111.691397475,138.54600559999997,111.59669879166665,85.58063158333331,108.85495799999997
2024-01-01,2024,1,1,2024T1,127.53815322499996,145.93789319999996,122.73499670833331,106.40675265000004,124.9187445
2024-02-01,2024,2,1,2024T1,130.70750437499998,131.23261356666663,134.35161949999997,111.16990720000003,129.524376
2024-03-01,2024,3,1,2024T1,125.43403529999998,131.05832679999997,123.23480662499998,107.53855749999997,124.97466825
2024-04-01,2024,4,2,2024T2,130.99608345833332,122.79500536666667,132.4304044583333,114.7465473,133.22155725
2024-05-01,2024,5,2,2024T2,135.5468501333333,125.40531556666667,138.09114754166663,118.11574683333333,138.85991400000003
2024-06-01,2024,6,2,2024T2,128.140405225,127.01913119999999,129.43719891666663,110.92257421666665,127.52976225000002
2024-07-01,2024,7,3,2024T3,135.02364370833334,142.24327983333333,130.837119,113.98289246666668,137.97756149999995
2024-08-01,2024,8,3,2024T3,98.42930655833334,138.94247473333328,73.60436037499998,78.39657723333333,103.63913625
2024-09-01,2024,9,3,2024T3,129.14039448333332,130.3638406,128.77907816666666,110.29341381666666,130.61053950000002
2024-10-01,2024,10,4,2024T4,138.5204693833333,130.13633649999997,143.80051466666663,117.69288721666666,142.2625635
2024-11-01,2024,11,4,2024T4,130.32231403333333,125.80045426666665,137.47486608333332,108.94163078333335,131.97135074999997
2024-12-01,2024,12,4,2024T4,116.44793358333332,139.9602562333333,115.47531420833332,91.433419,114.28950374999998
2025-01-01,2025,1,1,2025T1,125.78534896666662,147.1845092333333,112.92424820833335,106.45348376666668,126.55793174999998
2025-02-01,2025,2,1,2025T1,127.67491461666664,132.0534909333333,127.18805429166667,109.84661875,125.91667274999996
2025-03-01,2025,3,1,2025T1,135.75136487499998,142.11954953333333,136.29658116666667,116.21914736666666,132.50573325
2025-04-01,2025,4,2,2025T2,123.51435704999994,121.60692839999997,121.57367366666666,107.67419171666667,125.46058350000001
2025-05-01,2025,5,2,2025T2,134.16041584166666,127.25727876666667,136.99880279166666,115.10899840000002,137.52147225000004
2025-06-01,2025,6,2,2025T2,134.0336919833333,137.5947457666667,137.1763370833333,113.6170220166667,131.835891
2025-07-01,2025,7,3,2025T3,138.39750960000003,150.19794073333335,131.73383679166665,117.01813548333332,140.38228275
2025-08-01,2025,8,3,2025T3,98.63382129999998,142.86326176666665,74.795084,76.13182775,103.799451
2025-09-01,2025,9,3,2025T3,134.79027105833333,135.4780263333333,133.9705427083333,114.20287065000001,138.452292
2025-10-01,2025,10,4,2025T4,140.6321154583333,135.49000023333332,142.90718925,120.51499075,143.58236399999998
