fecha,año,mes,trimestre,ipi_constantes_2025_total_industria,ipi_constantes_2025_energia,ipi_constantes_2025_bienes_equipo,ipi_constantes_2025_bienes_intermedios,ipi_constantes_2025_bienes_consumo,ratio_equipo_consumo,crecimiento_ipi_yoy,indice_relativo_ipi
1976-07-01,1976.0,8.0,3.0,85.53651322222221,61.09305518888889,159.41825530555556,66.25028617777778,69.68803474999997,2.3649352851890293,,68.36347154815337
1976-10-01,1976.0,11.0,4.0,100.4188293111111,79.64461758888888,186.5406703611111,79.71872590000001,74.36781699999999,2.5197882193462458,,80.25788662525824
1977-01-01,1977.0,2.0,1.0,100.67645933333334,78.0179411,195.370268625,81.30948350555555,73.39474374999999,2.6822214643534656,,80.46379264165597
1977-04-01,1977.0,5.0,2.0,100.93408935555556,64.85419022222221,206.05323443055553,82.40253572222224,74.41421299999999,2.795410220887201,,80.66969865805369
1977-07-01,1977.0,8.0,3.0,86.20610034166667,67.39531788888888,124.78323734722221,77.78033437777778,73.99706325000001,1.6826318836523069,0.8225441494913333,68.89862663297927
1977-10-01,1977.0,11.0,4.0,103.04489896944443,75.78192614444445,200.9801260833333,80.46452412777778,78.21329974999999,2.575643679634832,2.6485051292015913,82.35672408785777
1978-01-01,1978.0,2.0,1.0,101.13985878888887,79.74661747777778,205.7117353472222,81.06063081111112,77.33343275,2.6727742229602387,0.7068212923764658,80.83415606076096
1978-04-01,1978.0,5.0,2.0,103.25150486388888,71.15689640000001,203.32124176388888,86.87542545000001,86.32224349999997,2.355364280778513,2.37071997300613,82.52185001659232
1978-07-01,1978.0,8.0,3.0,88.62598233611111,64.14285186666666,158.83288215277778,73.9537018,76.45273724999998,2.0264081406102084,2.8156393082428237,70.8326724298579
1978-10-01,1978.0,11.0,4.0,106.85623402222221,79.0853921111111,202.19949643055554,86.92519598888892,87.43450475000002,2.308581156853471,3.7176522047136284,85.40286293109227
1979-01-01,1979.0,2.0,1.0,102.22098477499999,82.64341432222221,198.49200748611108,82.94925179444444,81.78123499999998,2.4265904502467017,1.055630907404866,81.69822595100142
1979-04-01,1979.0,5.0,2.0,104.22974613333331,73.24035499999998,208.24847798611108,88.41603258888891,85.44196225,2.4304303332827657,0.9523395095915747,83.30369120547911
1979-07-01,1979.0,8.0,3.0,90.11948365,71.86823475555555,140.1981893472222,78.02880714444446,84.0057575,1.6405032868857574,1.8489137995702103,72.02632565154016
1979-10-01,1979.0,11.0,4.0,106.59818576944441,83.60930892222221,206.44373448611108,85.88153438333335,86.50741325,2.3892348126402285,-0.3004484190998524,85.19662265168091
1980-01-01,1980.0,2.0,1.0,106.23767103055553,92.30058641111111,196.1018908333333,90.65266741666669,85.99788574999998,2.2805645953696536,4.057615637311603,84.90848793392956
1980-04-01,1980.0,5.0,2.0,104.02397669999998,82.9990835,186.49166938888888,90.05618080555554,87.66565624999998,2.1383216099292817,-0.05052000663792559,83.13923380277184
1980-07-01,1980.0,8.0,3.0,89.44989653055556,74.91803143333333,132.58833836111108,74.8480517888889,82.33757274999999,1.5377657351413294,-1.5224110531334916,71.49117056671425
1980-10-01,1980.0,11.0,4.0,108.19499003055556,83.86342168888889,196.83351304166658,86.32870937777778,85.67352800000002,2.2931594794772345,1.6041494727795922,86.47283883773046
1981-01-01,1981.0,2.0,1.0,103.50871665555553,87.47200036666663,190.44303240277773,84.1418450888889,82.98628824999999,2.3033816004271057,-2.5805484432246657,82.72742176997639
1981-04-01,1981.0,5.0,2.0,104.17830377499997,76.79837721111112,163.17436829166664,91.49762679444444,91.28040175,1.79210650703762,0.17797029626988037,83.2625768548023
1981-07-01,1981.0,8.0,3.0,89.86227185833332,71.56312204444443,107.02679273611109,77.48247099999999,87.38810875,1.1450405786982705,-0.05104128475424963,71.82075389815606
1981-10-01,1981.0,11.0,4.0,106.39241633611111,83.9649781,161.66212290277778,87.37237098333333,93.550906,1.734730248052444,-1.6149899806371124,85.03216524897364
1982-01-01,1982.0,2.0,1.0,102.16996064722218,91.18213545555552,145.75942276388886,89.90724911666666,91.4191755,1.596975336221919,-1.3597006759458594,81.65744586333822
1982-04-01,1982.0,5.0,2.0,102.94243248333332,81.98218895555554,140.53968843055554,90.30427364444445,95.63541200000002,1.4693165302820947,-1.1866142013693108,82.27482964951776
1982-07-01,1982.0,8.0,3.0,89.65566596388886,75.93403902222222,112.73427520833332,74.00309241111111,85.95148975,1.233200948848461,-0.3631930692746514,71.65562796942152
1982-10-01,1982.0,11.0,4.0,104.5902608722222,89.04767691111111,150.05190793055553,87.72000489999999,91.28040175,1.6452038947617993,-1.6591380744845081,83.59182592323047
1983-01-01,1983.0,2.0,1.0,105.46561742499999,100.58519477777777,144.10092831944442,89.80808796666668,92.80898425,1.5524086012063159,3.30264921067378,84.29143841076365
1983-04-01,1983.0,5.0,2.0,106.80479166388886,92.60525564444445,137.0764504861111,94.7775433,103.466394,1.3267187581465987,3.748026714685319,85.36174858041545
1983-07-01,1983.0,8.0,3.0,90.27422895555553,79.59361764444445,104.44104912499999,76.1899567,91.23400574999998,1.081891233094226,1.3197174675965002,72.15000296658421
1983-10-01,1983.0,11.0,4.0,107.47396055277777,95.14682678888887,139.8080662222222,92.09411340555556,100.03764674999998,1.3970848817290182,2.7928597017982635,85.89656940222773
1984-01-01,1984.0,2.0,1.0,107.98880236666662,110.75014892222221,130.29546979166665,96.31853036666668,99.43532724999996,1.311571179851075,2.4866189704568478,86.30804717200952
1984-04-01,1984.0,5.0,2.0,105.31129035,91.08057904444443,122.83224479166667,95.77181429444444,104.48544899999997,1.1769107296020656,-1.4334208023639199,84.1680953587332
1984-07-01,1984.0,8.0,3.0,91.97349970277777,82.99952697777776,96.4900759861111,77.83010491666668,97.48918074999999,0.9508336278293773,2.6258213360142113,73.50811359097376
1984-10-01,1984.0,11.0,4.0,108.3497353361111,95.2479397222222,138.78319204166664,92.09373347777779,103.559186,1.340069343024334,0.8038863086727485,86.59651615277453
1985-01-01,1985.0,2.0,1.0,107.47396055277777,114.66384031111112,123.95399012499998,93.8831933111111,103.51279,1.1982901338805314,-0.4646114527036116,85.89656940222773
1985-04-01,1985.0,5.0,2.0,106.18664690277778,95.29893966666667,121.6614984861111,96.26875982777779,107.96100649999998,1.1267469428613783,0.8745398404794232,84.86770784626638
1985-07-01,1985.0,8.0,3.0,94.2909152111111,89.96257156666665,98.14819349999998,81.40864465555556,98.78661174999998,0.9410569144515133,1.994144550553667,75.36026494951238
1985-10-01,1985.0,11.0,4.0,113.91094703333333,105.26122446666665,137.07607355555555,95.12555714444447,103.32720599999999,1.3258266531053382,5.097852963745623,91.04121144504815
1986-01-01,1986.0,2.0,1.0,108.14354767222221,116.34107326666664,123.3686169722222,96.51723259444445,100.31519424999999,1.2301836466233296,0.6786577161428905,86.43172448705364
1986-04-01,1986.0,5.0,2.0,114.01424998055553,101.85531513333332,130.49071981944442,102.82897276666667,112.08445099999999,1.1641078184108868,7.537189737165076,91.12377440941539
1986-07-01,1986.0,8.0,3.0,96.76265779444445,93.11348117777777,100.24618897222221,82.45230626111113,98.18429225,0.9541501850438271,1.7378563244270193,77.33575936008147
1986-10-01,1986.0,11.0,4.0,116.02217487777777,104.70199898888889,135.02707905555553,100.4437861777778,110.92620799999997,1.2165716234164983,1.8677648743338437,92.72857113786586
1987-01-01,1987.0,2.0,1.0,113.13847519722223,117.71363698888888,125.71010958333333,99.25081295555555,108.377742,1.160893647700927,4.63477421805318,90.4238276588686
1987-04-01,1987.0,5.0,2.0,116.74362258611109,99.822413,133.95395776388887,105.26430982222222,116.8574395,1.1458451545812993,2.44942730385315,93.30517483638219
1987-07-01,1987.0,8.0,3.0,104.178303775,94.12993224444443,105.75842141666665,88.81381697222223,110.37028449999998,0.8903394039517082,7.285048828275882,83.2625768548023
1987-10-01,1987.0,11.0,4.0,120.96649650555555,111.46193075555556,148.97878663888886,103.32629822777778,113.52107,1.3183874888305873,4.320142788723391,96.68022848503126
1988-01-01,1988.0,2.0,1.0,118.90629278888888,116.34107326666667,138.14919484722222,102.68004107777779,112.13126125000001,1.2309063847169777,5.032356322334253,95.03364887987671
1988-04-01,1988.0,5.0,2.0,121.48133831944445,100.38163847777776,148.1981634583333,107.45079418333334,115.56000850000002,1.2818077914242914,4.060384938124225,97.09170625481308
1988-07-01,1988.0,8.0,3.0,105.15654504444444,95.24793972222221,109.07541030555551,90.15534195555556,108.10019449999999,0.9530247255732934,1.8070562666832268,84.04441804368912
1988-10-01,1988.0,11.0,4.0,123.43823908888885,109.53058503333331,146.14954588888887,107.6001058,109.99994500000001,1.3280892436281753,2.069917516501248,98.65572289560032
1989-01-01,1989.0,2.0,1.0,124.05554738888888,116.64574250000003,144.7349255138889,111.32757722777778,108.42413799999999,1.3351076880504025,4.590741515209647,99.14909510372213
1989-04-01,1989.0,5.0,2.0,128.84554194166665,101.70320225555555,157.0277617222222,116.19863126666667,118.52520999999997,1.3248320403384906,6.093153699693151,102.97740939885709
1989-07-01,1989.0,8.0,3.0,110.46054494999998,99.26363099999999,113.95364555555552,96.71593482222222,111.34335775,0.9664861051135264,5.287108532109297,88.28354158257862
1989-10-01,1989.0,11.0,4.0,126.57915056111109,109.93725415555554,145.1250486388889,113.91184597222222,115.51319824999997,1.254041789788453,2.4462802364699887,101.16603812798166
1990-01-01,1990.0,2.0,1.0,127.9183248,116.4940731,146.78354308333329,114.4589419722222,116.30110175,1.2626495135891134,3.0778660647426883,102.23634829763347
1990-04-01,1990.0,5.0,2.0,127.09441060555555,103.63454797777774,145.12504863888887,115.15458973333334,119.77624499999997,1.2104868538277798,-1.4047948797021277,101.57785016077712
1990-07-01,1990.0,8.0,3.0,109.22467365833332,99.00951823333332,108.97816222222218,93.28708662777778,111.80648925000001,0.9211566463299,-1.0178962080194864,87.29579437729409
1990-10-01,1990.0,11.0,4.0,125.8585393138889,116.54462956666667,137.8080726944444,110.08521339444444,118.43283225,1.162346287481766,-0.5656549391484115,100.59010295549258
1991-01-01,1991.0,2.0,1.0,122.66576725277775,121.22021577777777,122.24649470833332,110.68132007777778,115.42082049999999,1.0587608833143682,-3.9487726242113124,98.03833910942079
1991-04-01,1991.0,5.0,2.0,126.37338112777779,105.87100641111108,136.53970137499996,114.95588750555555,122.97301225,1.1120483905258167,-0.32699842638177107,101.00158072527442
1991-07-01,1991.0,8.0,3.0,109.07034658333332,103.73654786666667,106.88054368055553,92.78976116666668,110.74103824999997,0.9159022413181117,-0.32722611117324735,87.17245132526362
1991-10-01,1991.0,11.0,4.0,128.27883953888883,111.05526163333332,140.34443840277777,113.21657813888889,124.54881925,1.1341748335512027,2.023869679517517,102.5244830153848
1992-01-01,1992.0,2.0,1.0,125.18895219444444,119.64542618888886,126.49035583333331,112.42100937222223,120.23979074999998,1.0517226767624852,2.1831259654501944,100.05494787066668
1992-04-01,1992.0,5.0,2.0,123.48968144722222,105.10822463333334,127.85635216666664,112.8681843666667,120.19339474999998,1.0637739649577114,-2.2759924586261118,98.69683724627716
1992-07-01,1992.0,8.0,3.0,107.37065760555555,105.66745011111111,103.75842788888887,93.53517946666669,108.23896824999997,0.9253391205202135,-1.3752610607399778,85.81400643786047
1992-10-01,1992.0,11.0,4.0,116.64031963888885,109.42902862222222,118.4903817222222,102.68004107777777,115.18925474999998,1.0314606359913407,-9.054686372170165,93.22261187201491
1993-01-01,1993.0,2.0,1.0,113.24177814444442,113.64738924444445,105.36829829166665,101.7856910888889,111.85247099999997,0.941154230641223,-9.587465658757148,90.50639062323584
1993-04-01,1993.0,5.0,2.0,115.66207836944444,104.29532986666665,111.85602701388886,106.45728304444447,114.03059749999998,0.9801335987206955,-6.354927758230218,92.44077068312812
1993-07-01,1993.0,8.0,3.0,103.09675955833335,102.87220967777778,89.02609712499998,91.14961294999999,108.14576199999999,0.7885077747621533,-3.854394698259578,82.39817270154823
1993-10-01,1993.0,11.0,4.0,118.28814802777777,113.34227653333333,108.00228901388887,107.79880802777778,118.75677575000002,0.9092327943590481,1.6388742675795414,94.53960814572764
1994-01-01,1994.0,2.0,1.0,118.75196571388888,116.39162973333332,102.97742777777778,110.18475447222225,118.89596375,0.8639594410965215,4.832193673493901,94.91030582784627
1994-04-01,1994.0,5.0,2.0,124.77699509722221,108.05646489999998,114.14889558333333,119.03137277777779,123.85370775,0.9213658052404892,7.868615555037713,99.72569880223848
1994-07-01,1994.0,8.0,3.0,111.3367379638889,110.44547968888888,93.02608418055554,102.28225669444446,114.49414324999998,0.7801505545348291,8.696650219146917,88.98382259613906
1994-10-01,1994.0,11.0,4.0,128.38172425555555,113.19016365555554,118.39313363888887,121.06892545000001,127.56041675000002,0.9295926625194159,8.52564927758958,102.60671171673846
1995-01-01,1995.0,2.0,1.0,131.0077939138889,116.03596055555555,122.88086883333331,126.7845589388889,124.548405,0.9857532656616034,10.384520222421209,104.70554917933799
1995-04-01,1995.0,5.0,2.0,131.98645341388888,109.37802867777776,128.58797437499996,129.26928660555555,124.31683924999999,1.034825982869858,5.67679364500023,105.48772463123844
1995-07-01,1995.0,8.0,3.0,114.37476471944444,109.1239159111111,99.85568891666667,108.59437679444443,112.455619,0.8554458123362679,3.0126901203211562,91.41190912716677
1995-10-01,1995.0,11.0,4.0,128.4846089722222,114.30817113333335,123.56386699999997,119.92572276666665,125.47549649999998,0.9850343804042958,-0.004520104389671431,102.6889404180921
1996-01-01,1996.0,2.0,1.0,127.66069477777775,118.9842008222222,123.17374387499997,122.60953258888888,117.50574074999997,1.0477968056473748,-2.3986455223850567,102.03044228123572
1996-04-01,1996.0,5.0,2.0,128.22739718055553,105.46433728888887,131.0760929722222,124.0509785777778,119.0347375,1.1020291308090238,-2.678642922314341,102.48336866470801
1996-07-01,1996.0,8.0,3.0,115.30156363055555,106.02356276666664,106.63629268055554,108.64376740555554,112.40880874999999,0.9122819962264677,0.5263859053653711,92.15263596537676
1996-10-01,1996.0,11.0,4.0,131.16253921944443,114.20617124444443,131.41759205555556,124.19991026666668,123.66812374999999,1.063006539500807,2.095220120455029,104.82922649438207
1997-01-01,1997.0,2.0,1.0,128.69079663611112,116.23951685555555,124.00261416666665,122.31128928333334,121.95395724999999,1.0167648072422926,0.817261858622124,102.853732083813
1997-04-01,1997.0,5.0,2.0,139.9688017972222,115.17206584444445,142.19818287499996,135.68056785555555,130.15527874999998,1.0925862631152274,9.415340589606847,111.86746850943155
1997-07-01,1997.0,8.0,3.0,125.75523636666664,116.54462956666664,120.24612424999998,118.93183170000002,119.1739255,0.9708075388605679,8.944116916650195,100.50753999112528
1997-10-01,1997.0,11.0,4.0,142.3376596638889,120.76299018888888,145.5641727361111,136.22728392777776,132.240199,1.0998289929560554,8.585930351937998,113.76073421864699
1998-01-01,1998.0,2.0,1.0,141.71951490277777,119.59353928888886,143.22268012499998,136.47575669444447,131.91625549999998,1.0847748301366538,10.135762358600536,113.2666934844979
1998-04-01,1998.0,5.0,2.0,145.01517168055554,113.19016365555554,151.41790426388886,142.4896334888889,132.70374474999997,1.1403543670570022,3.648833274663177,115.90068603192333
1998-07-01,1998.0,8.0,3.0,132.29510756388885,118.52697523333332,125.31960952777776,125.93921963333334,127.00490749999999,0.9527216388748577,5.402684147936262,105.73441073529932
1998-10-01,1998.0,11.0,4.0,146.56011535277776,125.3880199333333,150.68628205555555,139.55735090000002,135.94732224999998,1.107450326126507,3.1173510598745593,117.1354536042824
1999-01-01,1999.0,2.0,1.0,143.62455508333332,124.11789957777775,146.44204399999998,137.86743214444445,132.0554435,1.107990120104308,1.3398632368845789,114.78926151159469
1999-04-01,1999.0,5.0,2.0,148.46557376388887,114.46072748888889,152.05227838888888,147.55900982777777,136.27126575,1.115081577715706,2.3865699669663862,118.65835589439284
1999-07-01,1999.0,8.0,3.0,136.98179916944443,124.32101239999999,131.51484013888887,131.10851697777778,128.71865974999997,0.9852854633929313,3.865471823821783,109.48016206606701
1999-10-01,1999.0,11.0,4.0,151.55504287777777,130.36916233333332,154.34477002777774,144.67611785,140.67350049999996,1.0963410319301694,3.478565804380296,121.12755677609736
2000-01-01,2000.0,2.0,1.0,155.67503208055555,139.51810888888886,162.97911826388884,149.24892858333334,138.21741224999997,1.1770449248682537,8.328933560734963,124.42038172339278
2000-04-01,2000.0,5.0,2.0,155.93266210277775,125.38846341111112,168.7356017083333,152.97602008333334,137.47631899999996,1.2248161354401859,4.934045518757543,124.6262877397905
2000-07-01,2000.0,8.0,3.0,139.5049841111111,129.75938038888884,135.7590781944444,132.35050088333332,129.87731699999998,1.0176765502351068,2.495001925397977,111.49677082731291
2000-10-01,2000.0,11.0,4.0,152.637005325,134.18129731111108,161.466872875,144.27871339444445,138.17143049999999,1.1688850380349443,0.5914251494927747,121.99229519236508
2001-01-01,2001.0,2.0,1.0,154.23297312499997,137.53576322222222,165.02811276388886,146.36603660555556,137.0595835,1.2043592310040694,-0.7465759600198648,123.26784285238733
2001-04-01,2001.0,5.0,2.0,153.92431897499998,126.8111401222222,166.0039859722222,149.00045581666666,137.01277325,1.2104927036991204,-1.2449594198195209,123.02115674832642
2001-07-01,2001.0,8.0,3.0,138.93869993888885,133.46951547777778,135.0274559861111,131.50592143333333,127.83879275,1.036082470819773,-0.04212244574210248,111.04417870685427
2001-10-01,2001.0,11.0,4.0,149.54669975,140.3820036,147.66179127777775,140.00414596666667,139.51484324999998,1.0563315168036083,-2.065678240856394,119.52242578463328
2002-01-01,2002.0,2.0,1.0,146.6634183,139.9247780111111,142.44205694444443,140.94902635000003,132.70374475,1.0734457814748544,-4.76220095363437,117.21801656864966
2002-04-01,2002.0,5.0,2.0,155.16019026666666,132.45350788888888,156.0032644722222,151.38564240555556,141.8317435,1.1000791954222606,1.2205662591236193,124.00890395361097
2002-07-01,2002.0,8.0,3.0,140.38034066388886,133.16440276666665,130.05197265277778,133.54347410555556,133.25966825,0.9538606558854114,0.5371804062717978,112.19638331484606
2002-10-01,2002.0,11.0,4.0,153.97534310277777,136.2647559111111,149.6621617361111,147.60878036666668,144.98294325,1.0326938699512767,2.956957320301449,123.06193683598963
2003-01-01,2003.0,2.0,1.0,152.2246299972222,142.56746208888887,144.39342643055554,150.0938879611111,136.64243374999998,1.056226260591649,3.8519744677723273,121.66271186092325
2003-04-01,2003.0,5.0,2.0,154.1819489972222,131.94528235555558,151.17403019444444,152.3301428611111,140.71989649999998,1.0742523156358923,-0.567983516211427,123.22706276472415
2003-07-01,2003.0,8.0,3.0,142.0285872833333,140.17889077777775,127.95397718055555,134.88537901666666,134.835061,0.9227835684551349,0.8705895512717832,113.51371385157243
2003-10-01,2003.0,11.0,4.0,156.65369158055555,142.3133493222222,155.95464043055551,149.89480580555554,143.824286,1.0835940070417103,1.8685841005349795,125.20255717529322
2004-01-01,2004.0,2.0,1.0,155.52070500555553,152.3257471111111,148.97878663888886,151.63411517222224,137.476319,1.0836442135386761,2.0604129128470468,124.29703867136232
2004-04-01,2004.0,5.0,2.0,159.22831888055552,141.65301091111112,157.8570089444444,157.94623527222222,140.95146225,1.1185510360446675,3.23348784408309,127.26028028721593
2004-07-01,2004.0,8.0,3.0,146.30248533055553,147.49760454444444,134.73458094444442,138.96086428888887,135.34500275,0.9701702344651609,3.379566712485738,116.92954758788467
2004-10-01,2004.0,11.0,4.0,155.88121974444445,149.88661933333336,150.4424079861111,149.49702142222222,141.8317435,1.0587088670029436,-0.2711114389194913,124.58517338911368
2005-01-01,2005.0,2.0,1.0,151.7097881833333,158.67945323333333,140.88118751388888,146.96252321666668,133.35246025,1.0554269020283336,-2.2384209129391874,121.25123409114144
2005-04-01,2005.0,5.0,2.0,162.98737511388887,143.6344696222222,163.5154904444444,160.23226071111114,145.4920565,1.1238820569890533,2.494813008836372,130.26463625374635
2005-07-01,2005.0,8.0,3.0,146.0456917694444,150.39440138888887,130.5393438611111,139.06040536666669,135.90092625,0.9403655314716718,0.30801958930511225,116.72431009751422
2005-10-01,2005.0,11.0,4.0,157.16811516388884,157.25633304444443,150.54003299999997,150.19304911111112,141.22900975,1.0657944859309059,0.8424030135136077,125.61370068206138
2006-01-01,2006.0,2.0,1.0,163.81170753888887,164.62560327777777,158.39338112499996,157.39913927222221,144.84334099999998,1.0912333076174006,7.894558443787186,130.9234686536163
2006-04-01,2006.0,5.0,2.0,164.22324640555553,145.363146,166.3941090972222,162.61782722777778,142.38766699999996,1.1666423703197475,0.7198658028133984,131.25238345903088
2006-07-01,2006.0,8.0,3.0,149.44381503333332,153.4951980111111,138.83219301388885,143.03596963333337,135.25179649999998,1.009420690447205,2.396660961449711,119.44019708327966
2006-10-01,2006.0,11.0,4.0,163.09025983055554,152.27563412222221,166.6866072083333,154.91441160555556,144.98294324999998,1.1499811856695086,3.6979747214691776,130.3468649551
2007-01-01,2007.0,2.0,1.0,169.47664041388887,157.71400211111109,168.83284979166663,163.91034152777777,150.40381875,1.1221994024466726,3.5721715261574527,135.45106117327086
2007-04-01,2007.0,5.0,2.0,168.65230798888888,150.34428839999998,175.51582854166665,164.70515043888892,145.30688675,1.2063419330875158,2.8264505429733915,134.79222877340086
2007-07-01,2007.0,8.0,3.0,152.12216351111113,152.42774700000004,146.53966901388887,143.93107947777779,137.70788474999998,1.04674708116937,1.831138353247952,121.58081742258328
2007-10-01,2007.0,11.0,4.0,165.71716594999998,160.45824259999998,170.6379702222222,155.21265491111114,146.78948749999998,1.1619261072138096,1.5749392624304897,132.4463709437268
2008-01-01,2008.0,2.0,1.0,161.90624912777778,165.18527223333334,160.58862468055554,151.1869401777778,144.796945,1.1107057071028652,-4.0992322189321655,129.4005663635059
2008-04-01,2008.0,5.0,2.0,163.45077456944443,153.29164171111108,169.8083460694444,155.9086826,142.248479,1.194041716187136,-2.454313937033163,130.63499967285136
2008-07-01,2008.0,8.0,3.0,143.88218510555552,154.86731825555555,136.5887023472222,131.50554150555556,132.8425185,1.0008273754556596,-6.023211027817266,114.99516752799242
2008-10-01,2008.0,11.0,4.0,140.1235471027778,157.71355863333332,137.02744951388885,120.02526384444444,133.76919575,1.0234817106119267,-15.505637457075636,111.99114582447565
2009-01-01,2009.0,2.0,1.0,127.96934892777777,151.46229587777773,115.222016875,107.5507151888889,128.30192424999998,0.8972323163225261,-20.749877566591568,102.27712838529665
2009-04-01,2009.0,5.0,2.0,127.66069477777775,137.12909409999997,121.22237438888887,111.9240638388889,123.89968950000001,0.9787505687391412,-21.658687652681852,102.03044228123572
2009-07-01,2009.0,8.0,3.0,123.95349913333332,144.2952515111111,109.85565655555554,107.00361918888889,122.83423849999997,0.8774777897589355,-13.40387230127852,99.06753492839577
2009-10-01,2009.0,11.0,4.0,131.00821214444443,143.93958233333333,121.66112155555551,112.86818436666665,129.923713,0.9358640690105321,-6.080173225011499,104.7058834423516
2010-01-01,2010.0,2.0,1.0,128.072651875,150.19173204444442,112.24652706944443,109.83674062777781,128.53390425,0.8714085254461444,-0.03536230334859584,102.35969134966392
2010-04-01,2010.0,5.0,2.0,132.50129522777775,139.77222165555554,120.3927502361111,120.32350715000001,128.20913224999998,0.9385228371631525,3.794570538517853,105.89920240102025
2010-07-01,2010.0,8.0,3.0,123.43782085833332,150.29284497777775,102.68530659722221,107.69964687777777,123.06621849999998,0.8183665939003597,-0.013162612460019632,98.65538863258668
2010-10-01,2010.0,11.0,4.0,131.11151509166666,151.1061832222222,117.41688349999998,113.46467097777777,129.50656325,0.9055581194078829,0.09790505357396562,104.78844640671889
2011-01-01,2011.0,2.0,1.0,130.82293600833333,149.76288903333332,115.76404301388887,116.82361246111113,126.03100575,0.9165812873726097,2.2567995098885962,104.55780492731236
2011-04-01,2011.0,5.0,2.0,129.224458825,136.85413787777776,120.68750993055555,116.15721913888888,124.60888549999999,0.9683796708197819,-2.511496154026886,103.28025168920828
2011-07-01,2011.0,8.0,3.0,122.17350988888887,148.93402906666665,104.98194447222221,102.5409875111111,123.65776749999998,0.8371595694423309,-0.6158862028877795,97.64491154237514
2011-10-01,2011.0,11.0,4.0,122.76488789444443,138.9628747111111,111.7192012222222,103.4269790888889,124.72611824999997,0.8951073737423311,-6.330184912759891,98.11755944365173
2012-01-01,2012.0,2.0,1.0,123.44158493333333,150.29107106666666,104.98948308333331,106.87634338333334,121.66812474999999,0.8628918553807458,-5.442841587129913,98.65839699970938
2012-04-01,2012.0,5.0,2.0,120.63818551944445,138.15397124444442,105.59596434722222,105.21985827222223,120.4713565,0.8754970824583707,-6.677365462161244,96.41783201932962
2012-07-01,2012.0,8.0,3.0,113.53704891666666,151.0884441111111,91.20475573611111,93.06444895,115.80151624999996,0.7791854343857697,-6.814427544799872,90.74238031086053
2012-10-01,2012.0,11.0,4.0,115.27814271944443,140.33100365555552,101.66721716666665,94.74031037777779,117.22487925,0.8680095912410607,-6.190161938952958,92.13391723661334
2013-01-01,2013.0,2.0,1.0,114.0092312138889,141.44457635555554,97.89565002777778,96.79799922222223,112.55255349999999,0.8706678676277587,-7.578252235737948,91.11976325325183
2013-04-01,2013.0,5.0,2.0,119.74275389999997,134.43984485555555,109.26010627777778,103.77119365555556,118.25594749999998,0.9248239310064017,-0.48652156252395234,95.70217490714204
2013-07-01,2013.0,8.0,3.0,113.88250735555555,149.71987168888887,93.85118516666667,92.88170368888889,115.82885674999996,0.7979033808972398,0.05525043766109198,91.01848156012112
2013-10-01,2013.0,11.0,4.0,117.10831963055553,138.97617904444442,107.34642984722221,95.90022988333332,118.18676775,0.9076182400457505,1.7019945563620704,93.59665218426987
2014-01-01,2014.0,2.0,1.0,118.02424454722221,138.46130134444445,104.65891498611109,100.97606499444446,117.35826774999998,0.8916245179709842,3.541791417232543,94.32868818412543
2014-04-01,2014.0,5.0,2.0,120.23961179999999,135.3813481777778,108.97514677777775,104.70201671111113,118.49041299999999,0.9197666711018915,0.4102664160497575,96.09927936733767
2014-07-01,2014.0,8.0,3.0,115.02260384999995,147.04348330000002,92.49687368055555,96.3405661777778,118.06332124999999,0.7654943726581315,0.7578087010919184,91.92968253528375
2014-10-01,2014.0,11.0,4.0,118.47886116111108,134.7964009888889,108.07390581944445,99.59806694444445,120.039708,0.9004752108506824,1.2354871649827885,94.69203207994413
2015-01-01,2015.0,2.0,1.0,119.61477534999999,141.0183942111111,107.0693858888889,103.29476422222221,116.42703375,0.9186263407904646,1.268670375843528,95.59989042497045
2015-04-01,2015.0,5.0,2.0,124.72220689444445,138.86930089999998,116.01847113888887,110.14714162222224,119.26298924999999,0.9715706080865085,3.7167380073460947,99.68191034745263
2015-07-01,2015.0,8.0,3.0,120.74232492777776,150.1841929222222,103.46932215277776,100.6060153388889,121.65652574999997,0.8318848207991324,4.954354347891325,96.50106350972415
2015-10-01,2015.0,11.0,4.0,122.06309702222222,129.3136852222222,117.63211084722222,103.6116239888889,122.62545649999998,0.9593531230198163,3.1125051644408597,97.5566661067761
2016-01-01,2016.0,2.0,1.0,122.98529539722222,139.35091776666664,115.13193047222222,105.56255312777779,119.59521774999997,0.9612699919671647,2.947209829026402,98.29371605183616
2016-04-01,2016.0,5.0,2.0,128.92626043888887,130.76696189999998,128.0075013194444,113.94034055555557,125.27044274999999,1.0219267989801255,3.5409750609464203,103.0419221604882
2016-07-01,2016.0,8.0,3.0,119.38265739166665,143.20074835555556,102.97855856944443,101.01823697777779,120.44235900000001,0.8453491147122768,-0.3886731484056864,95.41437445240433
2016-10-01,2016.0,11.0,4.0,123.49386375277777,142.3160101888889,114.0116928611111,104.90603792777777,121.30109924999998,0.9385912208180051,1.14604410734452,98.70017987641347
2017-01-01,2017.0,2.0,1.0,129.0475473,142.79363575555556,121.46888697222221,113.27356730555556,124.01112274999998,0.9776897978592389,4.943836973819782,103.13885843444167
2017-04-01,2017.0,5.0,2.0,128.76775105833332,133.63848051111108,124.80095308333334,115.48664661111111,123.51195150000001,1.0100446176780642,-0.09620011344928543,102.91523647832143
2017-07-01,2017.0,8.0,3.0,121.51939729999998,142.02375833333335,107.37997666666665,105.60282547222222,119.22777799999999,0.8917967829946569,1.8565424362609957,97.12212418905364
2017-10-01,2017.0,11.0,4.0,129.5678261111111,146.8496835111111,123.47868069444444,111.59048725000001,123.44194325000001,0.999722998420837,4.87340862124029,103.55468162340071
2018-01-01,2018.0,2.0,1.0,129.83967597222218,145.07798978888886,122.03126736111109,114.88256144444445,122.71079200000001,0.9949094639528239,0.7975805022602422,103.77195258226193
2018-04-01,2018.0,5.0,2.0,132.62258208888886,131.41399597777777,132.4974980972222,121.6141218111111,124.47384,1.0644754627786137,3.393399369689554,105.99613867497372
2018-07-01,2018.0,8.0,3.0,122.16723643055558,140.75053363333333,110.63665666666664,106.57392087222223,118.29861525000001,0.92581174093807,0.5594140190886887,97.63989759717066
2018-10-01,2018.0,11.0,4.0,128.07181541388888,138.60853596666664,124.79642991666667,110.41765020000001,124.03929175,1.003570181060287,-1.2482503746485223,102.35902282363666
2019-01-01,2019.0,2.0,1.0,130.71921483055556,138.46351873333333,127.20388537499998,116.15493957222225,124.332995,1.0235615177382185,0.6888864333092215,104.47490769993145
2019-04-01,2019.0,5.0,2.0,131.64434081944444,132.46636874444445,131.83033101388887,117.83801962777777,125.6428535,1.0511970393736518,-0.7802837022157338,105.21429748608692
2019-07-01,2019.0,8.0,3.0,124.64232485833332,146.60665768888887,113.36601081944445,105.86763513333334,121.89057700000001,0.9181324163938612,1.8310430275234157,99.61806611184879
2019-10-01,2019.0,11.0,4.0,129.10108081111113,136.31930367777775,130.04933413888887,110.2094497777778,125.00946525,1.0390754292512596,0.8723760913076065,103.18164410018666
2020-01-01,2020.0,2.0,1.0,123.29896831388889,132.8060727222222,113.76291869444445,110.80365682222221,119.79654325,0.949989128929873,-5.566621265924272,98.54441331206066
2020-04-01,2020.0,5.0,2.0,99.95877569999999,113.16444194444442,83.32464554166665,88.36892154444445,103.34501875,0.7900217455343483,-24.073260797732683,79.89019731026231
2020-07-01,2020.0,8.0,3.0,119.43075390555555,140.43699484444443,104.6427069722222,103.24537361111112,118.11095999999999,0.871914357428946,-4.234905671409414,95.45281469897209
2020-10-01,2020.0,11.0,4.0,126.11198703055555,131.96745624444443,123.03541036111109,112.36174063888889,120.42371775,1.0213114933162426,-2.056793005345914,100.79266634175399
2021-01-01,2021.0,2.0,1.0,125.50889856944444,135.48600893333332,116.55635104166664,114.41487035,118.80814275,0.9808520267215592,2.0727775166988986,100.31065907609566
2021-04-01,2021.0,5.0,2.0,126.9668502861111,123.42385685555554,117.11496212499999,120.88162105555557,123.07533199999999,0.9517017428016218,29.230284646741833,101.47589994161915
2021-07-01,2021.0,8.0,3.0,121.02588524444444,134.72721845555554,101.18474605555555,108.92339425,124.41874474999999,0.803860191351712,1.49983514505041,96.72769383296709
2021-10-01,2021.0,11.0,4.0,128.37545079722221,138.5362490888889,117.46060744444442,111.69344767777777,130.79819475,0.8978752357326251,1.863355877078913,102.60169777153396
2022-01-01,2022.0,2.0,1.0,128.25750978055552,138.71408367777778,118.42404194444441,114.8099952388889,124.87856225,0.948173053991544,2.2929088322370466,102.50743560168955
2022-04-01,2022.0,5.0,2.0,132.7108287361111,135.27225264444442,126.1876805972222,118.98540151666668,131.1722625,0.9612017697310545,4.469225317572822,106.0666681708502
2022-07-01,2022.0,8.0,3.0,125.05804603055554,151.53147841111112,111.2306992222222,103.33199714444446,126.78245524999998,0.8689928487536097,3.479608080707242,99.95032354739965
2022-10-01,2022.0,11.0,4.0,127.17387441111107,134.41456662222222,127.95397718055555,104.32854770555555,129.4506395,0.9893459806664415,-0.9720251875472652,101.6413601333673
2023-01-01,2023.0,2.0,1.0,130.30140250555556,138.97972686666665,129.0591375694444,111.52475974444444,127.13456774999997,1.0136755503802437,1.5046544873948002,104.1409789493124
2023-04-01,2023.0,5.0,2.0,128.98313979444444,127.74732171111111,131.3693449444444,111.97421430555558,126.95478324999999,1.0325640902088613,-2.8933815985807763,103.08738193034225
2023-07-01,2023.0,8.0,3.0,120.20364397222221,136.79692924444444,113.84885886111108,98.86442640555555,122.01692324999999,0.92276534297807,-3.916087047107179,96.07053274816526
2023-10-01,2023.0,11.0,4.0,125.6494240361111,131.52752628888888,130.2475996111111,102.39927445,126.09562874999999,1.0321874811249543,-1.3341281782465038,100.42297144867625
2024-01-01,2024.0,2.0,1.0,127.89323096666665,136.0762778555555,126.77380761111108,108.37173911666667,126.47259625,1.0019553120364872,-1.3373829446007477,102.2162925168155
2024-04-01,2024.0,5.0,2.0,131.56111293888887,125.07315071111113,133.31958363888884,114.59495611666665,133.2037445,1.0011606327812614,2.4295634947888005,105.14777914637399
2024-07-01,2024.0,8.0,3.0,120.86444825000001,137.18319838888888,111.07351918055555,100.89096117222222,124.07574575,0.8814751506019296,0.24449874792925966,96.5986683097049
2024-10-01,2024.0,11.0,4.0,128.430239,131.96568233333332,132.25023165277776,106.02264566666668,129.507806,1.020962833077661,2.380781909999785,102.64548622631985
2025-01-01,2025.0,2.0,1.0,129.73720948611108,140.45251656666665,125.46962788888891,110.83974996111112,128.32677925,0.9769930407029778,1.510277171903829,103.69005814392193
2025-04-01,2025.0,5.0,2.0,130.56948829166663,128.8196509777778,131.91627118055553,112.13340404444448,131.60598225,1.0019088414598285,-0.7117239670951238,104.35524154105093
2025-07-01,2025.0,8.0,3.0,123.94053398611112,142.8464096111111,113.49982116666665,102.45094462777779,127.54467525,0.8755320926659693,2.360496151418867,99.05717277497318
2025-10-01,2025.0,10.0,4.0,140.6321154583333,135.49000023333332,142.90718925,120.51499075,143.58236399999998,0.995297648463289,1.524428905273445,112.39760964905294
