fecha,año,trimestre,periodo,ambos_sexos_asalariados_sector_privado,ambos_sexos_asalariados_sector_publico,ambos_sexos_asalariados_total,ambos_sexos_ayuda_negocio_familiar,ambos_sexos_empresarios_total,ambos_sexos_miembro_cooperativa,ambos_sexos_ocupado_otra_situacion,ambos_sexos_total,hombres_asalariados_sector_privado,hombres_asalariados_sector_publico,hombres_asalariados_total,hombres_ayuda_negocio_familiar,hombres_empresarios_total,hombres_miembro_cooperativa,hombres_ocupado_otra_situacion,hombres_total,mujeres_asalariados_sector_privado,mujeres_asalariados_sector_publico,mujeres_asalariados_total,mujeres_ayuda_negocio_familiar,mujeres_empresarios_total,mujeres_miembro_cooperativa,mujeres_ocupado_otra_situacion,mujeres_total,ratio_asalariados,share_empleo_publico,tasa_autoempleo,share_empleo_femenino
1976-07-01,1976,3,1976Q3,7498.1,1358.1,8856.2,1191.8,3852.6,0.0,52.7,12777.3,5613.9,1014.8,6628.7,391.2,2474.7,0.0,33.2,9149.1,1884.2,343.3,2227.5,800.5,1377.8,0.0,19.5,3628.2,69.31198296979801,10.629006128055222,30.151910027940175,28.395670446808012
1976-10-01,1976,4,1976Q4,7460.4,1373.7,8834.1,1135.3,3767.4,0.0,51.8,12668.8,5584.0,1019.3,6603.3,354.6,2428.0,0.0,33.2,9075.4,1876.4,354.3,2230.7000000000003,780.7,1339.5,0.0,18.6,3593.3,69.73115054306643,10.843173781257894,29.73762313715585,28.36338090426876
1977-01-01,1977,1,1977Q1,7504.4,1367.3,8871.699999999999,1105.7,3707.8,0.0,27.9,12615.6,5607.9,1015.8,6623.7,349.0,2395.9,0.0,15.3,9040.0,1896.4,351.6,2248.0,756.7,1311.9,0.0,12.5,3575.6,70.32325057864864,10.838168616633375,29.390595770316118,28.342686832176035
1977-04-01,1977,2,1977Q2,7492.2,1381.7,8873.9,1062.7,3671.9,0.0,28.4,12580.3,5645.0,1007.6,6652.6,332.3,2386.5,0.0,18.1,9061.0,1847.2,374.1,2221.3,730.5,1285.5,0.0,10.3,3519.2,70.53806348020318,10.983044919437535,29.187698226592374,27.97389569406135
1977-07-01,1977,3,1977Q3,7479.8,1376.2,8856.0,1090.4,3691.8,0.0,36.7,12590.1,5640.3,1010.1,6650.400000000001,340.7,2388.6,0.0,23.7,9066.3,1839.5,366.1,2205.6,749.7,1303.3000000000002,0.0,13.0,3523.8,70.34098220030025,10.930810716356502,29.323039531060118,27.98865775490266
1977-10-01,1977,4,1977Q4,7507.1,1392.9,8900.0,1061.1,3647.6,0.0,35.1,12591.6,5621.5,1011.7,6633.2,325.2,2364.7,0.0,23.2,9027.6,1885.6,381.2,2266.8,735.9,1283.0,0.0,11.9,3563.9,70.68204199625147,11.062136662536929,28.968518695003016,28.303789828139394
1978-01-01,1978,1,1978Q1,7411.0,1406.4,8817.4,1044.8,3624.3,0.0,24.8,12471.1,5549.1,1014.1,6563.200000000001,320.6,2362.2,0.0,16.2,8946.0,1861.9,392.3,2254.2000000000003,724.2,1262.0,0.0,8.6,3525.1,70.70266456046379,11.277273055303864,29.06159039699786,28.26615134190248
1978-04-01,1978,2,1978Q2,7277.9,1484.9,8762.8,1039.3,3606.9,0.0,24.9,12401.6,5454.9,1070.5,6525.4,322.8,2362.2000000000003,0.0,19.4,8912.0,1823.0,414.4,2237.4,716.5,1244.7,0.0,5.5,3489.6,70.65862469358791,11.973455038059605,29.084150432202293,28.138304734872914
1978-07-01,1978,3,1978Q3,7255.5,1504.2,8759.7,1035.6,3599.7,0.0,27.5,12394.5,5453.4,1089.9,6543.299999999999,321.1,2367.9,0.0,19.8,8936.1,1802.1,414.3,2216.4,714.5,1231.9,0.0,7.7,3458.4,70.67408931380855,12.136028076969623,29.042720561539394,27.90269877768365
1978-10-01,1978,4,1978Q4,7189.0,1532.8,8721.8,1003.5,3557.0,0.0,42.1,12325.5,5370.8,1110.7,6481.5,296.8,2342.6,0.0,30.5,8857.4,1818.2,422.1,2240.3,706.7,1214.4,0.0,11.5,3468.1,70.7622408827228,12.436006652874122,28.858869822725246,28.137600908685243
1979-01-01,1979,1,1979Q1,7206.8,1507.9,8714.7,995.4,3545.6,0.0,22.8,12287.3,5352.4,1090.9,6443.299999999999,293.4,2341.3,0.0,16.1,8803.3,1854.3,417.0,2271.3,702.0,1204.3,0.0,6.6,3484.0,70.92445044883743,12.272020704304445,28.8558104709741,28.354479828766287
1979-04-01,1979,2,1979Q2,7104.8,1513.0,8617.8,991.5,3566.5,0.0,22.7,12212.7,5289.9,1096.3,6386.2,293.1,2359.3,0.0,16.9,8766.8,1814.9,416.7,2231.6,698.4,1207.1,0.0,5.8,3445.9,70.56424869193543,12.3887428660329,29.203206498153563,28.215709875785045
1979-07-01,1979,3,1979Q3,7039.8,1545.6,8585.4,1029.5,3618.7,0.0,37.0,12247.5,5250.0,1115.7,6365.7,316.0,2395.9,0.0,26.5,8791.6,1789.8,429.9,2219.7,713.6,1222.9,0.0,10.5,3455.9,70.09920391916718,12.619718309859154,29.54643804858134,28.21718718105736
1979-10-01,1979,4,1979Q4,6994.9,1560.3,8555.199999999999,989.9,3560.3,0.0,40.4,12162.4,5211.6,1119.0,6330.6,302.6,2364.3,0.0,28.9,8728.5,1783.3,441.3,2224.6,687.2,1196.0,0.0,11.5,3433.9,70.34137999079128,12.82888245740972,29.273005327895813,28.233736762481094
1980-01-01,1980,1,1980Q1,6923.8,1567.1,8490.9,955.7,3489.3,0.0,24.1,12013.3,5154.8,1108.5,6263.3,295.6,2317.7,0.0,16.8,8604.6,1769.0,458.6,2227.6,660.2,1171.7,0.0,7.3,3408.7,70.67916392664797,13.044708781100947,29.045308116837177,28.37438505656231
1980-04-01,1980,2,1980Q2,6777.3,1582.5,8359.8,944.5,3495.3,0.0,31.1,11892.7,5066.2,1122.4,6188.6,295.2,2324.1,0.0,20.0,8537.9,1711.1,460.2,2171.3,649.3,1171.1999999999998,0.0,11.2,3354.8,70.29354141616284,13.306482127691776,29.39029825018709,28.20890125875537
1980-07-01,1980,3,1980Q3,6734.7,1586.9,8321.6,972.3,3522.6000000000004,0.0,29.9,11883.1,5074.4,1126.4,6200.799999999999,310.4,2336.8,0.0,20.5,8565.9,1660.4,460.5,2120.9,661.9,1185.9,0.0,9.4,3317.2,70.02886452188402,13.354259410423206,29.643779821763683,27.91527463372352
1980-10-01,1980,4,1980Q4,6640.4,1624.7,8265.1,938.3,3459.8,0.0,56.3,11790.5,4996.6,1155.6,6152.200000000001,289.0,2290.9,0.0,37.4,8486.5,1643.9,469.1,2113.0,649.4,1168.9,0.0,18.9,3304.1,70.09965650311692,13.779737924600314,29.34396336033247,28.023408676476823
1981-01-01,1981,1,1981Q1,6556.0,1625.6,8181.6,921.8,3438.2,0.0,29.9,11655.8,4924.4,1149.6,6074.0,296.3,2297.1,0.0,20.4,8395.3,1631.5,476.1,2107.6,625.5,1141.1,0.0,9.5,3260.5,70.1933801197687,13.94670464489782,29.49776077146142,27.973197892894525
1981-04-01,1981,2,1981Q2,6510.4,1623.3,8133.7,924.0,3399.6,0.0,36.0,11579.2,4895.8,1159.0,6054.8,293.5,2261.3,0.0,26.8,8349.2,1614.6,464.3,2078.9,630.5,1138.3,0.0,9.2,3230.0,70.24405831145502,14.019103219566118,29.359541246372807,27.894845930634236
1981-07-01,1981,3,1981Q3,6477.0,1646.5,8123.5,945.8,3418.1000000000004,0.0,39.5,11597.0,4882.4,1182.8,6065.2,300.3,2273.5,0.0,29.6,8377.2,1594.5,463.7,2058.2,645.5,1144.7,0.0,9.9,3219.9,70.04828835043546,14.19763731999655,29.47400189704234,27.764939208415974
1981-10-01,1981,4,1981Q4,6437.2,1655.9,8093.1,911.3,3357.0,0.0,57.7,11521.3,4839.1,1195.7,6034.8,293.7,2244.3,0.0,40.1,8327.6,1598.1,460.2,2058.3,617.5,1112.6,0.0,17.6,3193.7,70.24467724996312,14.372510046609325,29.13733693246422,27.71996215704825
1982-01-01,1982,1,1982Q1,6405.1,1686.1,8091.200000000001,886.5,3321.0,0.0,44.5,11469.3,4799.5,1203.7,6003.2,291.4,2232.4,0.0,32.7,8275.7,1605.7,482.4,2088.1,595.2,1088.7,0.0,11.8,3193.6,70.54658959134386,14.700984366962238,28.955559624388588,27.84476820730123
1982-04-01,1982,2,1982Q2,6365.4,1709.1,8074.5,888.2,3346.7,0.0,42.3,11477.4,4755.2,1219.3,5974.5,296.3,2259.6,0.0,33.0,8277.2,1610.2,489.9,2100.1,591.9,1087.1,0.0,9.2,3200.2,70.35129907470333,14.89100318887553,29.159042988830226,27.882621499642774
1982-07-01,1982,3,1982Q3,6318.7,1750.4,8069.1,919.4,3367.1,0.0,51.2,11500.8,4724.6,1238.8,5963.400000000001,307.7,2245.9,0.0,40.6,8257.6,1594.2,511.6,2105.8,611.7,1121.2,0.0,10.6,3243.2,70.16120617696161,15.21981079577073,29.277093767390095,28.199777406789096
1982-10-01,1982,4,1982Q4,6297.0,1773.0,8070.0,885.9,3348.9,0.0,47.5,11477.8,4672.2,1255.5,5927.7,294.2,2255.4,0.0,39.7,8228.9,1624.8,517.5,2142.3,591.7,1093.5,0.0,7.9,3248.9,70.30964122044294,15.447211138022968,29.17719423582917,28.305947132725784
1983-01-01,1983,1,1983Q1,6209.1,1757.7,7966.8,870.6,3343.3,0.0,38.6,11362.9,4613.3,1234.6,5847.9,289.5,2254.1,0.0,31.5,8141.9,1595.8,523.0,2118.8,581.1,1089.2,0.0,7.0,3221.0,70.11238328243671,15.468762375801953,29.42294660694013,28.346636862068664
1983-04-01,1983,2,1983Q2,6176.6,1832.7,8009.3,858.8,3355.8,0.0,41.0,11415.8,4589.1,1292.4,5881.5,286.7,2243.4,0.0,33.8,8163.8,1587.5,540.3,2127.8,572.1,1112.4,0.0,7.2,3252.1,70.15977855253246,16.05406541810473,29.396100141908587,28.48771001594282
1983-07-01,1983,3,1983Q3,6111.0,1878.8,7989.8,892.4,3425.4,0.0,62.3,11494.1,4540.3,1323.3,5863.6,295.1,2272.6,0.0,49.5,8197.4,1570.7,555.5,2126.2,597.3,1152.8,0.0,12.7,3296.7,69.512184512054,16.345777398839402,29.801376358305564,28.681671466230497
1983-10-01,1983,4,1983Q4,6034.7,1911.5,7946.2,884.9,3395.6,0.0,53.5,11414.0,4445.8,1349.3,5795.1,289.1,2263.6,0.0,45.1,8116.2,1588.9,562.3,2151.2,595.8,1132.0,0.0,8.4,3297.8,69.61801296653233,16.746977396180128,29.749430523917997,28.89258804976345
1984-01-01,1984,1,1984Q1,5928.7,1794.6,7723.299999999999,863.9,3378.4,0.0,56.1,11172.2,4352.8,1234.9,5587.700000000001,295.8,2279.2000000000003,0.0,48.3,7924.8,1575.9,559.7,2135.6000000000004,568.1,1099.2,0.0,7.7,3247.4,69.12962531999068,16.0630851578024,30.239344086213993,29.066790784268093
1984-04-01,1984,2,1984Q2,5890.6,1786.1,7676.700000000001,831.4,3366.3,0.0,54.9,11119.3,4341.3,1231.0,5572.3,301.4,2294.6,0.0,46.1,7926.3,1549.3,555.0,2104.3,530.0,1071.7,0.0,8.8,3193.1,69.03941794897162,16.063061523657066,30.27438777620894,28.716735765740648
1984-07-01,1984,3,1984Q3,5848.8,1804.9,7653.700000000001,852.1,3405.9,0.0,58.2,11143.5,4331.3,1235.6,5566.9,313.8,2323.9,0.0,51.0,7956.6,1517.5,569.4,2086.9,538.4,1082.0,0.0,7.2,3186.9,68.6830887961592,16.1968860770853,30.564005922735227,28.598734688383367
1984-10-01,1984,4,1984Q4,5763.0,1830.7,7593.7,835.9,3345.7000000000003,0.0,77.7,11040.3,4238.2,1255.4,5493.6,303.5,2296.2,0.0,63.9,7866.5,1524.8,575.3,2100.1,532.5,1049.6,0.0,13.8,3173.8,68.78164542630184,16.581976939032455,30.304430133239137,28.747407226252914
1985-01-01,1985,1,1985Q1,5794.4,1792.1,7586.5,803.4,3311.8,0.0,59.3,10981.2,4241.4,1221.0,5462.4,287.9,2270.7,0.0,46.9,7796.9,1553.0,571.1,2124.1,515.5,1041.0,0.0,12.3,3184.3,69.08625651112811,16.31971004990347,30.15881688704331,28.99774159472553
1985-04-01,1985,2,1985Q2,5764.9,1814.8,7579.7,791.5,3299.6,0.0,55.3,10949.1,4248.2,1240.2,5488.4,277.1,2245.4,0.0,44.2,7789.4,1516.7,574.6,2091.3,514.3,1054.0,0.0,11.1,3159.8,69.22669443150579,16.574878300499584,30.135810249244226,28.858992976591686
1985-07-01,1985,3,1985Q3,5761.6,1908.9,7670.5,810.0,3290.2,0.0,48.4,11029.4,4266.4,1310.8,5577.2,298.0,2243.7,0.0,39.8,7871.9,1495.2,598.1,2093.3,512.0,1046.5,0.0,8.6,3157.6,69.54594084900357,17.307378461203694,29.83117848659039,28.628937204199683
1985-10-01,1985,4,1985Q4,5763.3,1958.3,7721.6,793.7,3254.5,0.0,58.4,11056.3,4235.9,1344.9,5580.799999999999,288.4,2215.4,0.0,47.2,7856.6,1527.4,613.4,2140.8,505.3,1039.1,0.0,11.1,3199.7,69.83891536951784,17.712073659361632,29.435706339372125,28.94006132250391
1986-01-01,1986,1,1986Q1,5835.0,1939.8,7774.8,749.8,3200.5,0.0,56.2,11049.1,4277.3,1311.4,5588.700000000001,283.4,2205.6,0.0,44.3,7851.5,1557.8,628.4,2186.2,466.4,994.9,0.0,11.9,3197.7,70.3659121557412,17.55618104642007,28.966160139739888,28.94081870921613
1986-04-01,1986,2,1986Q2,5919.0,1965.9,7884.9,736.5,3195.5,0.0,53.3,11151.0,4362.7,1324.6,5687.299999999999,280.4,2192.6,0.0,41.5,7931.4,1556.3,641.3,2197.6,456.1,1002.9,0.0,11.8,3219.6,70.71025020177562,17.629808985741192,28.656622724419336,28.872746838848535
1986-07-01,1986,3,1986Q3,6038.6,1995.7,8034.3,719.5,3158.2,0.0,60.7,11275.9,4470.0,1319.4,5789.4,274.1,2163.4,0.0,48.5,8015.9,1568.7,676.4,2245.1,445.5,994.8,0.0,12.2,3260.0,71.2519621493628,17.698808964251192,28.008407311168064,28.911217729848616
1986-10-01,1986,4,1986Q4,6103.2,1999.1,8102.299999999999,709.9,3181.9,0.0,59.4,11359.2,4499.1,1322.9,5822.0,267.2,2183.7,0.0,47.7,8062.5,1604.1,676.2,2280.3,442.7,998.3,0.0,11.7,3296.7,71.32808648496372,17.598950630326076,28.011655750404955,29.022290302133953
1987-01-01,1987,1,1987Q1,6197.5,1915.0,8112.5,691.4,3204.5,0.0,52.8,11382.9,4538.3,1255.3,5793.6,261.9,2209.0,0.0,43.5,8053.1,1659.3,659.8,2319.1,429.5,995.5,0.0,9.3,3329.8,71.2691844784721,16.82348083528802,28.151876938214336,29.252650906183842
1987-04-01,1987,2,1987Q2,6324.7,1869.3,8194.0,756.1,3453.6000000000004,75.2,42.7,11690.3,4610.7,1234.4,5845.1,301.5,2344.0,52.9,25.0,8214.0,1714.0,634.9,2348.9,454.7,1109.6999999999998,22.2,17.8,3476.4,70.09229874340267,15.990179892731582,29.54244116917445,29.73747465847754
1987-07-01,1987,3,1987Q3,6504.8,1889.8,8394.6,805.5,3485.3,84.0,32.1,11911.9,4689.3,1233.3,5922.6,330.3,2368.1,62.6,16.5,8307.3,1815.5,656.4,2471.9,475.2,1117.1,21.4,15.7,3604.7,70.47238475809905,15.864807461446118,29.25897631779985,30.261335303352112
1987-10-01,1987,4,1987Q4,6603.3,1907.7,8511.0,798.3,3474.0,86.3,26.1,12011.1,4762.3,1236.7,5999.0,327.2,2352.6,67.8,13.6,8365.3,1840.9,671.0,2511.9,471.1,1121.5,18.5,12.5,3645.9,70.85945500412119,15.882808402227939,28.92324599745236,30.35442215950246
1988-01-01,1988,1,1988Q1,6624.2,1898.2,8522.4,791.0,3465.0,95.0,26.4,12013.9,4762.7,1218.0,5980.7,324.7,2349.1,72.9,15.8,8345.7,1861.5,680.2,2541.7,466.3,1115.9,22.1,10.6,3668.2,70.93783034651528,15.800031630028553,28.841591822805253,30.532965981071925
1988-04-01,1988,2,1988Q2,6696.0,1933.2,8629.2,761.1,3454.1,100.5,27.0,12110.3,4829.5,1240.4,6069.9,305.6,2339.4,72.8,14.6,8423.9,1866.5,692.8,2559.3,455.4,1114.7,27.8,12.4,3686.5,71.25504735638259,15.963270934658928,28.522001932239498,30.441029536840542
1988-07-01,1988,3,1988Q3,6889.6,1928.6,8818.2,795.3,3475.5,96.9,25.4,12319.1,4965.5,1236.7,6202.2,309.8,2332.3,67.6,17.1,8551.6,1924.1,691.9,2616.0,485.6,1143.3,29.3,8.2,3767.4,71.58152787135424,15.655364434090153,28.212288235341866,30.581779513113784
1988-10-01,1988,4,1988Q4,6910.0,2006.8,8916.8,754.1,3425.3,91.0,29.1,12371.2,4965.6,1290.2,6255.8,304.2,2346.0,69.8,17.6,8619.4,1944.4,716.7,2661.1000000000004,450.0,1079.2,21.1,11.5,3751.8,72.0770822555613,16.221546818416968,27.68769399896534,30.326888256595964
1989-01-01,1989,1,1989Q1,7007.2,2001.1,9008.3,734.7,3374.3,98.5,25.1,12407.5,5035.8,1266.9,6302.700000000001,293.2,2297.7,71.8,13.5,8613.9,1971.4,734.1,2705.5,441.5,1076.5,26.6,11.6,3793.6,72.6036671368124,16.128148297400767,27.19564779367318,30.575055410034253
1989-04-01,1989,2,1989Q2,7083.8,2038.9,9122.7,737.4,3424.9,90.7,23.5,12571.0,5058.7,1278.5,6337.2,286.1,2338.0,66.2,13.2,8688.5,2025.1,760.3,2785.4,451.3,1086.9,24.5,10.3,3882.6,72.56940577519688,16.219075650306262,27.24445151539257,30.885371092196323
1989-07-01,1989,3,1989Q3,7199.6,2131.1,9330.7,758.1,3432.8,90.3,29.1,12792.7,5147.6,1341.0,6488.6,305.4,2350.0,65.7,16.8,8855.2,2052.1,790.2,2842.3,452.8,1082.9,24.6,12.3,3937.4,72.93769102691378,16.658719425922595,26.834053796305707,30.778490858067492
1989-10-01,1989,4,1989Q4,7214.7,2152.1,9366.8,731.4,3381.3,93.3,33.7,12781.7,5136.9,1334.6,6471.5,285.9,2316.7,68.3,21.5,8809.8,2077.8,817.4,2895.2000000000003,445.5,1064.5,24.9,12.1,3971.9,73.28289664129184,16.837353403694344,26.454227528419537,31.07489614057598
1990-01-01,1990,1,1990Q1,7280.5,2167.5,9448.0,720.5,3361.7,96.3,27.8,12837.5,5177.9,1343.2,6521.099999999999,280.7,2299.3,71.1,18.6,8838.9,2102.6,824.3,2926.9,439.8,1062.4,25.2,9.2,3998.6,73.5968841285297,16.88412852969815,26.186562804284325,31.14780915287244
1990-04-01,1990,2,1990Q2,7390.2,2148.2,9538.4,681.9,3337.1,97.7,31.4,12906.8,5235.1,1319.4,6554.5,261.1,2283.6,74.4,20.6,8858.6,2155.1,828.8,2983.9,420.8,1053.5,23.3,10.8,4048.2,73.90212911023647,16.643939628722844,25.855363064431153,31.36486193324449
1990-07-01,1990,3,1990Q3,7473.7,2207.3,9681.0,690.6,3319.9,95.8,32.6,13033.6,5296.9,1372.1,6669.0,260.0,2262.9,74.8,21.7,8953.7,2176.8,835.2,3012.0,430.6,1057.0,21.0,10.9,4079.9,74.27725263933218,16.935459121041003,25.471857353302234,31.30294009329732
1990-10-01,1990,4,1990Q4,7526.2,2207.8,9734.0,671.6,3273.0,100.7,34.8,13041.8,5303.2,1355.4,6658.6,252.8,2239.9,79.9,22.1,8920.7,2223.0,852.4,3075.4,418.7,1033.0,20.8,12.7,4121.0,74.63693661917834,16.92864481896671,25.09622904813753,31.598398994003894
1991-01-01,1991,1,1991Q1,7529.8,2193.5,9723.3,652.4,3264.2,112.4,37.9,13025.4,5300.7,1328.2,6628.9,246.1,2235.8,85.6,26.2,8890.8,2229.0,865.3,3094.3,406.3,1028.5,26.8,11.7,4134.6,74.64876318577548,16.84017381423987,25.060266863205737,31.742595236998483
1991-04-01,1991,2,1991Q2,7542.8,2227.8,9770.6,636.4,3257.7,110.9,39.5,13067.6,5320.4,1331.7,6652.099999999999,244.0,2229.6,84.5,23.7,8905.3,2222.4,896.0,3118.4,392.3,1028.1,26.4,15.7,4162.3,74.76965931004929,17.04827206219964,24.92959686553001,31.852061587437632
1991-07-01,1991,3,1991Q3,7530.5,2272.5,9803.0,647.7,3275.2000000000003,103.7,42.0,13120.2,5313.1,1354.3,6667.400000000001,249.7,2231.2,79.7,23.8,8922.4,2217.4,918.2,3135.6000000000004,398.0,1044.0,24.0,18.2,4197.8,74.71684882852395,17.320620112498283,24.96303410008994,31.994939101538083
1991-10-01,1991,4,1991Q4,7461.3,2274.5,9735.8,625.4,3243.6,100.3,35.7,13015.1,5239.9,1341.6,6581.5,244.1,2226.4,75.9,21.2,8829.2,2221.4,932.9,3154.3,381.3,1017.2,24.4,14.5,4185.9,74.80388164516599,17.47585496845971,24.921821576476553,32.16187351614663
1992-01-01,1992,1,1992Q1,7240.0,2257.7,9497.7,608.9,3304.9,110.3,106.9,12909.4,5057.2,1326.2,6383.4,230.7,2269.0,83.8,54.4,8706.8,2182.8,931.5,3114.3,378.2,1035.8,26.4,52.5,4202.6,73.57197081196648,17.48880660603901,25.600725053062114,32.5545726369932
1992-04-01,1992,2,1992Q2,7261.7,2253.3,9515.0,577.4,3261.9,106.8,116.4,12893.3,5072.7,1312.2,6384.9,213.7,2237.4,82.7,59.6,8681.9,2189.0,941.0,3130.0,363.7,1024.5,24.1,56.8,4211.4,73.79801912621285,17.476518812096206,25.29918639913754,32.6634763792047
1992-07-01,1992,3,1992Q3,7239.8,2282.3,9522.1,575.7,3236.0,106.6,111.7,12869.8,5045.8,1343.4,6389.200000000001,212.5,2211.2,84.0,50.2,8650.5,2194.1,938.9,3133.0,363.2,1024.8,22.6,61.4,4219.3,73.98794076054018,17.733764316461798,25.144135884007525,32.78450325568385
1992-10-01,1992,4,1992Q4,7083.8,2233.7,9317.5,556.9,3191.1,105.2,108.2,12616.8,4915.3,1313.4,6228.700000000001,204.7,2180.5,79.7,49.7,8458.7,2168.5,920.4,3088.9,352.3,1010.7,25.5,58.5,4158.1,73.84994610360789,17.70417221482468,25.29246718660833,32.95685118255026
1993-01-01,1993,1,1993Q1,6897.3,2194.0,9091.3,537.9,3153.4,118.3,82.3,12327.0,4769.6,1283.4,6053.0,207.2,2162.1,79.7,32.7,8247.7,2127.8,910.6,3038.4,330.8,991.4,38.6,49.6,4079.2,73.75111543765716,17.798328871582704,25.581244422811718,33.09158757199643
1993-04-01,1993,2,1993Q2,6868.8,2218.2,9087.0,548.5,3172.6,128.9,64.0,12323.6,4717.6,1292.9,6010.5,205.1,2177.2,87.4,26.9,8214.4,2151.3,925.4,3076.7000000000003,343.4,995.4,41.5,37.1,4109.1,73.73657048265117,17.99961050342432,25.744100749780905,33.34334123145834
1993-07-01,1993,3,1993Q3,6867.0,2226.6,9093.6,552.9,3185.2,133.1,42.5,12321.3,4711.9,1280.8,5992.7,209.0,2180.0,88.4,21.9,8194.5,2155.1,945.8,3100.9,343.9,1005.2,44.7,20.6,4126.8,73.80390056244066,18.071145090209637,25.85116830204605,33.493219059677145
1993-10-01,1993,4,1993Q4,6822.1,2212.2,9034.3,534.9,3136.5,124.6,32.5,12203.3,4654.3,1278.8,5933.1,206.3,2147.8,80.9,16.7,8097.6,2167.8,933.4,3101.2000000000003,328.6,988.7,43.7,15.8,4105.7,74.03161439938377,18.12788344136422,25.702064195750328,33.644178214089635
1994-01-01,1994,1,1994Q1,6730.7,2187.5,8918.2,522.5,3136.4,118.7,33.9,12088.5,4577.4,1256.9,5834.299999999999,196.8,2161.5,83.2,17.9,8013.7,2153.3,930.7,3084.0,325.7,975.0,35.6,16.0,4074.9,73.77424825247137,18.095710799520205,25.94531993216694,33.70889688546966
1994-04-01,1994,2,1994Q2,6852.5,2150.0,9002.5,501.9,3152.7,114.6,31.0,12186.1,4649.5,1229.3,5878.8,194.4,2176.5,82.6,17.7,8072.9,2203.0,920.6,3123.6,307.5,976.4,32.1,13.2,4113.2,73.8751528380696,17.643052330113818,25.871279572627827,33.75321062522054
1994-07-01,1994,3,1994Q3,6925.5,2154.8,9080.3,503.6,3162.6000000000004,120.1,35.0,12277.9,4697.6,1228.2,5925.8,198.9,2183.1,88.1,21.6,8130.5,2227.8,926.6,3154.4,304.7,979.4,31.9,13.5,4147.3,73.9564583519983,17.55023253162186,25.758476612450014,33.77857776981406
1994-10-01,1994,4,1994Q4,6983.0,2153.4,9136.4,487.1,3102.5,122.8,39.1,12278.0,4731.9,1224.1,5956.0,194.9,2148.9,89.7,25.5,8130.4,2251.1,929.3,3180.4,292.2,953.7,33.2,13.6,4147.6,74.4127708095781,17.53868708258674,25.268773415865773,33.780746049845256
1995-01-01,1995,1,1995Q1,7010.9,2189.8,9200.7,462.5,3124.3,121.1,34.6,12359.6,4748.2,1249.7,5997.9,188.0,2154.2,86.5,20.2,8172.3,2262.7,940.0,3202.7,274.5,970.1,34.6,14.4,4187.2,74.44172950580925,17.717401857665298,25.278326159422637,33.87811903297841
1995-04-01,1995,2,1995Q2,7107.5,2222.9,9330.4,455.9,3133.0,121.4,31.4,12494.8,4794.3,1269.9,6064.200000000001,180.9,2148.0,91.5,17.7,8229.9,2313.2,953.0,3266.2,275.0,985.0,29.9,13.7,4264.9,74.67426449402952,17.79060088997023,25.074430963280726,34.13339949418958
1995-07-01,1995,3,1995Q3,7171.1,2255.3,9426.4,471.8,3142.7,112.8,34.8,12603.8,4851.2,1283.8,6135.0,192.5,2139.2,86.7,18.7,8292.9,2319.8,971.5,3291.3,279.3,1003.5,26.1,16.1,4311.0,74.79014265538964,17.893809803392628,24.93454355035783,34.20397023120012
1995-10-01,1995,4,1995Q4,7182.4,2230.0,9412.4,472.5,3148.3,113.4,29.2,12590.0,4825.2,1269.6,6094.799999999999,187.9,2144.8,86.9,15.3,8254.8,2357.2,960.5,3317.7,284.6,1003.5,26.5,13.9,4335.2,74.76092136616363,17.712470214455916,25.00635424940429,34.43367752184273
1996-01-01,1996,1,1996Q1,7165.7,2264.9,9430.6,476.9,3163.0,109.4,33.1,12626.7,4781.4,1301.8,6083.2,193.1,2162.8,82.2,16.8,8262.9,2384.3,963.1,3347.4,283.8,1000.1,27.1,16.4,4363.9,74.68776481582677,17.93738664892648,25.050092264803947,34.560890810742315
1996-04-01,1996,2,1996Q2,7265.0,2334.8,9599.8,435.4,3157.0,104.2,30.3,12787.1,4837.8,1329.1,6166.9,178.1,2178.6,78.1,14.0,8359.5,2427.2,1005.7,3432.9,257.3,978.4,26.1,16.4,4427.6,75.07409811450601,18.259026675321223,24.688944326704256,34.62552103291599
1996-07-01,1996,3,1996Q3,7451.6,2355.9,9807.5,433.1,3170.8,108.2,29.5,13007.8,4956.1,1338.1,6294.200000000001,174.6,2197.5,81.6,14.3,8506.0,2495.4,1017.9,3513.3,258.5,973.3,26.6,15.2,4501.8,75.3970694506373,18.111440827811006,24.37614354464245,34.60846568981688
1996-10-01,1996,4,1996Q4,7549.0,2337.2,9886.2,413.6,3155.4,112.5,22.8,13064.5,4992.7,1310.5,6303.2,161.4,2193.9,80.8,10.9,8508.0,2556.3,1026.7,3583.0,252.2,961.5,31.7,11.9,4556.4,75.6722415706686,17.889701098396415,24.152474262313905,34.87619120517432
1997-01-01,1997,1,1997Q1,7626.0,2330.6,9956.6,400.9,3139.1,102.3,30.9,13126.5,5021.0,1295.9,6316.9,156.1,2193.5,72.1,15.7,8526.0,2605.0,1034.6,3639.6,244.8,945.6,30.2,15.3,4600.5,75.8511408220013,17.754923246867023,23.914219327314974,35.04742315163981
1997-04-01,1997,2,1997Q2,7756.2,2357.4,10113.6,393.9,3134.3,101.1,27.7,13275.5,5137.2,1289.5,6426.7,152.8,2173.8,69.5,11.4,8611.9,2619.0,1068.0,3687.0,241.0,960.4,31.6,16.3,4663.7,76.18244133930926,17.75752325712779,23.609656886746265,35.13012692553953
1997-07-01,1997,3,1997Q3,7904.2,2394.1,10298.3,387.8,3124.0,98.7,23.6,13445.8,5253.8,1301.1,6554.9,150.0,2177.1,67.6,11.4,8743.5,2650.4,1093.0,3743.4,237.7,946.8,31.1,12.1,4702.3,76.59120320099957,17.805560100551844,23.234021032590103,34.97225899537402
1997-10-01,1997,4,1997Q4,8032.2,2371.9,10404.1,377.4,3102.0,89.8,28.4,13534.5,5312.1,1285.2,6597.3,147.6,2171.0,60.4,12.2,8780.5,2720.1,1086.7,3806.8,229.8,930.9,29.3,16.2,4753.9,76.87095940005172,17.524843917396286,22.919206472348446,35.12431194355166
1998-01-01,1998,1,1998Q1,8146.3,2339.2,10485.5,394.4,3122.1,85.6,25.2,13632.9,5394.4,1259.2,6653.599999999999,148.8,2172.6,58.9,11.2,8837.4,2751.9,1080.0,3831.9,245.6,949.5,26.7,14.0,4795.5,76.91320262013218,17.15849159019724,22.90121690909491,35.1759346874106
1998-04-01,1998,2,1998Q2,8329.3,2330.1,10659.4,379.0,3131.7,87.5,23.2,13814.2,5528.6,1261.3,6789.900000000001,148.8,2180.7,59.9,9.0,8979.6,2800.7,1068.8,3869.5,230.1,950.8,27.6,14.3,4834.6,77.16262975778547,16.86742627151771,22.67015100403932,34.99732159661797
1998-07-01,1998,3,1998Q3,8509.9,2338.3,10848.2,388.7,3176.5,85.7,22.9,14047.6,5672.3,1262.7,6935.0,155.3,2203.2,60.9,9.3,9147.5,2837.7,1075.6,3913.3,233.4,973.2,24.8,13.6,4900.1,77.22457928756515,16.645547993963383,22.61240354224209,34.88211509439335
1998-10-01,1998,4,1998Q4,8653.5,2305.2,10958.7,373.9,3144.2,90.1,19.2,14122.0,5729.8,1231.0,6960.8,152.6,2197.8,62.1,8.3,9167.0,2923.7,1074.2,3997.9,221.3,946.3,27.9,10.8,4955.1,77.6001982721994,16.3234669310296,22.264551763206345,35.08780625973658
1999-01-01,1999,1,1999Q1,8844.9,2330.4,11175.3,359.7,3126.3,96.4,22.7,14324.3,5786.4,1237.1,7023.5,143.0,2193.7,68.2,15.4,9232.7,3058.4,1093.3,4151.7,216.7,932.5,28.1,7.3,5091.6,78.01637776366034,16.268857815041574,21.8251502691231,35.545192435232444
1999-04-01,1999,2,1999Q2,9135.8,2343.5,11479.3,346.0,3129.6,96.4,17.6,14626.4,5950.0,1243.8,7193.8,130.1,2197.1,67.1,11.7,9402.7,3185.7,1099.7,4285.4,215.9,932.4,29.3,5.9,5223.7,78.48342722747907,16.022397855931743,21.396926106218892,35.71418804353772
1999-07-01,1999,3,1999Q3,9321.0,2407.8,11728.8,336.2,3099.8,94.7,20.3,14848.8,6099.3,1281.5,7380.8,127.8,2166.5,65.1,12.9,9560.1,3221.7,1126.3,4348.0,208.4,933.2,29.5,7.4,5288.7,78.98820106675288,16.21545175367707,20.875761004256237,35.61701955713593
1999-10-01,1999,4,1999Q4,9511.1,2349.1,11860.2,336.6,3081.9,97.5,17.8,14959.8,6125.7,1254.8,7380.5,121.0,2149.1,65.4,10.0,9539.6,3385.4,1094.3,4479.7,215.6,932.7,32.1,7.7,5420.2,79.28047166405969,15.702750036765197,20.601211246139655,36.231767804382415
2000-01-01,2000,1,2000Q1,9612.3,2387.0,11999.3,335.6,3107.4,99.1,12.6,15119.3,6168.0,1256.0,7424.0,125.1,2163.1,68.3,7.8,9595.0,3444.3,1130.9,4575.200000000001,210.5,944.3,30.8,4.8,5524.3,79.36412400044975,15.787767952220012,20.5525388080136,36.53806723856263
2000-04-01,2000,2,2000Q2,9907.4,2415.4,12322.8,322.7,3100.2000000000003,94.7,17.1,15440.2,6341.4,1268.2,7609.599999999999,113.6,2155.0,64.6,10.0,9774.5,3566.0,1147.2,4713.2,209.1,945.4,30.2,7.1,5665.7,79.80984702270695,15.643579746376343,20.07875545653554,36.69447286952241
2000-07-01,2000,3,2000Q3,10073.5,2476.0,12549.5,321.1,3114.9,85.0,17.4,15681.8,6463.7,1307.7,7771.4,112.8,2168.2,55.8,12.5,9952.1,3609.8,1168.3,4778.1,208.4,946.7,29.1,4.9,5729.7,80.02588988508973,15.789003813337754,19.863153464525755,36.53725975334464
2000-10-01,2000,4,2000Q4,10153.4,2487.5,12640.9,318.3,3124.6,87.1,16.8,15782.3,6475.8,1294.7,7770.5,111.4,2181.9,60.7,10.5,9962.9,3677.6,1192.8,4870.4,206.9,942.7,26.5,6.3,5819.4,80.0954233540105,15.761327563156193,19.798128282949886,36.87295261146981
2001-01-01,2001,1,2001Q1,10220.7,2457.9,12678.6,314.9,3166.3,89.9,21.5,15866.3,6489.5,1278.4,7767.9,100.6,2188.0,61.4,15.0,9970.8,3731.2,1179.5,4910.7,214.3,978.3,28.5,6.5,5895.5,79.90898949345468,15.491324379344903,19.95613344005849,37.15737128379018
2001-04-01,2001,2,2001Q2,10383.6,2472.2,12855.8,302.6,3201.5,101.2,19.1,16076.3,6619.0,1277.5,7896.5,104.8,2220.3,70.9,13.1,10129.9,3764.6,1194.7,4959.3,197.8,981.1,30.3,6.0,5946.4,79.96740543533026,15.37791656040258,19.914408166058113,36.9886105633759
2001-07-01,2001,3,2001Q3,10570.1,2545.2,13115.3,298.0,3160.1,91.0,18.9,16294.3,6719.7,1319.9,8039.6,104.8,2201.4,61.3,13.1,10254.0,3850.4,1225.3,5075.7,193.2,958.8,29.8,5.8,6040.3,80.49011003847971,15.620186200082237,19.39389847983651,37.07001834997515
2001-10-01,2001,4,2001Q4,10600.5,2547.5,13148.0,295.4,3181.9,90.6,18.3,16348.2,6702.4,1320.7,8023.099999999999,105.2,2214.3,62.1,10.1,10247.4,3898.1,1226.8,5124.9,190.3,967.7,28.5,8.2,6100.8,80.42475624227743,15.582755288043943,19.463304828666153,37.31786985723199
2002-01-01,2002,1,2002Q1,10734.5,2569.0,13303.4,281.4,3157.5,90.8,21.3,16482.3,6726.0,1315.7,8041.7,99.9,2204.7,60.8,9.9,10256.3,4008.5,1253.2,5261.8,181.5,952.8,30.0,11.4,6226.0,80.71324997118121,15.586416944237152,19.15691378023698,37.7738543771197
2002-04-01,2002,2,2002Q2,10998.5,2586.6,13585.1,293.0,3157.6,88.4,24.2,16766.9,6856.8,1334.6,8191.4,108.9,2199.1,60.7,11.8,10402.3,4141.8,1252.0,5393.7,184.1,958.5,27.8,12.4,6364.6,81.02332571912517,15.426823085961027,18.83234229344721,37.95931269346152
2002-07-01,2002,3,2002Q3,11128.5,2649.0,13777.5,288.0,3113.1,92.5,28.7,16919.3,6931.2,1367.9,8299.1,107.0,2177.1,61.4,15.6,10491.8,4197.3,1281.1,5478.4,181.0,936.0,31.0,13.1,6427.5,81.4306738458447,15.656676103621308,18.399697387007738,37.98916030805057
2002-10-01,2002,4,2002Q4,11196.9,2672.7,13869.6,269.5,3106.2,84.5,16.1,16991.9,6920.3,1375.1,8295.4,98.4,2177.4,55.8,8.1,10480.8,4276.6,1297.7,5574.2,171.0,928.8,28.7,8.0,6511.1,81.62477415709837,15.729259235282692,18.28047481447042,38.318846038406534
2003-01-01,2003,1,2003Q1,11254.0,2684.2,13938.2,262.5,3140.8,94.8,13.8,17092.7,6965.9,1362.6,8328.6,96.5,2204.8,64.3,7.2,10540.6,4288.1,1321.5,5609.6,166.0,936.0,30.5,6.5,6552.2,81.54475302322044,15.703779976247167,18.375095801131476,38.33332358258203
2003-04-01,2003,2,2003Q2,11523.3,2728.7,14252.0,281.7,3153.6,96.8,17.7,17423.2,7126.0,1370.5,8496.4,101.6,2189.1,65.1,11.1,10696.6,4397.3,1358.2,5755.5,180.1,964.5,31.7,6.6,6726.6,81.79898066945222,15.661302171816885,18.10000459157904,38.60714449699252
2003-07-01,2003,3,2003Q3,11702.2,2766.3,14468.6,276.6,3144.8,94.3,32.6,17646.0,7240.2,1375.3,8615.5,106.8,2172.6,63.4,22.1,10810.3,4462.0,1391.0,5853.0,169.8,972.2,30.9,10.4,6835.7,81.99365295251049,15.676640598435906,17.821602629491103,38.737957610789984
2003-10-01,2003,4,2003Q4,11781.7,2764.8,14546.4,271.9,3173.6,91.9,20.4,17740.5,7259.2,1353.3,8612.5,94.8,2186.4,62.4,12.9,10811.8,4522.4,1411.5,5933.9,177.1,987.3,29.5,7.5,6928.6,81.99543417603788,15.58467912403822,17.889011019982526,39.05526901722048
2004-01-01,2004,1,2004Q1,11758.4,2777.1,14535.6,263.8,3216.6,89.2,18.1,17770.2,7221.3,1350.1,8571.4,94.9,2221.6,60.4,10.0,10803.0,4537.1,1427.0,5964.1,169.0,995.0,28.8,8.1,6967.2,81.79761623391971,15.627848870581085,18.101090589863926,39.207212074146604
2004-04-01,2004,2,2004Q2,11960.6,2791.2,14751.9,257.7,3251.7,87.0,15.3,18018.9,7315.5,1350.0,8665.5,92.8,2251.1,59.7,8.7,10925.2,4645.1,1441.3,6086.4,164.9,1000.6,27.3,6.7,7093.7,81.86903751061385,15.490401744834589,18.04605164577194,39.36810793111677
2004-07-01,2004,3,2004Q3,12142.6,2877.7,15020.3,264.4,3246.1,84.5,22.8,18289.1,7432.8,1398.1,8830.9,99.1,2227.5,56.2,10.5,11069.0,4709.8,1479.6,6189.4,165.3,1018.5,28.4,12.2,7220.1,82.12705928667894,15.734508532404549,17.748823069478544,39.47761234833863
2004-10-01,2004,4,2004Q4,12293.0,2918.6,15211.6,251.6,3260.6,81.6,18.7,18490.8,7489.6,1419.9,8909.5,87.7,2237.2,55.2,8.4,11155.1,4803.4,1498.7,6302.1,163.9,1023.4,26.5,10.3,7335.7,82.26577541263764,15.784065589374174,17.633634023406234,39.6721612910204
2005-01-01,2005,1,2005Q1,12317.4,2893.9,15211.3,363.3,3494.3,87.8,30.4,18736.1,7443.3,1415.1,8858.4,158.6,2386.9,60.6,18.3,11263.6,4874.1,1478.8,6352.9,204.7,1107.5,27.2,12.1,7472.5,81.18712005166498,15.445583659352803,18.650092601982273,39.8828998564269
2005-04-01,2005,2,2005Q2,12792.4,2897.4,15689.7,312.9,3444.1,78.2,26.8,19160.6,7678.9,1405.9,9084.7,127.2,2333.5,52.8,15.6,11433.8,5113.5,1491.5,6605.0,185.7,1110.6,25.4,11.1,7726.8,81.88522280095614,15.121655898040773,17.974906840078077,40.32650334540672
2005-07-01,2005,3,2005Q3,13008.7,2960.6,15969.3,286.4,3432.5,81.0,20.3,19422.1,7831.6,1437.4,9269.0,117.7,2339.7,57.4,12.0,11620.7,5177.1,1523.2,6700.3,168.7,1092.8,23.6,8.3,7801.4,82.22231375597902,15.243459770055761,17.673166135484834,40.16764407556341
2005-10-01,2005,4,2005Q4,13108.8,2916.4,16025.2,265.9,3457.2,82.1,26.8,19509.2,7819.0,1408.7,9227.6,112.9,2378.1,58.4,16.3,11622.0,5289.8,1507.8,6797.6,153.0,1079.1,23.7,10.6,7887.2,82.14175875996965,14.948844647653415,17.720870153568573,40.42810571422713
2006-01-01,2006,1,2006Q1,13149.1,2919.4,16068.5,279.0,3479.0,86.0,31.0,19578.4,7828.2,1401.7,9229.9,115.1,2388.6,55.4,18.8,11637.3,5320.9,1517.7,6838.6,163.9,1090.4,30.6,12.2,7941.2,82.07259020144649,14.911330854410984,17.7695828055408,40.56102643729824
2006-04-01,2006,2,2006Q2,13397.5,2902.7,16300.2,286.1,3575.9,85.7,15.5,19891.6,7911.2,1395.9,9307.1,116.2,2455.6,57.6,10.0,11772.7,5486.3,1506.8,6993.0,169.9,1120.3,28.1,5.6,8118.9,81.94514267328924,14.592591847815159,17.976934987632973,40.815721208952525
2006-07-01,2006,3,2006Q3,13603.9,2944.8,16548.7,259.0,3529.1,98.1,13.2,20091.0,8077.9,1418.1,9496.0,113.9,2425.2,66.6,7.8,11928.9,5526.0,1526.7,7052.8,145.1,1103.9,31.5,5.4,8162.0,82.3687223134737,14.657309242944603,17.565576626350108,40.62515554228261
2006-10-01,2006,4,2006Q4,13685.7,2959.2,16644.9,243.3,3538.9,95.7,11.6,20195.4,8053.3,1407.5,9460.8,98.4,2426.8,65.8,7.5,11895.2,5632.4,1551.8,7184.1,144.8,1112.0,29.9,4.1,8300.2,82.41926379274489,14.652841736236963,17.523297384552915,41.09945829248245
2007-01-01,2007,1,2007Q1,13714.5,2986.8,16701.3,257.4,3553.1,89.9,13.2,20267.5,8055.7,1433.8,9489.5,110.9,2425.1,63.1,9.2,11923.7,5658.7,1553.0,7211.8,146.5,1128.0,26.8,4.0,8343.8,82.40434192672998,14.736894042185767,17.531022573084986,41.168373010978165
2007-04-01,2007,2,2007Q2,14049.4,2932.0,16981.4,222.0,3590.3,83.7,9.2,20580.9,8217.9,1397.1,9615.0,89.1,2463.2,58.1,5.1,12083.3,5831.6,1534.9,7366.4,132.8,1127.1,25.6,4.1,8497.7,82.5104830206648,14.246218581305966,17.44481533849346,41.289253628364165
2007-07-01,2007,3,2007Q3,14104.3,2990.3,17094.6,206.4,3651.2,72.7,7.6,20753.4,8250.6,1419.5,9670.1,80.6,2499.7,52.0,6.1,12175.9,5853.7,1570.8,7424.5,125.8,1151.5,20.7,1.5,8577.5,82.37011766746653,14.408723389902377,17.593261826977745,41.33057715844151
2007-10-01,2007,4,2007Q4,14125.5,2969.5,17095.0,199.1,3616.0,69.5,6.9,20717.9,8197.0,1396.0,9593.0,75.2,2489.1,48.6,4.5,12086.6,5928.5,1573.5,7502.0,124.0,1126.9,20.8,2.4,8631.3,82.51318907804361,14.33301637714247,17.453506388195713,41.66107568817302
2008-01-01,2008,1,2008Q1,14089.3,2920.7,17010.1,217.2,3599.6,71.8,10.3,20620.0,8179.4,1344.2,9523.7,94.4,2482.8,48.0,7.6,12014.0,5909.9,1576.5,7486.4,122.8,1116.8,23.7,2.7,8605.9,82.49321047526672,14.164403491755575,17.456838021338505,41.7356935014549
2008-04-01,2008,2,2008Q2,14054.1,2983.5,17037.5,199.3,3599.7,63.3,9.7,20646.9,8088.2,1380.4,9468.6,87.5,2474.9,42.7,6.7,11950.2,5965.8,1603.1,7568.9,111.7,1124.9,20.7,2.9,8696.8,82.51844102504492,14.45011115470119,17.434578556587184,42.121577573388734
2008-07-01,2008,3,2008Q3,13879.2,3040.9,16920.1,223.3,3622.0,65.3,14.4,20556.4,7963.6,1402.5,9366.1,98.7,2465.4,42.8,10.1,11841.6,5915.6,1638.3,7554.0,124.6,1156.6,22.4,4.3,8714.9,82.31061859080381,14.792959856784261,17.619816699422078,42.39506917553657
2008-10-01,2008,4,2008Q4,13395.7,3081.6,16477.2,199.2,3563.8,63.5,14.2,20055.3,7558.2,1442.8,9001.0,77.0,2405.0,39.9,8.9,11414.9,5837.5,1638.8,7476.3,122.2,1158.9,23.6,5.3,8640.4,82.15883083274747,15.365514352814468,17.769866319626235,43.08287584827951
2009-01-01,2009,1,2009Q1,12935.7,3077.4,16013.0,186.6,3264.9,31.8,6.5,19284.4,7224.6,1451.0,8675.6,76.1,2219.3,20.6,4.4,10899.2,5711.1,1626.4,7337.5,110.5,1045.6,11.1,2.1,8385.2,83.0360291219846,15.957976395428428,16.930264877310155,43.4817780174649
2009-04-01,2009,2,2009Q2,12817.0,3106.1,15923.1,167.4,3218.2,29.9,12.9,19154.2,7137.8,1466.6,8604.5,70.5,2162.2,18.7,10.4,10777.1,5679.2,1639.5,7318.7,96.9,1056.0,11.2,2.5,8377.2,83.13111484687431,16.21628676739305,16.801536999718074,43.73557757567531
2009-07-01,2009,3,2009Q3,12699.1,3164.7,15863.8,179.5,3224.2,34.1,10.5,19098.4,7050.9,1489.4,8540.2,85.5,2157.3,21.4,7.7,10705.3,5648.2,1675.3,7323.5,94.0,1066.9,12.7,2.8,8393.2,83.06350270179699,16.570498052192853,16.882042474762283,43.94713693293679
2009-10-01,2009,4,2009Q4,12596.9,3127.6,15724.6,159.9,3152.8,37.5,13.0,18890.4,6989.3,1453.5,8442.7,73.7,2098.1,25.8,9.9,10550.8,5607.7,1674.2,7281.8,86.2,1054.7,11.7,3.1,8339.7,83.24122305509677,16.55655782831491,16.689958920933385,44.14782111548723
2010-01-01,2010,1,2010Q1,12329.1,3160.5,15489.6,171.2,3152.2,32.2,11.1,18652.9,6788.4,1459.4,8247.8,75.3,2112.0,21.7,9.6,10369.3,5540.7,1701.1,7241.8,95.8,1040.2,10.5,1.5,8283.5,83.04124291665103,16.943746012684354,16.8992489103571,44.40864423226415
2010-04-01,2010,2,2010Q2,12451.4,3168.4,15619.9,151.4,3120.9,29.9,10.3,18751.1,6893.4,1469.5,8362.9,66.7,2099.9,18.0,7.5,10470.2,5558.0,1698.9,7257.0,84.7,1021.0,11.9,2.9,8280.9,83.30124632688216,16.897142034333985,16.64382356235101,44.162209150396514
2010-07-01,2010,3,2010Q3,12445.9,3259.2,15705.1,151.0,3108.3,31.5,5.6,18819.0,6896.9,1506.8,8403.7,70.1,2107.1,21.4,3.3,10514.1,5549.0,1752.4,7301.4,80.8,1001.1,10.1,2.3,8304.9,83.45342473032574,17.3186673043201,16.516818109357565,44.130400127530685
2010-10-01,2010,4,2010Q4,12304.4,3250.3,15554.7,137.3,3110.3,36.1,9.9,18674.9,6764.0,1472.5,8236.5,61.6,2099.4,22.7,5.2,10341.1,5540.4,1777.8,7318.2,75.6,1010.9,13.4,4.7,8333.8,83.2920122731581,17.40464473705348,16.65497539478123,44.625674033060406
2011-01-01,2011,1,2011Q1,12099.9,3267.5,15367.4,153.5,3052.6,33.3,6.2,18426.2,6647.1,1500.6,8147.7,68.7,2046.4,21.0,2.3,10196.5,5452.7,1766.9,7219.7,84.8,1006.2,12.4,3.9,8229.7,83.39972430560832,17.732902063366293,16.566627953674658,44.663034157883885
2011-04-01,2011,2,2011Q2,12280.2,3299.3,15579.5,144.2,3034.2,35.1,8.2,18622.0,6682.6,1515.3,8197.9,62.2,2025.5,24.5,5.7,10229.1,5597.7,1784.0,7381.7,82.1,1008.7,10.6,2.5,8392.9,83.66179787348298,17.717216195897326,16.293631188916336,45.06980990226614
2011-07-01,2011,3,2011Q3,12172.7,3306.6,15479.3,124.7,2997.8,31.4,7.4,18484.5,6686.6,1531.4,8218.0,47.1,1982.7,19.1,3.4,10204.0,5486.1,1775.2,7261.3,77.6,1015.1,12.3,4.0,8280.4,83.74205415347994,17.888501176661524,16.217912304904107,44.79645108063512
2011-10-01,2011,4,2011Q4,11915.8,3234.7,15150.5,128.9,2993.4,30.2,9.1,18153.0,6514.1,1466.3,7980.4,52.0,1995.8,17.5,4.0,9980.3,5401.7,1768.4,7170.1,76.8,997.6,12.7,5.1,8172.8,83.4600341541343,17.81909326282157,16.489836390679226,45.02175948878973
2012-01-01,2012,1,2012Q1,11523.2,3200.5,14723.7,126.1,3034.5,33.5,6.8,17765.1,6236.2,1446.2,7682.3,49.9,2001.3,22.4,4.4,9688.0,5287.0,1754.3,7041.4,76.2,1033.3,11.2,2.4,8077.1,82.87991624026884,18.015659917478654,17.081243561815022,45.46611052006463
2012-04-01,2012,2,2012Q2,11579.8,3140.5,14720.3,125.6,3030.8,30.1,7.3,17758.5,6234.5,1399.6,7634.1,50.9,2025.9,19.7,3.2,9663.1,5345.3,1740.9,7086.2,74.8,1005.0,10.3,4.1,8095.4,82.89157304952558,17.68448911788721,17.06675676436636,45.58605738097249
2012-07-01,2012,3,2012Q3,11473.6,3087.3,14560.9,129.8,3098.0,24.2,8.9,17667.7,6205.1,1373.2,7578.3,56.9,2063.7,17.0,3.8,9645.8,5268.5,1714.1,6982.6,72.9,1034.3,7.2,5.1,8021.9,82.41536815771153,17.474260939454485,17.534823434855696,45.404325407381826
2012-10-01,2012,4,2012Q4,11267.6,3021.1,14288.7,110.0,3040.8,24.2,9.9,17339.4,6035.8,1367.2,7403.0,49.8,2029.6,17.2,3.0,9435.7,5231.7,1653.9,6885.6,60.2,1011.2,7.1,6.8,7903.7,82.40596560434616,17.42332491320345,17.536938994428873,45.58231542037209
2013-01-01,2013,1,2013Q1,11035.3,2951.7,13987.0,113.1,3033.4,21.4,9.8,17030.2,5851.3,1346.5,7197.8,54.8,2038.8,14.9,1.7,9238.3,5183.9,1605.3,6789.2,58.3,994.7,6.5,8.0,7791.9,82.13056804969993,17.332151119775453,17.811887118178298,45.7534262662799
2013-04-01,2013,2,2013Q2,11127.1,2945.0,14072.2,124.7,3078.9,20.9,9.5,17160.6,5937.3,1331.7,7269.0,58.3,2061.8,16.0,2.4,9333.2,5189.9,1613.3,6803.2,66.4,1017.1,4.9,7.0,7827.4,82.00296026945446,17.161404612892326,17.94168036082655,45.612624267216766
2013-07-01,2013,3,2013Q3,11180.6,2943.2,14123.9,111.1,3095.9,25.7,10.3,17230.0,5962.0,1365.7,7327.6,52.2,2054.0,17.3,3.2,9384.8,5218.7,1577.5,6796.2,58.9,1041.9,8.4,7.1,7845.2,81.97272199651769,17.081834010446894,17.96807893209518,45.53221125943122
2013-10-01,2013,4,2013Q4,11184.0,2909.4,14093.4,109.7,3034.6,25.4,7.2,17135.2,5973.7,1326.9,7300.6,45.4,2002.6,15.8,3.6,9306.8,5210.3,1582.5,6792.8,64.3,1032.0,9.6,3.6,7828.4,82.24823754610392,16.979083990849244,17.709743685512862,45.686073112656985
2014-01-01,2014,1,2014Q1,11008.9,2920.5,13929.5,97.3,3014.3,26.1,6.8,16950.6,5816.2,1344.0,7160.2,40.8,2001.1,16.5,4.3,9165.6,5192.8,1576.5,6769.3,56.6,1013.2,9.6,2.5,7785.0,82.17703208146025,17.229478602527344,17.78285134449518,45.92757778485718
2014-04-01,2014,2,2014Q2,11388.0,2929.5,14317.5,103.3,3026.7,20.8,8.8,17353.0,6070.7,1366.4,7437.0,40.3,1998.0,14.4,5.9,9441.0,5317.3,1563.1,6880.5,63.0,1028.7,6.4,2.9,7912.1,82.50734743272056,16.88180718031464,17.441940874776694,45.59499798305769
2014-07-01,2014,3,2014Q3,11487.6,2925.6,14413.1,113.0,3085.3,26.3,5.6,17504.0,6176.7,1368.6,7545.4,43.8,2056.8,18.3,3.7,9605.9,5310.8,1556.9,6867.8,69.2,1028.4,8.0,1.9,7898.1,82.3417504570384,16.713893967093234,17.62625685557587,45.12168647166362
2014-10-01,2014,4,2014Q4,11555.5,2927.5,14483.1,97.5,3078.0,24.7,8.0,17569.1,6143.4,1358.0,7501.3,39.5,2052.4,17.9,4.6,9558.3,5412.2,1569.6,6981.7,58.1,1025.6,6.8,3.5,8010.8,82.43507066383596,16.662777262352655,17.51939484663415,45.5959610907787
2015-01-01,2015,1,2015Q1,11437.2,2956.7,14393.9,97.8,3055.0,21.5,5.9,17454.8,6124.3,1362.7,7487.1,39.0,2029.4,15.0,3.7,9520.2,5312.8,1594.0,6906.8,58.8,1025.5,6.5,2.3,7934.6,82.46384948552834,16.939180053624217,17.50234892407819,45.457982904415985
2015-04-01,2015,2,2015Q2,11806.0,2956.3,14762.3,112.1,3099.2,23.0,5.1,17866.5,6350.3,1358.1,7708.4,45.8,2050.2,14.5,2.8,9761.4,5455.7,1598.2,7053.9,66.3,1049.0,8.5,2.3,8105.2,82.6255841938824,16.546609576581872,17.34643047043349,45.365348557355944
2015-07-01,2015,3,2015Q3,11962.5,2986.4,14948.9,102.8,3094.4,22.2,5.4,18048.7,6465.4,1374.1,7839.4,47.5,2054.1,14.6,3.0,9896.5,5497.2,1612.3,7109.5,55.4,1040.3,7.5,2.4,8152.2,82.82535584280308,16.546344058020797,17.144725104855198,45.16779601854981
2015-10-01,2015,4,2015Q4,11988.1,3000.7,14988.8,88.8,3101.2,24.0,4.1,18094.2,6436.0,1362.3,7798.4,39.9,2061.6,16.2,3.3,9863.3,5552.1,1638.4,7190.4,48.9,1039.6,7.9,0.8,8230.8,82.83759436725579,16.58376717401156,17.139193774800763,45.48860960970919
2016-01-01,2016,1,2016Q1,11916.9,3018.3,14935.1,91.5,3090.3,27.2,4.1,18029.6,6440.3,1357.5,7797.8,40.7,2046.7,18.9,2.9,9847.4,5476.6,1660.7,7137.3,50.8,1043.6,8.3,1.3,8182.2,82.83655766073569,16.740804011181616,17.140147313307008,45.38203842569996
2016-04-01,2016,2,2016Q2,12192.7,2995.0,15187.8,80.3,3106.0,24.3,7.2,18301.0,6586.3,1337.2,7923.5,33.5,2043.6,16.0,4.0,9971.1,5606.5,1657.8,7264.3,46.7,1062.4,8.4,3.2,8329.9,82.9889077099612,16.36522594393749,16.971750177585925,45.51609201682968
2016-07-01,2016,3,2016Q3,12400.7,3003.9,15404.6,92.5,3116.9,28.8,6.0,18527.5,6704.3,1352.2,8056.5,43.1,2052.5,18.6,3.8,10112.8,5696.5,1651.7,7348.1,49.3,1064.4,10.2,2.2,8414.8,83.14451491026851,16.213196599649173,16.823100796113884,45.41789232222372
2016-10-01,2016,4,2016Q4,12399.3,2986.1,15385.4,86.6,3115.2,24.9,7.5,18508.1,6677.1,1350.4,8027.5,40.5,2041.2,17.4,3.2,10071.9,5722.2,1635.7,7357.9,46.1,1074.0,7.5,4.3,8436.2,83.12792777216463,16.134016997963055,16.831549429709156,45.58112394032884
2017-01-01,2017,1,2017Q1,12366.9,2973.8,15340.8,89.6,3091.4,21.0,6.1,18438.3,6662.4,1330.3,7992.7,41.8,2053.1,12.4,2.7,10048.5,5704.5,1643.6,7348.1,47.8,1038.2,8.5,3.4,8389.8,83.20072891752494,16.128384937873882,16.766187772191582,45.50202567481818
2017-04-01,2017,2,2017Q2,12686.5,3003.8,15690.3,79.4,3115.2,25.9,7.9,18813.3,6835.6,1339.3,8174.9,37.8,2078.7,15.4,3.3,10256.9,5850.9,1664.4,7515.3,41.6,1036.5,10.5,4.6,8556.4,83.40004146003093,15.96636422105638,16.558498509033505,45.48059085859472
2017-07-01,2017,3,2017Q3,12844.6,3062.1,15906.7,93.5,3136.2,26.2,6.4,19049.2,6966.5,1365.5,8332.0,42.0,2086.7,18.2,1.8,10420.5,5878.1,1696.5,7574.6,51.6,1049.4,8.0,4.6,8628.7,83.50324423072884,16.074690800663543,16.463683514268315,45.29691535602545
2017-10-01,2017,4,2017Q4,12847.8,3074.7,15922.6,80.6,3069.8,22.2,6.0,18998.4,6953.5,1355.4,8308.9,34.6,2027.8,16.4,2.5,10339.2,5894.3,1719.3,7613.6,46.0,1042.1,5.8,3.4,8659.1,83.81021559710291,16.18399444163719,16.158202796024927,45.578048677783386
2018-01-01,2018,1,2018Q1,12686.5,3105.8,15792.2,76.5,3075.8,29.3,6.2,18874.2,6872.6,1369.8,8242.3,37.9,2039.5,19.4,2.2,10284.0,5813.9,1736.0,7549.9,38.6,1036.2,9.9,4.0,8590.2,83.67083108158226,16.45526697820305,16.29631984401988,45.512922402009096
2018-04-01,2018,2,2018Q2,13139.5,3117.8,16257.3,76.9,3079.3,26.4,7.5,19344.1,7102.8,1375.4,8478.2,37.2,2046.4,18.8,3.8,10528.3,6036.7,1742.4,7779.1,39.7,1032.9,7.6,3.7,8815.7,84.04267968010917,16.117575901696128,15.918548808163733,45.57306879100088
2018-07-01,2018,3,2018Q3,13266.0,3167.5,16433.6,76.6,3086.5,27.4,7.9,19528.0,7214.3,1408.2,8622.5,38.0,2034.5,17.4,5.4,10662.4,6051.7,1759.4,7811.1,38.6,1052.0,10.0,2.5,8865.6,84.15403523146252,16.220299057763214,15.805510036870135,45.39942646456371
2018-10-01,2018,4,2018Q4,13242.6,3211.0,16453.6,61.2,3104.5,20.6,6.4,19564.6,7155.8,1427.4,8583.3,28.7,2066.8,14.1,3.0,10653.1,6086.8,1783.6,7870.3,32.4,1037.8,6.5,3.4,8911.5,84.09883156312932,16.412295676885805,15.867945166269692,45.54910399394826
2019-01-01,2019,1,2019Q1,13144.1,3213.6,16357.7,67.1,3106.2,25.4,7.2,19471.1,7119.1,1417.5,8536.6,31.8,2057.0,15.2,5.5,10599.1,6025.0,1796.2,7821.1,35.4,1049.1,10.1,1.8,8872.0,84.01014837374366,16.504460456779533,15.952873746218755,45.56496551299105
2019-04-01,2019,2,2019Q2,13493.8,3194.5,16688.3,76.6,3108.3,29.3,8.3,19804.9,7297.5,1410.7,8708.2,35.2,2035.5,15.8,6.5,10750.2,6196.3,1783.8,7980.1,41.4,1072.8,13.5,1.8,9054.7,84.26349034834813,16.12984665411085,15.694600831107453,45.71949366065974
2019-07-01,2019,3,2019Q3,13561.3,3228.7,16790.0,75.9,3077.7,24.4,6.7,19874.3,7369.1,1418.7,8787.8,34.8,2032.1,15.9,4.7,10824.5,6192.2,1810.0,8002.2,41.1,1045.6,8.5,2.0,9049.8,84.48096285152181,16.245603618743804,15.485828431693191,45.5351886607327
2019-10-01,2019,4,2019Q4,13592.8,3253.3,16846.1,81.7,3112.0,22.9,8.7,19966.9,7350.3,1411.3,8761.6,41.8,2042.2,14.4,4.8,10808.6,6242.5,1842.0,8084.5,39.9,1069.8,8.5,3.9,9158.3,84.37013256940234,16.293465685709847,15.585794489880753,45.86741056448421
2020-01-01,2020,1,2020Q1,13312.2,3248.0,16560.1,70.8,3109.8,23.8,11.3,19681.3,7205.8,1421.5,8627.3,30.5,2026.3,13.8,7.7,10661.2,6106.3,1826.5,7932.8,40.3,1083.5,10.1,3.7,9020.0,84.14129147972949,16.50297490511298,15.800785517216854,45.8303059249135
2020-04-01,2020,2,2020Q2,12300.9,3225.9,15526.8,56.2,3073.7,24.3,6.7,18607.2,6689.3,1419.2,8108.5,26.0,2020.1,14.9,4.7,10133.4,5611.6,1806.7,7418.3,30.3,1053.6,9.4,1.9,8473.8,83.44511801883141,17.3368373532826,16.518874414205253,45.540435960273435
2020-07-01,2020,3,2020Q3,12770.9,3337.1,16108.0,71.6,3063.3,21.0,5.5,19176.9,6974.3,1484.1,8458.4,38.3,1992.6,12.2,3.2,10454.2,5796.6,1853.0,7649.6,33.3,1070.7,8.8,2.3,8722.7,83.99689209413408,17.401665545526125,15.97390610578352,45.48545385333396
2020-10-01,2020,4,2020Q4,12862.4,3379.1,16241.5,82.2,3092.2,20.1,10.5,19344.3,6961.0,1458.8,8419.8,40.0,2046.6,14.0,3.4,10469.8,5901.4,1920.4,7821.8,42.2,1045.6,6.0,7.1,8874.5,83.96013295906289,17.468194765383085,15.985070537574375,45.87656312195324
2021-01-01,2021,1,2021Q1,12748.9,3369.7,16118.6,86.5,3098.1,22.2,23.0,19239.6,6939.1,1430.0,8369.0,45.5,2068.6,16.1,12.8,10450.4,5809.9,1939.7,7749.5,41.0,1029.4,6.1,10.2,8789.2,83.77824902804633,17.5143973887191,16.102725628391443,45.682862429572346
2021-04-01,2021,2,2021Q2,13118.5,3409.0,16527.5,83.7,3176.4,28.9,12.2,19716.1,7121.4,1460.3,8581.8,35.7,2089.1,19.0,7.4,10678.2,5997.0,1948.7,7945.7,48.1,1087.3,9.9,4.9,9038.0,83.82743037416122,17.290437764060844,16.110691262470773,45.84070886230035
2021-07-01,2021,3,2021Q3,13499.9,3458.9,16958.8,84.7,3131.2,26.9,13.3,20103.3,7369.0,1446.4,8815.4,39.4,2052.1,20.4,5.8,10873.3,6130.9,2012.5,8143.5,45.3,1079.1,6.5,7.5,9230.0,84.35828943506787,17.205632906040304,15.575552272512471,45.91286007769869
2021-10-01,2021,4,2021Q4,13580.6,3457.5,17038.1,79.1,3222.5,26.9,14.2,20274.8,7381.7,1425.7,8807.3,31.9,2116.9,18.8,6.6,10930.8,6198.9,2031.8,8230.7,47.2,1105.7,8.1,7.6,9344.1,84.03584745595516,17.053189180657764,15.894114861798883,46.08726103340107
2022-01-01,2022,1,2022Q1,13567.7,3450.2,17017.8,62.4,3164.0,27.2,14.8,20196.7,7407.3,1442.3,8849.6,25.2,2052.4,19.0,3.8,10905.9,6160.4,2007.9,8168.2,37.1,1111.6,8.2,11.0,9290.8,84.26029994999182,17.082988805101824,15.665925621512425,46.00157451464843
2022-04-01,2022,2,2022Q2,13974.6,3431.9,17406.6,78.1,3187.8,27.6,12.8,20607.2,7579.5,1456.8,9036.3,37.5,2081.9,17.8,5.6,11123.8,6395.1,1975.2,8370.3,40.6,1105.9,9.9,7.2,9483.4,84.46853526922628,16.65388796148919,15.469350518265463,46.01983772661982
2022-07-01,2022,3,2022Q3,14071.2,3487.8,17559.0,91.4,3165.2,23.6,21.3,20745.4,7720.6,1506.7,9227.4,43.6,2053.4,15.9,11.9,11292.6,6350.6,1981.0,8331.6,47.8,1111.8,7.7,9.4,9452.8,84.64045041310362,16.812401785456053,15.257358257734243,45.56576397659239
2022-10-01,2022,4,2022Q4,13996.9,3497.2,17494.2,78.2,3141.1,29.2,5.4,20640.7,7617.8,1488.8,9106.7,34.5,2025.9,20.7,3.4,11136.0,6379.1,2008.4,8387.5,43.7,1115.2,8.5,1.9,9504.7,84.75584645869569,16.943223824773384,15.217991637880498,46.048341383770904
2023-01-01,2023,1,2023Q1,13974.6,3495.0,17469.6,63.5,3159.8,24.2,4.8,20634.2,7568.8,1479.1,9047.9,32.2,2041.2,16.0,2.1,11091.2,6405.8,2016.0,8421.7,31.2,1118.6,8.1,2.6,9543.0,84.6633259346134,16.937899215864924,15.313411714532185,46.248461292417446
2023-04-01,2023,2,2023Q2,14494.9,3503.9,17998.8,60.6,3252.8,21.3,6.8,21258.4,7831.4,1493.8,9325.2,32.0,2095.1,14.9,3.4,11423.6,6663.5,2010.1,8673.7,28.6,1157.8,6.4,3.4,9834.8,84.66676701915478,16.482425770518947,15.301245625258723,46.263124223836215
2023-07-01,2023,3,2023Q3,14733.6,3516.2,18249.7,65.6,3186.8,19.1,10.0,21446.5,8001.5,1491.5,9493.0,30.2,2047.2,13.3,5.7,11545.9,6732.0,2024.7,8756.7,35.4,1139.6,5.8,4.3,9900.6,85.0940712936843,16.39521600261115,14.859301051453619,46.16417597276945
2023-10-01,2023,4,2023Q4,14557.0,3576.6,18133.7,64.0,3249.5,33.9,6.6,21389.7,7853.3,1520.8,9374.1,37.1,2066.7,24.6,5.0,11445.9,6703.8,2055.8,8759.6,27.0,1182.7,9.3,1.6,9943.8,84.77772011762671,16.721132133690514,15.191891424377152,46.48873055723081
2024-01-01,2024,1,2024Q1,14512.9,3551.0,18063.9,59.0,3179.7,29.0,6.5,21250.0,7839.1,1506.1,9345.1,26.2,2043.8,19.4,4.1,11393.0,6673.8,2044.9,8718.7,32.7,1135.9,9.5,2.3,9857.0,85.00658823529412,16.710588235294118,14.963294117647058,46.385882352941174
2024-04-01,2024,2,2024Q2,14883.1,3557.9,18441.0,60.0,3238.0,29.7,5.7,21684.7,7982.2,1528.7,9510.9,27.8,2081.0,18.1,3.7,11595.6,6900.9,2029.3,8930.1,32.2,1157.0,11.6,1.9,10089.1,85.0415269752406,16.407420900450546,14.932187210337242,46.5263526818448
2024-07-01,2024,3,2024Q3,15124.2,3540.8,18665.0,57.4,3150.2,17.4,7.8,21823.0,8141.6,1514.0,9655.6,30.1,2052.2,12.2,2.7,11710.5,6982.7,2026.8,9009.4,27.3,1098.0,5.1,5.1,10112.6,85.52902900609449,16.225083627365624,14.43522888695413,46.339183430325804
2024-10-01,2024,4,2024Q4,14998.0,3591.2,18589.2,70.9,3258.1,23.1,10.6,21857.9,8062.2,1534.5,9596.7,33.5,2105.1,14.1,4.8,11706.6,6935.7,2056.8,8992.5,37.5,1152.9,9.0,5.8,10151.2,85.04568142410753,16.429757661989484,14.905823523760287,46.44178992492417
2025-01-01,2025,1,2025Q1,15000.2,3499.1,18499.2,60.6,3259.5,21.4,6.6,21765.4,8028.4,1478.5,9506.9,28.4,2103.2,13.4,2.5,11612.5,6971.8,2020.6,8992.4,32.2,1156.3,7.9,4.2,10152.8,84.99361371718416,16.076433238075108,14.975603480753858,46.64651235447085
2025-04-01,2025,2,2025Q2,15456.7,3521.9,18978.6,60.0,3283.1,22.5,7.1,22268.7,8291.4,1481.4,9772.8,25.6,2103.3,13.4,2.3,11878.4,7165.3,2040.5,9205.8,34.4,1179.7,9.1,4.8,10390.3,85.2254509692977,15.815471940436577,14.743114775447152,46.65876319677395
2025-07-01,2025,3,2025Q3,15575.1,3532.7,19107.8,69.4,3272.6,25.3,6.7,22387.1,8397.0,1475.0,9872.0,35.6,2112.0,13.2,1.4,11985.4,7178.1,2057.7,9235.8,33.8,1160.6,12.2,5.3,10401.7,85.35183208186858,15.78006977232424,14.61823996855332,46.462918377101104
2025-10-01,2025,4,2025Q4,15517.8,3641.4,19159.1,83.0,3294.9,25.5,9.2,22463.3,8367.0,1507.6,9874.6,33.0,2128.2,13.3,3.0,12005.8,7150.8,2133.7,9284.5,49.9,1166.7,12.2,6.3,10457.5,85.29067412178975,16.21044103048083,14.66792501546968,46.55371205477379
