fecha,año,trimestre,pib_pm,demanda_nacional,consumo_privado_nacional,consumo_privado_interior,consumo_publico,fbcf,variacion_existencias,exportacion_bienes_servicios,exportacion_bienes,exportacion_servicios,importacion_bienes_servicios,importacion_bienes,importacion_servicios,tasa_inversion,apertura_comercial,saldo_comercial_pct_pib,consumo_publico_pct_pib,pib_index_base
1976-07-01,1976,3,137647.95121713405,144074.48244492753,91387.8790096983,94799.47608018748,15748.1096876377,34093.76942243744,2844.724325154103,18993.78917391784,12255.107914815804,2794.253409707821,25420.320401711346,23385.3508519432,1502.1387708631107,24.768817204301072,32.266451612903225,-4.6688172043010745,11.440860215053762,100.0
1976-10-01,1976,4,138704.94070054576,144391.09283044247,91630.68464643932,95200.52915352218,15983.645641732506,34078.338821052326,2698.4237212183334,19452.636781405054,12568.096967961672,2739.59265492477,25138.788911301774,23102.294314992047,1461.3919448739807,24.568943722505942,32.148404712544874,-4.099458967487484,11.523486878697478,100.76789336424221
1977-01-01,1977,1,139803.81089933807,144000.71161651314,91552.82069049805,95407.32712681538,16021.743620837158,34166.45119971485,2259.6961054630865,19870.3455636462,12697.978174029946,2694.240290624504,24067.246280821277,22058.92237651493,1384.7032416319385,24.438855407393344,31.428035875290654,-3.001993071703133,11.46016229298154,101.56621269197335
1977-04-01,1977,2,140438.00458938512,143635.11677017852,92039.88433569102,96149.92825714436,16095.057493935608,33740.00941321316,1760.1655273387505,20144.6116086671,12719.174089749502,2669.0813472204486,23341.723789460524,21365.953515341414,1329.4580238752972,24.024842500335104,30.964791564273263,-2.276529198874046,11.460613913587418,102.02694871051867
1977-07-01,1977,3,140904.67541791033,143499.95924581998,92852.23272496076,97204.95986903193,16150.282682100124,33335.230013200766,1162.2138255583343,20410.127861703542,12748.97130722484,2666.223766200313,23005.411689613185,21067.912939131344,1295.2931062746206,23.65800135043889,30.811993585415266,-1.8418720459149205,11.46185010128292,102.36598087510866
1977-10-01,1977,4,141845.9943540808,143570.86657541944,93017.2034875552,97617.92038052558,16425.465853104863,33338.19975152432,789.9974832350521,20970.373557164217,13059.916795931944,2692.1559503631515,22695.245778502853,20793.880538425263,1283.781322178855,23.503095666067505,30.783822648292393,-1.2160175753944455,11.579788296385061,103.0498406259055
1978-01-01,1978,1,142731.4723364107,142825.93733649678,92288.78633054424,97133.83934355674,16770.92093219299,33227.860775274545,538.3692984850044,21641.308971016544,13479.532963576674,2737.48201968733,21735.77397110265,19867.42408687807,1289.1089094845436,23.27998179473564,30.390692558598186,-0.06618372145945384,11.749981036182962,103.69313242538394
1978-04-01,1978,2,143020.6487045139,141954.72641611722,92029.14714220786,96954.2860804318,16960.91485035063,32673.713523927367,290.9508996313645,21916.19501740788,13687.846702130297,2743.887604889396,20850.27272901119,19006.58244298834,1284.3685138586127,22.845451911935108,29.90230301274624,0.7452925840092687,11.85906720741599,103.90321645899738
1978-07-01,1978,3,142845.14856387192,141218.6257366566,91942.94357805669,96801.85795881806,17063.160083305786,31996.52079482013,216.0012804740131,21637.622422388144,13511.84345638844,2712.1261442135697,20011.09959517282,18187.496030739865,1268.8651234082076,22.399445214979195,29.156553398058254,1.1386615811373113,11.945214979195566,103.77571718342506
1978-10-01,1978,4,142633.7506671896,140860.83979492413,91882.79345773632,96552.22353419576,17224.164249483114,31393.96070734526,359.9213803594351,21399.19525945435,13500.020627973252,2654.972388946802,19626.284387188884,17803.68659874868,1247.825622365339,22.010190828254572,28.762813467878907,1.242981316814867,12.07579844806341,103.62213851057665
1979-01-01,1979,1,142406.39821226706,141065.26367038742,91967.56060469268,96347.18594939094,17376.780725676632,30799.0980660046,921.8242740135296,21275.8359072907,13710.330280532547,2577.852963850181,19934.701365411067,18103.670527145347,1223.003520056041,21.627608346709472,28.93868378812199,0.941765650080255,12.202247191011235,103.45696899449433
1979-04-01,1979,2,142627.76770784953,141554.26756552755,92407.34374987976,96574.00754621702,17579.352969308642,30537.89783431945,1029.673012019741,21347.472066650214,13941.789337585637,2586.4620630364043,20273.97192432828,18395.04905642229,1226.3659982150757,21.410906392976376,29.181865957709903,0.7526585878570493,12.325336960553972,103.61779194436393
1979-07-01,1979,3,142970.79071001333,142674.85997735284,93118.62962151914,97121.94789974693,17817.106215959528,30643.891135042133,1095.2330048320391,21348.70512044671,13966.94357855662,2667.971263169183,21052.774387786216,19089.14889947717,1253.1534878159116,21.4336725584717,29.65744212343034,0.20698684758674113,12.462060346366721,103.86699507389159
1979-10-01,1979,4,143473.35929457893,144333.9857220202,93917.15873266476,97817.70068615704,18138.136607757093,31064.59018387222,1214.1001977261176,21534.731828986274,14040.306968524414,2817.062644366788,22395.35825642753,20316.521471140564,1302.0165226841814,21.65181768699688,30.61898759561119,-0.5998510327441502,12.642163462915748,104.23210663575773
1980-01-01,1980,1,144101.5700252859,146527.6421645553,94029.92140010932,97869.662018663,18399.75085226184,32729.217653386044,1368.7522587981036,21923.249479498605,14202.270424526152,3026.637781150628,24349.321618768,22124.21975452353,1370.5012089763145,22.712603094916282,32.111080462306575,-1.6835848067746146,12.768598460817039,104.68849608809036
1980-04-01,1980,2,145003.00256585603,148343.73710736068,95122.7142229949,99000.52564667996,19055.565335988456,32348.70289638089,1816.7546519964644,22524.965660531023,14506.892536005864,3232.853827697773,25865.700202035718,23484.02598183681,1474.2663470565917,22.30898831332067,33.37218195919022,-2.3039071483967604,13.141497071644423,105.34337873080268
1980-07-01,1980,3,145196.45158451816,149066.47065496873,95831.84615974042,99800.63216714328,19481.759450787325,31999.2803372537,1753.5847071872397,23013.37537973214,14713.180065466802,3403.347179656132,26883.3944501827,24359.744534030557,1595.5877889457768,22.038610439888796,34.36500636578585,-2.6653675266973305,13.417517603346585,105.48391770501301
1980-10-01,1980,4,144596.16133073147,148476.5184549355,96258.5080663354,100353.37015363012,19629.745130969102,31530.43807216941,1057.8271854616023,23548.23565836107,14997.432394716943,3534.5972067080825,27428.592782565094,24777.571754996767,1729.6770579270208,21.805861083718927,35.2546208500847,-2.6835823914637484,13.575564489620467,105.04781222833961
1981-01-01,1981,1,143365.6660264577,147041.99633992722,96193.94265064056,100457.51350781578,19506.278950711054,31249.674531594424,92.10020698114585,24100.95765918455,15313.472755065746,3635.817544743637,27777.28797265405,25011.76961773562,1877.4218527184464,21.797181569140403,36.1859621412177,-2.5643031664157596,13.605962634813295,104.15386844392924
1981-04-01,1981,2,143983.9051582646,147201.36671623494,95978.92346098844,100431.42948665004,19900.046295946795,31646.93670911747,-324.5397498177755,25436.81168980937,16420.124855286427,3691.6137875659497,28654.273247779693,25766.59373951794,2015.112486966342,21.979496023761623,37.5674523330459,-2.234598064577945,13.821021366293,104.60301361924076
1981-07-01,1981,3,145222.37774165842,147904.29712052492,95375.93204955962,99998.36828890369,20446.81128093297,32018.007880075307,63.54590995700895,26553.496019351824,17381.971566683784,3676.297057020809,29235.415398218312,26234.088025035497,2128.5362168796555,22.04757171586417,38.41619472504103,-1.8467672961790065,14.079656041238062,105.502752825268
1981-10-01,1981,4,145318.10509109948,147832.27427054578,95704.39018922942,100434.12748621262,20465.333885578384,31516.484779213508,146.06541652446174,26915.76384570754,17744.60264976248,3564.7078883719746,29429.93302515383,26353.242148580703,2199.974865983223,21.687927157772886,38.774037712326646,-1.730114205570025,14.08312740711058,105.57229788467109
1982-01-01,1982,1,145407.8494812005,148155.91274854672,95935.06792577378,100738.1902747244,20346.47365024426,31279.324585533548,595.0465869951533,26732.79335870442,17649.765888996433,3388.2517480867136,29480.856626050667,26345.71637716771,2243.486876212305,21.511441574258058,38.65929534431554,-1.8899002200713637,13.992692776104096,105.63749637786148
1982-04-01,1982,2,146213.55467232945,149162.43292260743,96359.93742522824,101296.446706229,20499.932860258537,31503.795026643274,798.7676104774018,26659.35149295402,17463.240834621538,3351.910910880138,29608.22974323199,26371.272854216084,2329.2664225643275,21.546425772387906,38.48314977519284,-2.016829600296994,14.02054201212721,106.22283396117062
1982-07-01,1982,3,147452.0272557233,150194.45255993254,96238.04300856388,101327.6680515088,20843.92683772545,32064.63777055324,1047.8449430900037,26927.11729656831,17481.24393362945,3426.582705213209,29669.542600777564,26295.415395284414,2444.461590712449,21.74581005586592,38.383100558659216,-1.8598762968874725,14.13607342378292,107.12257316719791
1982-10-01,1982,4,147842.91393260763,150711.63426642955,96572.25253233692,101785.20252278128,21128.568516278287,32022.407084158163,988.4061336561828,27697.284964007555,17972.836338154884,3567.061609224911,30566.00529782948,27060.546091611515,2561.022180034558,21.659751037344396,39.40891633696806,-1.9403840586702703,14.291228408761942,107.40654882642708
1983-01-01,1983,1,148443.20418639437,151229.3749093389,97278.53488723902,102625.79279309104,21486.00262170085,31751.07544096605,713.7619594329531,29071.43428614588,18978.609665847944,3789.709731275444,31857.60500909041,28207.478103357364,2694.269922562604,21.38937623651498,41.045354436522445,-1.8769270969427772,14.474224495128594,107.84265430310056
1983-04-01,1983,2,149611.87557748734,151873.90293243807,97366.75897362625,102930.9598264349,21862.255900544995,31763.776990730024,881.1110675368108,30298.465369351467,19816.55408142107,3958.3654604995418,32560.49272430217,28834.396842869603,2766.750906810381,21.230785903943065,42.01468489785597,-1.5119303505951631,14.612647436013221,108.69168356997969
1983-07-01,1983,3,150772.5696894603,151689.84093313833,97192.97625121992,103036.05632929104,22077.082245317,31212.3356585722,1207.4467780292223,31626.416146091306,20763.3784625272,4065.016301537357,32543.68738976936,28814.430561070327,2774.31552474339,20.701600909806665,42.56086081707636,-0.6083807190971916,14.64263843933164,109.53491741524195
1983-10-01,1983,4,151131.54724986426,150495.12733583353,97120.45025134382,103234.81776414586,21915.771368924816,30143.11730434792,1315.7884112169745,33104.42594077566,21982.120932920167,4073.939786503569,32468.0060267449,28839.093181208587,2694.915136986419,19.94495381861777,43.38765344545194,0.42110328757408566,14.501122874558872,109.79571138800344
1984-01-01,1984,1,151099.63813338394,148521.4786806086,96486.99210973331,102865.93323911494,21427.95496799953,29023.447801641585,1583.083801234167,34156.83091349219,22891.73347735111,3992.71290222212,31578.671460716865,28147.13892815017,2538.0891280293617,19.208151760112752,43.50473845356315,1.7062644786081087,14.181341022857975,109.77252970153577
1984-04-01,1984,2,151749.7863816712,148245.25277776847,96707.93345948293,103295.46551828102,21432.775686405144,28342.874603359844,1761.6690285205786,34889.50040577543,23425.52205457258,3985.2060102387295,31384.96680187272,28022.697129337736,2471.029390368964,18.677373641946147,43.673515981735164,2.309415840025192,14.123760037789324,110.24485656331497
1984-07-01,1984,3,152619.30980576086,149056.62783429236,97308.0273350677,104067.24149383094,21882.68912149583,28219.89692450324,1646.0144532255754,35428.64268503536,23703.48058902658,4046.068914586783,31865.96071356686,28461.720791284668,2484.360899623431,18.490384316649582,44.09311212601361,2.334358591978131,14.338086805231926,110.87655751955951
1984-10-01,1984,4,153285.41261228832,150176.61226307377,98403.74789905858,105150.32511971408,22228.4179157863,28430.50172029605,1113.9447279328238,35392.91332685378,23604.841186643964,4083.373457666983,32284.112977639223,28806.73966020792,2519.251855543972,18.54742811842546,44.150989419763995,2.0281123273470145,14.501326340823855,111.36047522457258
1985-01-01,1985,1,154358.35665394022,151973.55602834566,100181.8877288491,106748.52408161748,22482.42093693017,29143.03009614305,166.2172664233037,35448.62832876595,23768.243971451317,4102.967330350502,33063.82770317138,29475.37294820288,2577.6740807727374,18.880111662162562,44.38532355299498,1.5449766875538302,14.56508181629198,112.13995943204864
1985-04-01,1985,2,155598.82355711408,153153.1165289134,100374.04846576037,106884.13131445502,22813.302375115883,29865.70537850387,100.0603095333005,35453.97842376237,23790.37505051377,4100.254108414001,33008.27139556171,29370.446063680625,2584.5589157411496,19.194043178315784,43.99920786945689,1.5718030331398618,14.66161623435542,113.04114749348014
1985-07-01,1985,3,157002.82468224972,153813.0147800511,100200.28275744346,106822.32934723565,23289.43845525639,30446.444260912736,-123.15069356149488,35901.7734201224,24075.366192143287,4108.024467403543,32711.96351792378,29052.908525760333,2562.718821380037,19.39229075816425,43.702230884641814,2.0316894989974346,14.833770349285585,114.06114169805849
1985-10-01,1985,4,157696.84796569744,153657.2798069853,99824.74200458889,106590.67674641965,23359.65107334058,30330.420168755605,142.46656030024553,35161.52374568817,23220.96114643456,4052.306295075669,31121.955586976022,27531.01733643711,2468.616688191711,19.233371218271365,42.03221572766142,2.5616036153055175,14.81301077014667,114.56534337873077
1986-01-01,1986,1,158719.87418325545,154239.74445529634,100345.64438946388,107360.92337708976,22678.287690603716,30508.50170593292,707.3106692958472,33430.173742907304,21292.569881989057,3982.865140082267,28950.04401494821,25473.65130157832,2336.93298015982,19.221601493149045,39.30208367342347,2.822664616522067,14.288247018404087,115.30856273543897
1986-04-01,1986,2,160177.7817720451,156332.4522151348,101358.58429912488,108556.07609137864,23113.646088771824,31170.616125494947,689.6057017431579,31971.754101650266,19668.654250347478,3943.387863804208,28126.424544739988,24697.46069454255,2266.7436549526046,19.460012356679403,37.519672192687864,2.400663509239195,14.42999511734137,116.36771950159373
1986-07-01,1986,3,161910.84566088443,158832.2400633516,102651.2380613073,110000.70730048552,23430.158882655887,31845.03000498756,905.8131144008404,31389.34463727658,18905.12802484496,3944.2297940869394,28310.73903974375,24860.405730139388,2259.815730437907,19.668250063794773,36.87219557981909,1.90142024455906,14.471024956369746,117.62677484787017
1986-10-01,1986,4,163835.26453261686,161452.64119735867,103247.48105616467,110598.46645729376,25251.99954349221,32032.952661489828,920.2079362119532,31296.51211928764,18818.2677430404,3918.510935019708,28913.888784029445,25429.974122728094,2275.1666212028954,19.551927817782236,36.75057447191426,1.4542799085747833,15.413042860784687,119.02484787018253
1987-01-01,1987,1,166349.70291126886,164933.65792477442,105863.62171905304,113226.81123646908,24918.31695007233,33114.45613510607,1037.263120543017,32077.13573041737,19532.42338380812,3945.1209235512624,30661.09074392296,27067.9808955753,2356.7079427057224,19.90653157509356,37.71466096804812,0.8512458764352163,14.97947787941875,120.85156476383652
1987-04-01,1987,2,169078.49077987767,168610.29495025644,107331.73873547593,114739.6763521028,25571.988068839382,34652.81964283662,1053.7485031045176,32934.017446415935,20290.645892165965,3965.748083938138,32465.82161679468,28753.33619541764,2442.799567692073,20.49510820861947,38.680164911309916,0.27691034351069277,15.124329505715432,122.83400463633724
1987-07-01,1987,3,171732.8306910983,172002.519887935,108466.8604527832,115937.1553774643,26033.453484704973,36254.90515866724,1247.3007917795749,33325.28342007689,20592.450921088534,3965.2748530085073,33594.97261691357,29773.288988194465,2524.420907420349,21.11122550811509,38.96765444771723,-0.1570399764281388,15.159275823929224,124.76235873659806
1987-10-01,1987,4,173849.62164881162,174291.38001896258,109003.14484912549,116519.99586591242,26194.79053343625,37585.47981939776,1507.9648170030875,33478.06965216854,20714.89727063854,3929.9163080973367,33919.828022319474,30011.288915029247,2592.13405064454,21.619535011311704,38.76792887742746,-0.2541037282458506,15.067499304859897,126.3001883512025
1988-01-01,1988,1,175781.12035576318,176466.95138419743,109906.60906979632,117457.58002297684,26062.49213403225,38643.96803222936,1853.882148139517,33504.77319501582,20761.303339547358,3864.9738530538207,34190.60422345009,30217.96309815279,2645.116076063169,21.984140250112116,38.511176445716885,-0.39016193948827993,14.826673126945833,127.7034048101999
1988-04-01,1988,2,178132.2239444314,179421.47032086508,111501.96084541715,119014.8090036754,26191.10329855413,39763.40582711593,1965.000349777816,33612.178622044004,20901.96491075302,3835.366711703348,34901.42499847768,30843.17626100168,2696.249896146566,22.322410256057985,38.46221761756852,-0.723758087046542,14.703180995890156,129.41146044624745
1988-07-01,1988,3,180112.0849060484,182418.8652102622,113037.229432528,120419.08580577974,26474.300054472675,41037.665004122,1869.6707191395212,33821.37185620553,21189.967512677333,3834.4853884824015,36128.1521604193,31978.42716477577,2734.662413849464,22.784515001049716,38.83666332168244,-1.2807471000166646,14.69879162649326,130.84981164879738
1988-10-01,1988,4,182135.3422660788,185759.41908822296,114569.1597437028,121734.82774806576,26925.51295285774,42471.158028769474,1793.5883628929566,34159.289484131026,21651.07932109047,3859.593427721337,37783.3663062752,33540.65588754366,2759.761687775292,23.31846060207469,39.499558347828106,-1.9897713299650632,14.783244491627915,132.31968994494346
1989-01-01,1989,1,184373.94627595597,189425.40149040776,116222.3582983597,123122.08733170488,27563.991783627767,43770.01776323062,1869.0336451896787,34420.902607344404,22061.834760085232,3910.348219223906,39472.35782179624,35150.46953987772,2772.897687228421,23.739806326930385,40.077929621652295,-2.7397879779018397,14.950047086572752,133.94601564763835
1989-04-01,1989,2,186586.9432198576,192604.58870629437,117751.22701369788,124352.70575894156,28185.072403360256,44761.65816283245,1906.631126403783,34214.30488173122,22057.35049354848,3928.779524569089,40231.95036816798,35801.85711865388,2803.3971311441346,23.989705490854877,39.898962899123276,-3.225116067926624,15.10559737834895,135.5537380469429
1989-07-01,1989,3,188611.2376261736,195167.31911516612,118856.2576420204,125160.08809259516,28741.64789353085,45689.659198542606,1879.7543810722689,33758.545298374345,21827.81144365895,3916.665818766563,40314.62678736689,35753.85002083635,2850.5391811564527,24.22425077825917,39.272936765599226,-3.4759760720019575,15.238565981151469,137.02436974789913
1989-10-01,1989,4,190519.64211007243,197333.6030892589,119561.89801308088,125632.89291506416,29245.366516493235,46709.4230918368,1816.9154678480195,33389.659692051944,21684.654287234607,3867.845593108735,40203.620671238416,35529.48452091296,2907.971240600124,24.516854311982435,38.62766040719936,-3.5765136359272165,15.350315690597807,138.41080846131553
1990-01-01,1990,1,192298.21637629188,199059.13622171988,120276.7777547532,126148.41320790348,29482.570312362222,47528.6134737676,1771.174680836886,33204.24262478058,21788.304228143643,3778.705711575457,39965.1624702086,35228.95219821022,2970.613040087158,24.716096888159864,38.04996555548401,-3.515851562657324,15.331692029150343,139.70292668791652
1990-04-01,1990,2,193890.142254299,200623.20276089865,121102.59944430258,126736.15960222806,30033.666512208296,47687.03452985692,1799.9022745308014,32944.681206220645,21762.163120538,3735.190026898402,39677.74171282025,34876.99551727638,2986.9782946850887,24.594873145903627,37.45544877871721,-3.4726162084964476,15.490043053770766,140.85944653723556
1990-07-01,1990,3,195491.74058323924,202076.72556160457,121951.56625350684,127410.63296081305,30686.71000450312,47627.0154831045,1811.433820490143,33093.46401047294,22049.718929442897,3736.181338831814,39678.44898883826,34869.31221979319,2960.6397341530687,24.362674014263632,37.22505758156332,-3.3684210692069985,15.697190026008744,142.02299333526508
1990-10-01,1990,4,196469.51568498847,202720.16391149996,122445.24506183468,127856.85411247412,31037.036965862208,47460.26369040988,1777.6181933931816,33526.81885611323,22547.75585382043,3771.637212742805,39777.46708262464,35094.07215011806,2887.578193596044,24.156553511592005,37.31076838213979,-3.1814850282083738,15.797380503357974,142.73333816285125
1991-01-01,1991,1,197213.0379853764,203143.50132023907,122736.37930274906,128150.63254497969,31280.90058305227,47436.49214778593,1689.7292866518592,33777.94480838541,22790.228763808,3836.1265171594914,39708.40814324812,35203.33426874466,2767.737589316177,24.053425996765696,37.26242123864175,-3.0071355299047022,15.861476960449131,143.27350043465657
1991-04-01,1991,2,198382.24784281003,204513.81413426815,123546.95175491885,128971.55661257876,31839.776670228664,47509.64009973519,1617.445609385473,33805.648889812655,22649.62860472758,3935.688395263802,39937.21518127076,35360.2687393162,2781.2194097932256,23.948534012670265,37.172108327714,-3.090783756173842,16.049710604880936,144.12292089249488
1991-07-01,1991,3,199767.9610555629,206197.662141838,124663.5857918462,130138.29060666024,32591.877031869783,47413.12336327427,1529.0759548477313,34107.02613759922,22648.75418724285,4062.55396614851,40536.7272238743,35698.83046244259,2916.883592037862,23.734097856706324,37.365227620615464,-3.2185847281520505,16.31486693845004,145.1296290930165
1991-10-01,1991,4,200433.6649981344,206961.6595853314,125524.14028271954,131123.7493159395,32938.02001767369,46984.0967130509,1515.4025718872542,34626.92048991202,22873.36030147188,4202.534546088489,41154.91507710904,36043.90248610505,3159.595981872297,23.441220173012464,37.808935723310974,-3.256935199612191,16.43337710657552,145.61325702694873
1992-01-01,1992,1,200834.86230828144,207374.07220161124,126381.5636975186,132094.94371624838,33170.089779850685,46151.404453252544,1671.014270989416,35071.28016036576,23082.823360627484,4350.430992197595,41610.4900536956,36186.45805756383,3499.386207320858,22.97977747628803,38.18150361581888,-3.2560133326315404,16.5161015366618,145.90472326861777
1992-04-01,1992,2,200939.9430174908,207139.45185608423,126756.99934742638,132519.023511918,33850.31366268626,44803.76178719645,1728.3770587751778,35368.31833155197,23156.85829820147,4455.195509426952,41567.82717014542,35785.82137431695,3787.765436396584,22.297090918999867,38.28812945119652,-3.0852546016964957,16.84598549912984,145.98106345986668
1992-07-01,1992,3,200322.14263603548,205746.9330035117,126482.73522369878,132256.00332091324,34622.6021279758,42910.66115328397,1730.9344985531166,35476.312740754685,23077.060777572937,4523.313797606127,40901.10310823087,34765.59079097092,4032.842248898809,21.420827767027323,38.1272957866447,-2.7080333187791745,17.283462363360137,145.5322370327441
1992-10-01,1992,4,199169.74489434744,203328.23280026333,125723.3010029709,131490.24469039205,35136.04728373893,40975.03781521364,1493.846698339862,35333.99632070971,22833.322866216487,4556.223773661416,39492.4842266256,33076.66615294473,4238.312080270232,20.572922778481974,37.56920037580414,-2.0879114486599475,17.641257361843472,144.69503042596347
1993-01-01,1993,1,198189.35723368629,200325.59197520532,124822.35148244044,130655.99118790663,35159.17293008303,39927.34037688148,416.7271858004071,36141.940910930665,23561.787802750965,4552.138965492841,38278.17565244968,31643.192312695464,4440.608902533595,20.146056748043694,37.55000652009337,-1.0778756091328197,17.740192218609714,143.98278759779768
1993-04-01,1993,2,197584.5598171968,198811.96475842773,124844.21928350422,130838.6619625262,34766.86072081625,39204.89618027384,-4.0114261665822,37321.603461004575,24602.795339059583,4574.188751495975,38549.00840223552,31952.825665156717,4446.0060456517685,19.84208493646761,38.39905908307553,-0.6212048868426406,17.595940063829985,143.54340770791075
1993-07-01,1993,3,197558.2746824961,198466.91704100836,125059.14181359102,131327.49824192433,34602.05188537537,38981.08422058715,-175.36087854519104,38930.99403892987,25996.57160315373,4650.618068532918,39839.636397442126,33331.90707003025,4492.281388501954,19.73143584253063,39.87209878349437,-0.4599363706595281,17.51485830749723,143.52431179368295
1993-10-01,1993,4,198612.85103897404,198784.13593440453,125259.023160742,131871.7152014419,34513.51624407441,39115.360200275776,-103.7636706876496,41362.62212207028,28063.806469995245,4800.467399808372,41533.90701750081,35177.13807285645,4471.112733077569,19.694274562626426,41.73774693124173,-0.08624059044241733,17.377282518995603,144.29045204288607
1994-01-01,1994,1,200188.124346818,199544.216479676,125706.7534151962,132628.67747043353,34262.44846539889,39366.46826556348,208.54633351745173,43558.53969204158,29766.85033590085,5023.773613632814,42914.63182489958,36682.769229721074,4385.870907907936,19.664737053713853,43.195954704650624,0.32165138129095733,17.115125373791184,145.43487394957978
1994-04-01,1994,2,201732.6253004562,200917.84523850447,126592.11578239375,133789.61618341264,34199.97329210959,39688.85386001743,436.9023039837238,44581.02844463057,30377.70658781009,5185.902143352952,43766.24838267887,37629.55582549252,4316.773244737688,19.673988677292883,43.794243343498316,0.4038910715300435,16.95311962612537,146.5569400173862
1994-07-01,1994,3,203163.11099227052,202893.3541824558,127766.58692557349,135146.64266198417,34240.91108667598,40294.47055105284,591.3856191534896,45339.31510965908,30848.7238724828,5315.497860011397,45069.55829984436,38986.92511513897,4287.595543951157,19.833556571490906,44.500634474406674,0.1327784401888722,16.85390173414833,147.5961750217328
1994-10-01,1994,4,204689.8824430644,205010.91755971056,128740.54222531363,136250.91182916157,34285.93308258885,41304.34564015721,680.0966116508712,46933.122817311865,32208.61303248829,5421.120191843172,47254.15793395806,41203.49948797752,4257.638456848042,20.17898742584223,46.01462447830983,-0.15683975818174067,16.750184558890286,148.70536076499562
1995-01-01,1995,1,219647.0533388352,224240.5783302364,140291.89440843544,141748.52535965608,37681.00785709521,48818.29125729958,-3159.0557835601394,48199.77714661529,36854.979240220426,11344.797906394862,52793.30213801652,43696.913832675935,9096.38830534058,22.225789290234996,45.97971051714333,-2.091321017776232,17.15525306818807,159.5716110531503
1995-04-01,1995,2,233688.2976375897,235496.19907567385,137596.93317569417,142750.05357182978,42517.7530000874,52180.60536483645,2603.618589879486,52587.483404671344,35955.59190442502,16631.891500246325,54395.38484275549,44908.91310611221,9486.47173664327,22.32914779744751,45.780156442980655,-0.773637985453551,18.194215726636475,169.77244889679173
1995-07-01,1995,3,225967.7435749343,225732.29552571964,138946.54706048602,146422.5257171744,37484.53686087063,49015.45414292295,-362.2277680225861,49802.29335012757,30298.34041860032,19503.95293152725,49566.845300912886,39601.55692731374,9965.288373599147,21.691349998664162,43.974921853431766,0.10419542430692326,16.588445885171303,164.16353572780707
1995-10-01,1995,4,242691.12287519145,246638.25529633652,145680.92207831398,148253.5003447588,44324.90865091948,51887.9317272141,4139.530333130574,51039.00073412359,37590.9817314282,13448.019002695395,54986.1331552687,44864.41619793026,10121.716957338438,21.380234724901108,43.687273202785306,-1.6264016476511152,18.263918402039952,176.31292055510224
1996-01-01,1996,1,224871.9164012361,228235.46832388997,142140.2046019503,144053.3462735638,38161.73244962358,50167.474138864745,-2842.4930120924023,50046.930659555765,37568.73630141005,12478.194358145718,53410.482582209566,44173.3524177424,9237.130164467171,22.309355006052225,46.00726266643612,-1.4957634445789392,16.970430572367288,163.36742713046982
1996-04-01,1996,2,238652.0709285901,238350.07036834888,139727.52843931023,144956.39711374362,43304.17007715659,51305.24902252241,3412.993510931515,55794.603504570165,38528.30224308509,17266.301261485074,55492.60294432892,45737.59766833124,9755.005275997675,21.497927431718814,46.63156955474258,0.12654428644434734,18.145315022266928,173.37858560068662
1996-07-01,1996,3,233029.09709204317,229881.49755269708,141801.10575776568,149846.69619557628,38273.801303651366,49890.03486871028,-733.5342946194908,55193.60425282423,34159.799439647875,21033.80481317635,52046.00471347816,41479.61785050692,10566.386862971236,21.409358527018806,46.01983627990639,1.3507324100830258,16.42447307279132,169.29354562237492
1996-10-01,1996,4,249481.5020211992,250996.52522744524,148518.35856819784,151498.48026159947,45204.91295493643,53895.654439688886,2772.74209102575,57242.53080025529,42422.56995639328,14819.960843862007,58757.55400650136,48002.61740550743,10754.936600993924,21.603066360851557,46.49646721980204,-0.6072687529824695,18.11954497175315,181.24607000336118
1997-01-01,1997,1,230670.42709453416,233531.53491124755,146857.57779527243,149055.9538212183,38309.684545165575,51017.09325328174,-3277.682085195809,54158.44194151966,40890.55149035442,13267.890451165242,57019.54975823304,47190.290541450006,9829.259216783044,22.116876400620587,48.19776557408001,-1.24034443979281,16.607973994631468,167.5799930582773
1997-04-01,1997,2,246543.73082054465,245177.4240232914,141753.85777145738,147636.72507415363,43973.15749002202,54606.91730764865,4236.873913474124,65303.03967618725,46055.68873562795,19247.350940559296,63936.732878934,53008.16827517804,10928.564603755956,22.148978246539222,52.42062822890957,0.5541843601968358,17.83584492035995,179.11180561752926
1997-07-01,1997,3,241567.34614371933,235766.9009072265,144214.54403782354,153708.94702407235,38990.93128653927,52859.90801555112,-954.3833198031456,66476.03019967489,42046.09860710432,24429.931592570563,60675.58496318206,48591.79934431992,12083.78561886214,21.882058506410203,52.63609390617253,2.401171072617523,16.14081203812282,175.49650685512685
1997-10-01,1997,4,261190.6624871565,263433.5817660973,157391.5757900225,160953.309157081,44806.00714694628,58458.0712818166,2179.316897386123,66099.71035977566,49080.4613190727,17019.249040702958,68342.6296387164,56312.4262334888,12030.2034052276,22.38137869292749,51.47287376902418,-0.8587287376902418,17.15452103849597,189.75266989273155
1998-01-01,1998,1,242081.68617641312,245228.3060096225,151832.76574175537,154509.43585961527,39930.86573465274,56089.334405897294,-3246.925306050751,62544.17733411604,47169.577358039336,15374.599976076695,65690.7971673254,54924.67641568344,10766.120751641964,23.169590104814084,52.97177846323834,-1.2998173810291134,16.494789988183477,175.8701702683094
1998-04-01,1998,2,257259.65944073012,255235.90330468857,147574.282596035,154331.1650266334,44915.98995487022,58330.49702192878,3804.882108634039,70912.3414826051,49386.26690569051,21526.0745769146,68888.58534656353,57255.20425209742,11633.381094466102,22.67378303646068,54.342343114769335,0.7866589501211024,17.4593988239413,186.8968314936366
1998-07-01,1998,3,252178.29349811983,249005.85556735625,149274.76600514777,159541.25610178793,39798.8350322906,58559.68954762833,708.4803075699419,68224.98878275351,41957.57267963818,26267.416103115334,65052.55085198994,52360.9493109002,12691.601541089742,23.221542479057554,52.85052007687455,1.2580138784971309,15.782022504878013,183.20526478473974
1998-10-01,1998,4,270610.00430524326,276994.26965374494,161686.8795361141,165918.22671786151,46902.73028939066,64979.97565580827,2830.5877669224765,65670.36291603326,47262.45838813948,18407.9045278938,72054.62826453493,59683.97864645076,12370.649618084171,24.012407014528563,50.89427182640921,-2.3592126111126053,17.332223326261513,196.59573710499112
1999-01-01,1999,1,252592.7649890116,257950.673794452,156971.6656051714,160111.45754570892,41633.17491456328,61364.91135869518,-2637.712132798802,63299.71176065977,46684.45640884896,16615.25535181081,68657.62056610016,57104.405561598,11553.215004502164,24.294009910127357,52.2411369670467,-2.1211647949114747,16.482330725654165,183.50637459947137
1999-04-01,1999,2,268729.8852725468,272363.4555409485,154427.6335849149,162234.8751838362,47135.929570688095,65809.78921674051,4387.199657403495,72432.75606151609,48994.88206355927,23437.873997956827,76066.32632991776,63374.84854798937,12691.47778192839,24.489196335567957,55.259608450628996,-1.3521273470259896,17.540263347666997,195.22984751777113
1999-07-01,1999,3,263964.8265203539,265512.6410121303,157516.82660112003,168766.0888840424,41110.314963451,64720.36946841942,1484.4536646276729,72973.56978187985,44533.60993883018,28439.95984304968,74521.38427365627,60114.94248937942,14406.441784276853,24.518558143362686,55.87674539818396,-0.5863714920582668,15.574163991989684,191.76807514116948
1999-10-01,1999,4,281906.7383699022,291750.3962052996,167608.46790424632,172133.53261523423,48572.10496561016,72106.34697171717,2836.819697198386,72970.8846391362,52869.94006380621,20100.94457532999,82814.5424745336,68358.8335920014,14455.7088825322,25.578085642317376,55.26133501259446,-3.4918136020151134,17.229848866498738,204.80271291884745
2000-01-01,2000,1,267742.44784728915,279216.1283772719,169329.1488543188,172845.83890740282,43163.97221250654,69234.1819221879,-3190.812431713007,71773.23911115888,53334.14225700523,18439.09685415365,83246.91964114163,69748.26693985876,13498.65270128288,25.858500390523297,57.89898463941682,-4.285342358760736,16.12145274668055,194.51248309895752
2000-04-01,2000,2,283389.0874767181,289649.5802484181,163080.7907247305,171465.81425636532,48100.35080068765,72923.08284100778,4845.878924175774,83876.33520283418,57407.57032148341,26468.76488135076,90136.82797453416,75496.53164849647,14640.296326037687,25.732495026647346,61.404327430802866,-2.2091509688827777,16.973254414617976,205.87962622827808
2000-07-01,2000,3,276775.267732258,280739.5013632009,163920.01558668813,176014.76002134007,44120.38756828457,70807.55263564299,1123.4317627232856,82078.44711096451,50556.171077218736,31522.27603374577,86042.68074190745,69875.71388671747,16166.966855189978,25.583049098209003,60.74282909392974,-1.4322933054761917,15.940870703434735,201.07474559912356
2000-10-01,2000,4,294788.07602103776,306098.08875444054,173271.79235322127,178057.78562950602,51322.28639599514,78594.74253602633,2236.317430707649,83250.59789138168,60002.14325377238,23248.454637609306,94560.61062478446,77878.98397091469,16681.626653869767,26.66143881966832,60.318317795010316,-3.8366588248961713,17.409892248264644,214.1608890030056
2001-01-01,2001,1,279388.55138412234,289399.5003608711,174584.90834120073,177876.01830656608,44200.899111589446,73290.55185492316,-3348.17153539207,79182.99810091892,58848.93979374584,20334.05830717309,89193.94707766765,74310.94698951884,14883.00008814881,26.232482144251623,60.2662293585146,-3.583163636145202,15.82058351804797,202.97327269579063
2001-04-01,2001,2,294045.36765043484,299992.6783095705,169158.50746198624,177564.70622557122,49675.87018060653,76015.6261558428,4504.629698124017,85468.01850316368,57673.92017346652,27794.098329697157,91415.3291622993,75697.43670601227,15717.89245628702,25.85166593959447,60.15512132663295,-2.0225826737749744,16.893947548822428,213.6213180438772
2001-07-01,2001,3,287367.1275837885,289297.17911842134,170406.00458503808,182638.01950582807,44518.18435857456,72894.1195184017,772.0206138531379,82477.5355799769,49613.18620194733,32864.349378029576,84407.58711460975,67775.72311097277,16631.864003636972,25.366199722042925,58.0738388895673,-0.6716326779826602,15.491745605312584,208.76963662937382
2001-10-01,2001,4,305893.59420873097,314367.7523997733,177845.49535615594,182183.71179472952,53750.797685662365,79974.14845499302,2141.1515553536,78217.81215613153,54885.50933942119,23332.302816710348,86691.97034717385,70218.91725195342,16473.053095220435,26.14443387147934,53.91083227155675,-2.770296060943285,17.571730400141927,222.2289482000326
2002-01-01,2002,1,286629.5319371686,294892.38860705745,177404.69375965555,180484.72034815815,45515.052597113776,74647.91141799801,-3400.9298822785813,74459.23963221016,54163.31573540682,20295.923896803328,82722.09630209893,67867.01518519505,14855.081116903884,26.043342747516125,54.83780225715347,-2.8827652942963513,15.879400942918547,208.23378001828897
2002-04-01,2002,2,303227.13822744304,306911.4943250193,172038.82802570757,179156.80597408098,51119.442707984046,79326.24695392782,3708.311598860913,83398.68217231512,56704.26857414108,26694.41359817405,87083.03826989142,71663.68060968378,15419.357660207628,26.160668671557758,56.222448108959334,-1.2150482701230894,16.858465573632344,220.29179188371248
2002-07-01,2002,3,294745.4699878458,295283.3764964882,172521.8713867942,183544.94058628732,46296.89063787124,75319.75673850325,366.0975640909597,81066.52508008896,49320.4069237628,31746.11815632616,81604.43158873139,64980.71193507477,16623.719653656604,25.55416941322598,55.19031613124648,-0.18249865168906743,15.707413803435333,214.1299361026426
2002-10-01,2002,4,314240.6273834415,325367.5365780316,182069.21476592252,185968.6180165939,55422.48427019482,84497.09324800869,2682.422284857092,79573.78013403204,56144.1270795723,23429.653054459734,90700.68932862212,73879.7651600404,16820.92416858173,26.889296254142202,54.186013718360634,-3.5408881681657407,17.63695698155777,228.2929928159553
2003-01-01,2003,1,297222.75518176134,306581.1601558253,179967.17110303263,183050.83714654905,48466.94898078108,79445.26191971108,-1992.4747782438264,75376.25483351626,55160.418938943934,20215.835894572323,84734.65980758023,69822.23138916159,14912.42841841864,26.729199071964636,53.86899618206671,-3.1486165883702304,16.30660780031528,215.9296615413509
2003-04-01,2003,2,310963.03046204743,314507.9170537612,175008.2770403729,182861.28131877372,53683.65219824839,83428.20860636774,1699.6451492479578,82145.4286334908,55348.04771861203,26797.38091487876,85690.31522520453,70732.21183777435,14958.10338743018,26.82897979300148,53.97289305076393,-1.1399704287826518,17.263676688023658,225.91184809682775
2003-07-01,2003,3,303092.50316255627,305737.98355149914,175224.53438650747,186420.03472712703,48071.89364103533,80782.73448753293,900.3266591740311,80196.90549697448,48876.63767543404,31320.26782154044,82842.38588591735,66542.46505124778,16299.920834669572,26.65283160903755,53.79192480239264,-0.8728293710135201,15.860469374675738,220.19398071856529
2003-10-01,2003,4,322802.0541171741,334444.7686114588,185335.892897458,189048.48154285955,55885.02957256618,91021.54038209764,1466.1759337022045,78434.3287355007,55801.378456016784,22632.950279483925,90077.04322978533,73619.0662810389,16457.976948746425,28.197323784395024,52.20269506219375,-3.606765925367508,17.31247644176404,234.51279242650477
2004-01-01,2004,1,304970.5771056596,317495.1313412464,187030.65076395616,189709.6758010917,51095.93313429022,82795.485667499,-4245.155251474447,75471.91973683695,55309.67603189541,20162.24370494153,87996.47397242382,72885.63593493444,15110.838037489382,27.14867986717742,53.60136550242544,-4.106807402357255,16.754381232189363,221.55838456656784
2004-04-01,2004,2,321050.7757288503,330992.0153745184,181922.1739824533,188735.81601630995,56222.888386914325,88111.9740982751,3937.197749398956,83767.02153505472,57945.50473805849,25821.51679699623,93708.26118072284,78254.94468589617,15453.316494826671,27.444871889265197,55.27950596377559,-3.096469592107195,17.5121484317479,233.24050440998266
2004-07-01,2004,3,313541.8884390927,321514.27648771164,182482.08177316896,193534.7444945409,51124.52018479442,86444.20908590284,646.1281817181357,82951.5438455555,51145.36302936597,31806.18081618952,90923.93189417444,73880.44013309327,17043.491761081146,27.570226586389623,55.45526200831894,-2.5426867485897744,16.305483276670905,227.78536525000152
2004-10-01,2004,4,332953.53800963215,349568.9788253076,190728.2235743377,194240.64403646975,58970.15549961627,96646.99127074242,2571.59355263242,80927.15932705576,57543.599348467935,23383.559978587826,97542.60014273126,80458.9338418629,17083.666300868354,29.027170532107842,53.60200120913687,-4.990318143186339,17.711226572973164,241.88775427860273
2005-01-01,2005,1,314613.8562342034,331993.9711871587,191818.13463682868,193796.01003743676,53049.13710154764,89887.42423009423,-3290.257269173605,74810.0600148946,53853.4540155431,20956.6059993515,92190.17496784992,76573.26008258572,15616.914885264194,28.570713733339403,53.081017149615604,-5.52426875312742,16.861665832688896,228.5641402231355
2005-04-01,2005,2,333213.60523623606,347652.9369999414,188732.4760671229,194757.48021845223,59108.49159651579,96472.2984879636,2920.441598505189,86308.82180955757,58826.64490490448,27482.176904653097,100748.15357326293,84368.47021404249,16379.683359220422,28.952088681843684,56.137256235442145,-4.333356002516285,17.738919020011224,242.07669078241864
2005-07-01,2005,3,324750.6836512433,336608.2582322617,188643.3620964523,199583.4203440048,52166.74379589808,94202.16058981052,1119.341299173887,85590.96205294339,52232.58740173184,33358.37465121155,97448.53663396188,78897.81638166832,18550.72025229357,29.0075326495621,56.363083405692,-3.6512854869776326,16.063628630239023,235.92845427750845
2005-10-01,2005,4,345127.2746615151,364888.8940690975,197435.31931326087,200484.9519378878,62815.421417602935,101913.81486023367,2226.582348463247,81985.34198951069,57701.8535178262,24283.488471684494,101746.96139709318,83924.48769979071,17822.473697302477,29.529342460744672,53.23610067236791,-5.725893274289543,18.200654086006214,250.7318645935317
2006-01-01,2006,1,329422.69082694495,352543.6099708292,200755.09342421236,202629.12802451404,54643.92119730087,97529.8979679484,-1039.902766416487,80774.06760283388,58171.02832270288,22603.039280131,103894.9867467181,86889.19303403203,17005.793712686085,29.60630845529205,56.05838926455854,-7.018617656799572,16.587783027371017,239.32262551971735
2006-04-01,2006,2,345732.9620293725,363422.2698098286,195680.2395435862,202333.9410721901,61199.92326962935,104196.93876333348,1671.2380804947404,89089.21826169036,59638.74233102085,29450.475930669512,106778.52604214648,89112.316674185,17666.209367961477,30.13798225998515,56.65289857065942,-5.116465516225,17.70150086656475,251.17189102509258
2006-07-01,2006,3,336832.39127143146,350809.1238884996,194364.4528160968,205272.61987332723,54454.33880728445,100014.64285097682,1312.549742820935,88680.85819931696,53862.5930550294,34818.265144287565,102657.59081638508,83195.88307110606,19461.707745279036,29.692703386825254,56.80524022451118,-4.149462159595326,16.166598052443007,244.70570632765325
2006-10-01,2006,4,358997.75397923606,382575.6910939071,202699.17398776612,205481.99794802567,66350.22410908068,110121.47355076304,2999.57996296962,86756.25350707464,60382.02932638575,26374.22418068889,110334.1906217456,90874.6175585666,19459.573063179032,30.67469707822526,54.90018863466752,-6.567711595219248,18.482072206200566,260.80864321251806
2007-01-01,2007,1,340968.9258219761,363436.6995785804,207157.33783200168,208710.36689547557,56983.811479542666,101823.70621895292,-2667.6495803725943,86992.21223723996,63817.67076312665,23174.541474113317,109459.9859938442,92251.78628539488,17208.19970844931,29.86304572285754,57.615865656231136,-6.589390426837584,16.712318092380826,247.71086151809953
2007-04-01,2007,2,357954.4174384305,375973.1803820342,200724.17226896196,206788.06566524995,64568.87135516021,107694.69431891004,2985.4424390020317,94036.85190160632,64726.06885085141,29310.783050754915,112055.61484521008,94213.69908425891,17841.915760951146,30.086147585379063,57.57505891997131,-5.033814940055335,18.038294321725,260.0506685884281
2007-07-01,2007,3,348623.3553211176,363780.1387805383,200904.0582127353,211558.87959587557,58189.460059412566,101607.52381581585,2992.4179203712943,96502.81089282953,60005.71371696412,36497.0971758654,111659.59435225023,91779.48456753755,19880.10978471268,29.145357666076322,59.70982783220046,-4.347609885591218,16.691211065252396,253.2717357857208
2007-10-01,2007,4,371882.84096129256,398204.1258861637,210624.85282873904,213144.32616977303,70022.9078640128,112879.94200909972,4452.931995731525,90564.60670279882,63439.01337251247,27125.59333028635,116885.89162767,97612.37534734153,19273.51628032848,30.353630115687114,55.78383175578174,-7.077843348951622,18.82929249518698,270.1695431519082
2008-01-01,2008,1,348459.06645712926,373322.486013301,215862.8146673535,217457.9048502911,61289.62059305216,101339.49273714302,-5757.380025639611,87983.04597342409,63930.79921166726,24052.246761756825,112846.46552959588,95842.98588218726,17003.4796474086,29.082179943683794,57.63360200235395,-7.135248282951687,17.588757616841228,253.15238140192093
2008-04-01,2008,2,364537.90168725786,382426.5084143118,203832.44277899203,209880.31944207684,69653.22848851101,103703.93445752152,4468.0075537527255,96147.59519852076,65519.30140824094,30628.29379027981,114036.20192557469,96749.45009731394,17286.751828260756,28.448052720315093,57.65759778373197,-4.907200772335822,19.107266532813778,264.83351075252415
2008-07-01,2008,3,351781.3145013084,361725.1480526053,201044.0834906373,211762.82875696733,61760.203650648094,95380.45050857653,2606.8758198679907,98441.09174546892,62080.04976121544,36361.04198425348,108384.92529676588,89543.90908444315,18841.01621232272,27.113563619429186,58.79391784507801,-2.826708850466809,17.55641960068302,255.5659647606289
2008-10-01,2008,4,365541.6998292613,380560.0600323334,202405.8428553725,204428.71883599288,74920.15534761468,98050.36266341964,4320.385029634191,83020.55941583111,57327.11012835386,25693.449287477262,98038.91961890324,79801.2495585522,18237.67006035104,26.823304347826095,49.53182608695653,-4.108521739130436,20.495652173913044,265.56276108507717
2009-01-01,2009,1,332229.9171418992,338530.34696539154,203241.16217742,204518.18961159704,63838.53726227533,82295.75488126972,-11624.158262654357,72107.77119031794,50651.14340682943,21456.62778348852,78408.20101381029,63558.7463269481,14849.454686862196,24.770723717250384,45.30476168401208,-1.8964065240402066,19.21516816169483,241.36205021883688
2009-04-01,2009,2,347970.29004435067,346131.70545495185,191091.75395999145,196858.51338592288,73813.5013396069,77443.52732380458,3108.9025628088248,80459.41763780806,52753.2347573663,27706.18288044176,78620.83304840923,63583.42811141344,15037.4049369958,22.25578721503321,45.71661869924058,0.5283740141046215,21.212587238467677,252.79728972895623
2009-07-01,2009,3,339364.5530360983,338484.74832691986,191800.02189502853,201425.96781344403,65352.10142130514,77360.52734864634,3324.5717771610293,84313.3203158707,51931.83548867463,32381.48482719607,83433.51560669225,66538.15083751325,16895.364769179003,22.795700569357187,49.42968687266512,0.2592506204043263,19.25719726372059,246.54529910202916
2009-10-01,2009,4,356858.5902647323,365161.2496345926,198345.84669935625,200207.3379128356,79401.92047839219,81724.3158949347,5101.864807313843,79574.28077593658,55920.06423812287,23654.216537813703,87876.94014579692,71366.10038398945,16510.83976180746,22.90103646778077,46.923690641021516,-2.326596471644717,22.250247757659018,259.2545599910909
2010-01-01,2010,1,332288.2021953059,339506.0741834785,204792.17416272903,205925.95209568864,65507.169459888464,73300.928652104,-4731.787495719181,79309.18041928452,57552.72745404487,21756.452965239645,86527.05240745707,71652.96571553459,14874.086691922475,22.05944362990673,49.907349021458664,-2.1721722108960626,19.713961864160897,241.40439378653355
2010-04-01,2010,2,348748.7874828347,351870.95963150763,196953.3231110191,202457.43708600776,74692.15981699161,76229.75659293422,3353.2560571960976,90065.58819280771,61385.789699833294,28679.798492974423,93187.76034148064,77874.00748050293,15313.75286097771,21.858070717073453,52.54594570979204,-0.8952496068037497,21.41718121978214,253.3628611243895
2010-07-01,2010,3,339845.14909050404,337825.1940572298,196809.83131498384,207181.17533986177,64974.789175307495,73293.84854089847,2040.6459939223637,94243.44619713566,59908.09018659532,34335.35601054035,92223.49116386144,75599.59746812508,16623.893695736366,21.56683675993257,54.8682062580623,0.5943751260478602,19.118939713923673,246.89444781812418
2010-10-01,2010,4,356836.7759757379,362758.2722350702,202775.07829160555,204733.25847337788,76929.95751060091,78528.98993382395,3875.750016288213,92254.018233155,66716.45517560173,25537.56305755328,98175.51449248727,81786.70122780294,16388.813264684344,22.006977761497122,53.36600528488968,-1.6594411389186203,21.55886463782857,259.2387121061049
2011-01-01,2011,1,333278.7072549535,339272.00130673696,207269.4753722818,208998.3348590792,65627.4035158912,68157.84844723482,-2474.0133160475693,94971.8434698406,71305.19353670125,23666.649933139342,100965.13752162404,86072.32123031022,14892.816291313828,20.45070595977049,58.7907288183207,-1.7982829149654167,19.691448054521878,242.12398681417343
2011-04-01,2011,2,347409.594647544,342780.1563350303,196570.34040583152,203654.68777143216,73325.02513292525,70093.67972816435,2090.79592738357,102917.1458891278,70923.40092750225,31993.74496162553,98287.70757661403,83461.83305755797,14825.874519056068,20.176092084985793,57.91574457518058,1.3325591416697782,21.106217635501796,252.38994956017874
2011-07-01,2011,3,338310.650199061,331325.32485302904,197399.6873287529,209533.80227859545,64487.71370177338,67248.35788813718,1409.5249583408986,106081.67902401168,67581.91950350883,38499.759520502834,99096.3536779797,81880.94019047171,17215.41348750799,19.87769461250139,60.647819565025586,2.0647666107826748,19.061685957515376,245.7796481586491
2011-10-01,2011,4,349903.9222547362,351850.2562856059,200077.01622179925,202779.6910654512,76952.89476965369,70282.30041745942,3747.266961137046,98422.5151770124,70154.75559236966,28267.759584642736,100368.84920788209,83754.8602916904,16613.988916191684,20.08617107363909,56.813128330745286,-0.5562481318665281,21.992578498057146,254.20205615903208
2012-01-01,2012,1,326376.18902958435,328170.14409140893,206322.861808944,208149.01276204328,63454.23819542153,61743.99245091106,-4217.6617569817645,96894.17870894472,72537.34304183142,24356.83566711332,98688.13377076936,84686.78457324088,14001.349197528472,18.918044430414707,59.92542319378131,-0.5496586828710198,19.442055005326914,237.10936933215896
2012-04-01,2012,2,336433.9396490199,328485.4863398732,195167.49320578837,202292.1536643481,70036.41973233604,63551.92028150796,-1156.6255657622546,104835.92917454791,72074.22309957759,32761.706074970323,96887.47586540112,82008.19570959739,14879.280155803735,18.889865971253563,59.95929104251319,2.3625598884104573,20.817287282430712,244.41623480345817
2012-07-01,2012,3,328758.7184056809,314418.2996413035,193201.00437462892,206311.61693562943,61322.37444779708,59692.10614037935,-716.9563475569282,110760.0670982541,71137.57143651338,39622.49566174072,96419.6483338767,79967.11492399374,16452.53340988295,18.156813127225004,63.018774509418684,4.361988887753738,18.652699081314292,238.8402555204599
2012-10-01,2012,4,338113.2990533157,331396.23155274475,197509.16977960023,200191.38991318693,68237.93244435995,63788.46707962663,1026.3075129468284,103738.9586590369,75408.00849802713,28330.95016100977,97021.89115846597,80420.53534118514,16601.355817280804,18.86600357283435,59.37679777152029,1.9866321494534729,20.181972325672934,245.63627432416757
2013-01-01,2013,1,316698.82507448696,309167.1622480291,197148.5201490108,198929.61349413852,60135.839824744246,56082.09690662189,-4965.356286166249,99216.47509428982,75648.5883145668,23567.886779723016,91684.81226783192,78600.47922061369,13084.33304721824,17.708337532806283,60.27849560768724,2.3781783291069907,18.988336887767236,230.07885135530094
2013-04-01,2013,2,332058.47046433465,315086.2788323865,189647.2336234653,196771.42635772843,67370.24963887187,58084.08353729026,-691.7805176510925,112175.45963016334,79721.65317225555,32453.80645790779,95203.26799821516,81331.98572163121,13871.282276583968,17.49212524410784,62.452473306399924,5.111205748859556,20.28867071051208,241.23749574777608
2013-07-01,2013,3,325633.139810716,307277.9120581984,190889.72630358103,203782.4877950571,59709.295393060274,56338.45337078397,-303.0405031503178,113311.35749709969,73409.30520356656,39902.052293533125,94956.12974458213,79423.6920405584,15532.437704023736,17.30120386504039,63.957706320291464,5.636781245049901,18.336369396483445,236.56955074982767
2013-10-01,2013,4,336312.2568182237,328742.61753028125,195627.8653477617,198304.96391985827,71533.8543395324,60145.05732617147,871.1698441264368,104703.1692368486,75835.01698600774,28868.152250840863,97133.5299489062,81395.2426188848,15738.287330021396,17.883694723228537,60.01467240453483,2.2507771080236822,21.270070563677475,244.32783332002143
2014-01-01,2014,1,319218.37545332895,314790.31168163934,199146.47636865816,201071.4434328964,60836.63351722784,58158.30724977609,-3890.8636607393632,101836.51341367765,76661.0139283611,25175.49948531653,97408.44964198806,83344.03911815834,14064.41052382973,18.21897225282981,62.41650806370831,1.3871581688871129,19.057998597615946,231.90928207116932
2014-04-01,2014,2,335058.27604931674,322937.1233962458,194392.9058872069,201738.36269244863,67289.95023654787,61325.75590319901,-587.2280379581495,111880.98364063085,78251.96580599705,33629.01783463376,99759.8309875599,84306.79751042207,15453.033477137826,18.303011830148783,63.16537443087651,3.6176252071704855,20.083058693540092,243.4168275565366
2014-07-01,2014,3,331611.61838821706,315295.3890878302,196289.96642531303,209314.2455078709,60268.80736584762,58053.917058250925,118.95499608808848,118078.3494864828,75656.6705011122,42421.6789853706,101762.12018609596,84046.87669258617,17715.243493509788,17.506599238114546,66.29456191586507,4.920282763218948,18.17451621833438,240.91286172876863
2014-10-01,2014,4,344743.4795145215,337092.4280278843,199665.4190942132,202403.5828051923,70770.31412589739,62353.13769033169,3737.5679704798736,110329.64114769203,79345.55960250656,30984.081545185472,102678.58966105488,85465.6359416177,17212.95371943715,18.086821476113,61.78745747670463,2.2193462505546444,20.528398165951785,250.45304086706142
2015-01-01,2015,1,330398.5394111745,324830.3038158558,203050.15053969948,204868.01194315855,62267.1671616516,59574.133519806805,-675.1692668768867,106604.13162275191,79690.35595990665,26913.77566284525,101035.89602743328,85355.40828028687,15680.487747146411,18.03099179130086,62.84532250664137,1.6853087804934497,18.846078215909223,240.03157074963232
2015-04-01,2015,2,349101.22458939906,336295.43062107754,199026.9303004668,206278.4193102261,69595.98778931712,65399.43007171272,1634.8904043742114,118315.97609945158,82667.4832308223,35648.492868629284,105510.18213113007,88462.06368427303,17048.118446857057,18.733658167092738,64.11497367098565,3.668218002782215,19.935761574933903,253.6189035161926
2015-07-01,2015,3,346061.88060561474,329732.279547058,202310.40554546608,215336.2333393176,61629.66284553638,61717.21412456988,3375.874318026958,122504.8396688135,78328.78180236691,44176.05786644659,106175.23861025673,87086.4847433354,19088.75386692131,17.83415556101227,66.08068992715286,4.7186939601610165,17.808856247814212,251.41084741589518
2015-10-01,2015,4,359105.1211828799,351966.4343005305,203724.7125388115,206384.1985770616,73024.73843014674,66660.15645826614,7890.06114291865,113774.4796306656,81349.2075489239,32425.272081741707,106635.7927483162,87496.58553287525,19139.20721544095,18.562853194265198,61.377646649247986,1.987910074586186,20.335198281106592,260.8866445214329
2016-01-01,2016,1,342327.54700840253,335023.0175126396,208613.6865218369,210876.6483942793,63094.89971929864,62946.84355618341,-322.9155971392677,108714.06680606428,79785.67941807416,28928.38738799013,101409.53731030133,84532.41106139802,16877.126248903307,18.387898989221092,61.38086343113021,2.1337837283610894,18.431148842879992,248.69788760487594
2016-04-01,2016,2,360209.4695632165,342305.33594141057,203346.1405739808,212059.92498923748,70709.03344848564,65987.74661985566,1619.813306574257,124056.40596312608,86274.70419812448,37781.701765001584,106152.27234132016,88559.93376913652,17592.338572183635,18.31927036784214,63.90966861132027,4.9704783284892935,19.629976284139932,261.68894369884276
2016-07-01,2016,3,355959.0916919829,334353.90888647904,206856.68889445515,221075.27641662123,62433.18891815729,62239.78231372102,2135.1576794388684,125938.43961057394,79294.14614199249,46644.29346858145,104333.25680507014,83871.8627264643,20461.394078605837,17.485094148846212,64.69049443886712,6.0695690346909625,17.539428090287895,258.6010823586265
2016-10-01,2016,4,366535.95421982976,356750.3564206931,209356.43344642015,213405.68951766152,72498.34161080552,68025.74852995094,6247.352082694664,119836.93810589924,84543.40676302576,35293.53134287348,110051.34030676264,90363.66440702778,19687.675899734848,18.55909297486067,62.71916186284593,2.6697511353191024,19.779326086882236,266.28507796794895
2017-01-01,2017,1,350224.31962434005,344669.7744904775,216600.8519236466,219733.3789620101,63593.69423124911,65817.02133033647,-1994.4551918283785,120121.28271036476,90315.11817271268,29806.164537652094,114566.73757650224,97151.09447963515,17415.643096867094,18.792818671454217,67.01077199281866,1.585996409335727,18.15798922800718,254.43482196976214
2017-04-01,2017,2,371656.1768647111,352729.33487101673,211112.39203573167,221621.58849175976,70312.24562987284,70416.38403792564,217.05957341127765,131550.6482833852,89737.19543075954,41813.45285262566,112623.80628969084,94031.9637532266,18591.84253646423,18.946647041348204,65.69901693358901,5.092567585815759,18.918626947902883,270.0048737219769
2017-07-01,2017,3,366374.7329902313,347055.6715437376,212693.24497497836,229229.65261679355,63198.39760216016,68580.13614796911,1857.2125256884808,132811.5844801646,82699.76211866007,50111.82236150452,113492.52303367092,91676.92232292524,21815.60071074567,18.718576903008668,67.22737277857061,5.273033238077798,17.24966050097271,266.1679521929753
2017-10-01,2017,4,378046.7409952452,368470.4779776611,215382.5009704009,219133.17309046385,73243.7677798647,72387.3540140645,6767.275298011391,127370.84790725714,90401.70244706524,36969.14546019189,117794.58488967307,96873.62003941106,20920.964850262026,19.147725972586795,64.85056111091133,2.533089689484852,19.37426244888219,274.6475611532291
2018-01-01,2018,1,359194.0825801848,354755.31563970307,222065.3111934453,225667.60831227712,64230.17748059423,69435.7084242551,-1715.2610330857706,121313.0190744116,90069.87543837907,31243.143636032542,116874.25213392984,97741.24971044555,19133.00242348431,19.33097224917524,66.31157993956363,1.2357572565218604,17.88174710986665,260.9512741773909
2018-04-01,2018,2,380942.5878592388,365768.2358691564,215031.7918829992,225747.47649226047,71430.45594742993,76710.16305178472,1851.6802224105445,136860.62461018324,94451.81447950265,42408.81013068061,121686.27262010083,101832.49030238618,19853.782317714664,20.13693545866542,67.87030525602958,3.9833697973641744,18.750976715111737,276.7513678851037
2018-07-01,2018,3,373646.0490389101,358541.846495035,216870.32144380544,232150.61895697832,65213.83696324879,72201.43521304056,3465.698863837742,136165.1227843248,85513.46555165191,50651.6572326729,121060.92024044962,96542.5057918505,24518.41444859912,19.323484190119665,68.84216859415737,4.042382512200014,17.45337255164116,271.45049798053196
2018-10-01,2018,4,387643.3239114107,381140.5856561413,218555.02966216728,222953.29421085716,76045.63984059393,77016.6535357365,8741.566058032007,129396.43003408816,91360.78540461004,38035.64462947809,122893.69177881884,100283.11879205224,22610.572986766598,19.867916918733613,65.08305605968945,1.6775055454728807,19.6174253881831,281.6193924309989
2019-01-01,2019,1,369238.199268999,365588.4568601119,223930.14778396743,227348.1799760996,66645.49784666229,76501.15092863867,-2281.548748048022,123087.16429622426,90172.05371718436,32915.11057903992,119437.42188733711,98930.4547145272,20506.96717280992,20.718644788131936,65.6824203627091,0.9884520117671309,18.049459123840386,268.24823472057403
2019-04-01,2019,2,387942.2478402857,370353.1204932876,215531.2021492135,225692.3442157283,74362.86069292994,79285.96087964957,388.1839472791576,137878.54353830454,93940.51524155612,43938.028296748416,120289.41619130647,98498.62486149442,21790.79132981208,20.437568045512613,66.54803934525269,4.5339551041214365,19.168538901580227,281.83655797994595
2019-07-01,2019,3,380361.44156650006,364992.9782193911,219990.3040760796,233958.49123520672,66410.62957851621,75763.09152540703,2012.7426687921875,138881.71376956743,85473.6487937394,53408.06497582803,123513.25042245848,96391.85166334709,27121.398759111413,19.918709744442136,68.9856897984625,4.04048929981301,17.459874298774153,276.329170324152
2019-10-01,2019,4,393330.0363736129,384192.00989020703,219903.7780264243,223066.57059189296,78336.60489713894,79291.34205146579,5912.628202899353,131122.8543224941,91009.44636806514,40113.40795442896,121984.82783908826,97599.9018318548,24384.92600723345,20.158984750442304,64.34995010682648,2.323246545739488,19.91625293084133,285.75073794825374
2020-01-01,2020,1,353954.9038906313,350131.47663790506,210276.32625666604,211440.03095377088,68461.38030812707,74071.75159364604,-3450.944368506459,116213.44261223286,86406.29102436066,29807.15158787219,112390.01535950664,92806.6668584372,19583.348501069457,20.926889493395326,64.58547556735526,1.0802018027436695,19.341836927701106,257.1450579255494
2020-04-01,2020,2,303861.797697871,298996.8371298463,161864.4807073026,158022.64412299177,76457.12738130553,61834.52853750757,-1954.6608970364496,83211.67382266761,66691.05345431207,16520.620368355543,78346.71325464286,65877.6156580731,12469.097596569758,20.34955660961023,53.16837730221934,1.6010438314006046,25.161809730793028,220.75286628752022
2020-07-01,2020,3,346828.7892030706,340851.0046190042,200916.11313248155,201027.2879530722,69011.46445631425,70544.69961940507,-411.713346582954,104795.09627060128,79857.728821191,24937.367449410256,98817.3116865348,82618.77381607966,16198.537870455151,20.33992039170101,58.706893515093874,1.7235548980238915,19.897847757934407,251.96799962242977
2020-10-01,2020,4,358747.5713523327,352760.081421496,192313.85827783096,188846.1679533143,82306.33572846999,74612.87977414545,2765.373296766461,111394.3614099015,88484.8274185428,22909.5339913587,105406.8714790648,88706.67418237605,16700.197296688748,20.79815606636309,60.4328085265396,1.6689980390017123,22.942687923491302,260.62688778158633
2021-01-01,2021,1,341532.3480049071,339578.823866493,195382.3758680707,191668.28304295093,71510.9682766204,70383.19759303289,1682.6674173824338,108594.3694366256,89823.75897291927,18770.61046370632,106640.84529821153,91022.24003943097,15618.60525878054,20.60806187296251,63.020447694677706,0.5719880268518519,20.938270911776986,248.12018267250028
2021-04-01,2021,2,362779.8063336232,358182.6540391036,202227.36863150756,200242.96080707785,80056.71518294115,74321.22041549283,641.3530356833065,119716.4722751214,95261.0420380976,24455.430237023797,115119.31998060177,97116.46927048032,18002.85071012145,20.48659245028231,64.73232196385294,1.2672018161595122,22.06757757330037,263.55627027194384
2021-07-01,2021,3,365939.4697551417,358797.0723232989,209036.62663891437,214915.16755388168,71011.8212978445,72031.48310599283,5835.657941727449,127890.12933204412,91310.95315842368,36579.17617362044,120747.73190020132,99467.05642990924,21280.675470292077,19.683988489733206,67.94507884011928,1.9517975026366878,19.405346284553588,265.8517373628664
2021-10-01,2021,4,384259.041482904,383443.0910001252,210148.90273176745,212612.7308329132,82740.80252221879,77093.05575400653,12595.308361438389,134564.4994787867,97817.05682709896,36747.44265168773,133748.548996008,111382.37625198056,22366.172744027448,20.06278250642971,69.82608592353245,0.21234386044107958,21.532558401986226,279.1607416493624
2022-01-01,2022,1,367509.757714466,371316.96064635576,216833.96794557388,219550.613652094,72581.11300243915,75859.66516577432,5260.132484511531,135983.65604498505,103570.82746972489,32412.828575260177,139790.8589768748,120297.29191687664,19493.567059998157,20.641537693459806,75.03869196205692,-1.0359460808786791,19.74943834248627,266.99253745864644
2022-04-01,2022,2,389652.2835884797,384562.94763956894,218234.7100227763,227562.140676474,79680.48193500377,81636.52564490541,4049.055758285981,160278.99132876346,114333.47157112586,45945.5197576376,155189.65537985272,131581.29449228983,23608.36088756288,20.951122085845014,80.96158036168204,1.3061224489795877,20.449124845667804,283.07888358891665
2022-07-01,2022,3,388677.4575490467,382146.64658691775,223510.5924082805,236623.28949647583,72269.08696413581,79682.93076056028,5812.353656076194,162093.27527537776,107963.81653452056,54129.4587408572,155562.46431324878,129679.84123706025,25882.62307618854,20.50104250013141,81.72733803285773,1.6802649176804554,18.593588478183424,282.37068122861035
2022-10-01,2022,4,401328.7226209456,395728.58951466,214422.5114491413,217868.57975127932,85394.13852682762,79908.29385128256,15039.269024207524,155475.8042569156,111948.239063454,43527.5651934616,149875.67115063002,124202.13576132825,25673.535389301796,19.910933194471564,76.08512877259214,1.3953980342381096,21.277853717806853,291.56171165080826
2023-01-01,2023,1,383026.1933064602,370216.2116831432,220189.30299703224,225104.88610651696,72416.40047969832,77495.44205180429,-695.7738507627683,149164.45021885945,111256.06689082492,37908.383328034535,136354.46859554245,116811.50385070198,19542.96474484048,20.23241318898522,74.5429226000629,3.3444139975742337,18.906383361034994,278.26508852445755
2023-04-01,2023,2,397287.2847364855,379959.5968340948,217456.4097702228,227909.00346007705,80244.99270468952,82569.78643057567,-1160.8124964783576,151728.43885952648,103837.26560854811,47891.173250978354,134400.7509571357,112848.08581551524,21552.665141620462,20.78339519104995,72.0207267661353,4.3615007497367975,20.19822828156073,288.62564333397233
2023-07-01,2023,3,395013.4859570951,375534.5572449108,221590.97677047455,237382.88359884208,72995.76823182133,80339.89701459638,-238.2514865520565,151084.5626358115,93808.05055484404,57276.512080967485,131605.63392362723,106673.63082865508,24932.003094972155,20.338520043166984,71.56469503173962,4.931205997939019,18.479310410113406,286.97374894739795
2023-10-01,2023,4,409914.3495815313,398623.54126861104,219621.7594959044,225498.1590884913,85229.02909896952,84003.61384812689,8803.722922156832,147746.9598253907,100355.60467636172,47391.35514902897,136456.15151247042,110000.44102513244,26455.71048733798,20.492967356201007,69.33231579426169,2.754431096263574,20.791911575180805,297.799092508764
2024-01-01,2024,1,393743.485319708,379953.91064925096,226392.31484631385,233323.0641080773,73941.89045457236,78991.15341501487,-312.71240465168194,143156.61172549348,100654.8264346012,42501.785290892265,129367.03705503648,107283.2870385347,22083.75001650178,20.061577234954477,69.21350039842535,3.5021721462287254,18.779203519909352,286.05110489337665
2024-04-01,2024,2,412578.7604732261,391424.695679624,225081.63330786143,237632.06549268955,80971.55776949706,83849.71075375311,640.1604102790151,158062.0788301276,104957.53603136392,53104.54279876369,136908.01403652554,111557.45628051658,25350.55775600896,20.323322184006237,71.4942505834095,5.1272791573997765,19.625721323274863,299.7347630858667
2024-07-01,2024,3,409167.551031742,387161.8855296886,227568.65836458225,244551.0997459952,75121.07129670918,81891.00744111772,1685.4785065950416,156987.17018846836,95123.67428784602,61863.49590062232,134981.504686415,105878.97832962214,29102.526356792838,20.014052246964436,71.35675205393629,5.3781550972369825,18.359488944635668,297.2565500712007
2024-10-01,2024,4,424525.1513319965,413096.70276371087,229099.58871472013,235786.77960175037,86434.13630751566,87934.18953560646,8595.799298293,149672.42599316192,98176.31490534812,51496.11108781377,138243.97742487633,108983.35608392024,29260.621340956084,20.713540589928026,67.82081167974793,2.6920545302033383,20.36019209611459,308.41370872445844
2025-01-01,2025,1,404753.9068413166,393921.24345228274,234842.31201207967,241905.00867332876,75112.78853175587,82249.92597502498,813.7499185210386,149310.87320773056,101461.7661566495,47849.10705108107,138478.20981869675,114155.4490961857,24322.760722511044,20.320971480399074,71.10223722664516,2.6763579562632236,18.557643857704324,294.0500772167933
2025-04-01,2025,2,423911.62445403176,403022.1569333561,232474.09622093453,245138.4173052404,82036.06771524277,86843.92127774445,714.3153969709726,160537.62670606255,102983.6422387576,57553.98446730496,139648.15918538687,112343.87892024398,27304.2802651429,20.486326929485195,70.81329422802867,4.927788320874626,19.35216280537233,307.9679869592308
2025-07-01,2025,3,420217.8518004184,400312.1479375143,234482.39251630844,252000.38031761543,76206.17231658057,86888.85634375097,1722.9484719931115,158257.053911105,93060.40128031648,65196.65263078852,138351.35004820095,108242.1193736984,30109.23067450257,20.677097836628477,70.58443678403732,4.736996245546994,18.134920253881678,305.2844943093572
2025-10-01,2025,4,437461.0247056178,424535.15054239816,235617.55716272732,241791.13798677712,90186.90791421304,91488.0400790804,5789.067139506876,150099.18913559063,95427.36335733929,54671.82577825137,137173.31497237098,107194.8414961658,29978.47347620518,20.913415118671605,65.66813679030649,2.954748750912816,20.615986984189696,317.81150452108136
