fecha,tasa_paro_total,crecimiento_pib_qoq,crecimiento_pib_yoy,brecha_output_hp,okun_residuo,peso_construccion_pib,peso_servicios_pib,fbcf,consumo_privado_nacional,consumo_publico,exportacion_bienes_servicios,importacion_bienes_servicios,tasa_inversion,apertura_comercial,saldo_comercial_pct_pib,consumo_publico_pct_pib,vab_industria,vab_construccion,vab_agricultura,dummy_2020Q2
1976-07-01,4.40660466995354,,,,,,,,,,,,,,,,,,,0
1976-10-01,4.721304478738997,,,-1758.5469597537594,,,,,,,,,24.76881720430108,,,,,,13115.379565195211,0
1977-01-01,4.920446278303366,0.7678933642422114,,-968.7577202514512,,-0.09168383388763601,0.1690948157983172,-16.434389921174443,258.6005826777691,250.85799402362318,,-299.84562318753524,24.56894372250594,-0.11804690035835819,0.5693582368135859,0.08262666364371007,292.3533252343623,-32.97531772939328,13086.887037746752,0
1977-04-01,4.762782516744339,0.7922358015816533,,-133.26425721577834,,-0.04638944849123661,0.21302055478493997,93.84424830119679,-82.92914714117069,40.57632156957334,,-1141.2484171522374,24.438855407393344,-0.7203688372542238,1.097465895784362,-0.06332458571593591,52.32909604731685,36.38122886241217,13121.252137654728,0
1977-07-01,5.318263949904957,0.4536311892840095,,210.1283067954064,,-0.06367066037595492,0.1988322265769824,-454.1825962018702,518.7480164738081,78.0830731777678,,-772.7190419876242,24.02484250033511,-0.4632443110173874,0.7254638728290774,0.0004516206058777783,-9.472043322195532,-34.68681246691267,13152.278347229669,0
1977-10-01,5.656159939514943,0.33229668129342027,2.365980875108664,379.6918569323898,,-0.06769221270537962,0.2726314289264806,-431.1110322814129,865.1931216348312,58.81768656411441,1508.474081765722,-358.18981037442063,23.65800135043889,-0.1527979788580005,0.434657152959129,0.0012361876955022666,-202.31237438769313,-57.348664046839986,13217.324305830574,0
1978-01-01,6.418204584821114,0.6680537273717757,2.2645578720345227,1061.0282710706233,-0.013677543187168961,-0.09694446006515633,0.2262736962310825,3.162925174146949,175.7024091546482,293.0843341204818,1616.4682988040913,-330.342764758243,23.503095666067505,-0.02817093712287999,0.625854470520468,0.11793819510213943,120.30329860625352,-57.90454536185098,13342.246417092929,0
1978-04-01,6.550980420698847,0.6242530755711906,2.094121339210564,1690.5584325349482,0.5009383063141211,-0.11102593363904845,0.2784871565910976,-117.51672627228254,-775.8020108752389,367.9275569556521,1886.1677809212488,-1021.8871842799672,23.27998179473564,-0.3931300896941998,1.149833853934992,0.17019273979790306,46.88029229647509,-86.39234902437602,13503.08878295936,0
1978-07-01,6.997596933205265,0.2026016850871004,1.838992317414334,1693.4198125320254,0.19768394189566374,-0.06448906378865438,0.3711686497296469,-590.1955325712333,-276.5291872584785,202.35336625732816,1886.828114502503,-943.1046998755919,22.845451911935115,-0.4883895458519376,0.8114763054687255,0.1090861712330291,-238.61454974200024,-71.66941942432459,13419.947377268762,0
1978-10-01,7.529176279256874,-0.1227096522296911,1.3771531286710825,1209.4994440754235,-0.276772892882712,-0.030435229813107867,0.42096945146676035,-721.2453412647446,-91.81126195256365,108.89647033371875,1307.34530255328,-893.762864367116,22.399445214979195,-0.7457496146879947,0.3933689971280434,0.086147771779574,-420.62179421614564,-62.303942495040246,13124.759360309805,0
1979-01-01,8.02532439862059,-0.14799095300587206,0.5553602811950942,694.1100023602485,-0.1050907059913877,-0.017480799873732522,0.41383940306706535,-641.7577112741201,-64.06299446654157,171.47777846448662,456.7173298179405,-409.84813344368376,22.01019082825457,-0.39373993017933984,0.10431973567755382,0.13058346886784378,-284.31502837387234,-45.76035562679317,12653.037193578975,0
1979-04-01,8.051641556248788,-0.15939597315437481,-0.22775223909795583,166.37717804167187,-0.5506078248406179,0.01735612908254147,0.42621576375803016,-633.559532343199,90.28140322053514,162.5444540728131,-389.24774770917065,328.4800606216704,21.627608346709472,0.17587032024307803,-0.30121566673461153,0.12644874294782582,-265.7526986374578,5.712114455551273,12050.84190425854,0
1979-07-01,8.579398497282341,0.15544912192253513,-0.27470228965056354,118.65686042539892,-0.12352801315324236,0.00869993078878828,0.3550320838727927,-278.1917793012035,468.3918344060221,215.74993455961885,-605.7194075976986,361.34072255902356,21.410906392976383,0.2431821695879144,-0.1891070622231975,0.12308976954273909,-115.25714201617666,33.32617396270871,11650.75713474328,0
1979-10-01,9.361159162231258,0.2405022582043559,0.08795688716387584,199.95155887192232,0.21299014694249097,0.01662498205019247,0.296590643819826,112.88835669025866,757.556304397498,253.21952547184628,-307.7118951214252,829.464972660091,21.4336725584717,0.4755761657204367,-0.5456717402703146,0.13672338581274524,-131.64089436455106,56.509015122828714,11418.30846371979,0
1980-01-01,10.443562990412932,0.3515183640447006,0.5886465324384638,447.89148401800776,0.4322139075189838,0.013462029451750013,0.12711137343488588,448.0662830553774,850.4748744679237,341.9139995694277,144.35346858313278,1429.9213782040024,21.65181768699688,0.961545472180859,-0.806837880330889,0.180103116549029,115.61271236054745,66.36259913069625,11324.679089945856,0
1980-04-01,10.910943783614185,0.4378588009618989,1.190376158866191,823.5159367472224,0.8050227685779461,0.4597363879753118,-0.19009130147698272,1772.914497931728,120.09808296406118,278.6327244037311,689.528996334775,2081.072214032727,22.71260309491628,1.4920928666953621,-1.0837337740304624,0.12643499790128843,80.39864637763094,762.9130938567669,11294.872197994033,0
1980-07-01,11.261434325328198,0.6255535872453866,1.6653383111707942,1480.873189727834,0.613742641215191,-0.5533701207164743,0.4916755353104918,-405.2679303486657,1163.8809730175853,698.4764023461175,1254.0916824006963,1615.0217534339317,22.308988313320672,1.2611014968836542,-0.6203223416221446,0.3728986108273915,424.30922160039336,-767.9236471762888,11254.440946901288,0
1980-10-01,12.183754395169354,0.13341035374372368,1.5567241836265122,1371.2823166004964,-0.21675455527476784,-0.37341138482052294,0.6197407331590128,-372.1531287489415,755.2622521420708,453.9188130067196,1772.9600712553838,1083.8971001292484,22.0386104398888,0.9928244065956378,-0.3614603783005772,0.27602053170216223,-98.82949981585261,-559.9888723624408,10981.263408927358,0
1981-01-01,13.09014977373773,-0.413433143328068,0.7825857299731842,398.83704173532897,-0.1408892489795912,-0.23018852394326483,0.6122216075738578,-499.3413026242124,454.4170355054375,157.6124164028006,2144.485896164035,580.6644702380509,21.80586108371893,0.8896144842988463,-0.01821486476641665,0.15804688627387975,-293.3081596246775,-406.29160304261313,10439.718906384183,0
1981-04-01,13.33816746590179,-0.8509875317224247,-0.5106842338352791,-1267.719225733832,-0.6461944850556878,-0.020610352553538824,0.652296709617751,-299.0277168268876,-68.76551279291743,-131.49787865009785,2319.3720365297995,371.3784430388587,21.79718156914041,0.9313412911330019,0.11927922504799149,0.03039814519283013,-519.3197119535835,-134.62628725493596,9639.571137376824,0
1981-07-01,13.777221705169843,0.4312323507727589,-0.7028112449799506,-993.8657838884974,-0.2892135113919543,-0.11853104503133505,0.40495925669126365,423.10480086949246,-229.00657693647372,419.3826234192966,3101.266881388354,934.034753852171,21.97949602376162,1.381490191828199,0.32970510183781787,0.21505873147969545,106.41815776319709,-130.07468310633885,9256.55847128482,0
1981-10-01,14.628644990253225,0.8601465434851852,0.01785591648924001,-92.90578723678482,0.3505721296735571,-0.06700440999911095,0.21705870818833262,395.21002194430184,-642.2170936315961,582.3330364279827,3770.41189176228,618.9464986858402,22.04757171586417,0.8487423919951311,0.38783076839892994,0.25863467494506764,66.50168655027664,-1.6459022875405935,9170.543873201035,0
1982-01-01,15.120824141421,0.06591776758493317,0.49928279819042576,-446.7676666098996,0.10413256193476017,-0.06030276661653833,0.041462744891781256,-534.1480858929062,349.82493587849604,19.727533587378275,3586.5919882266608,207.1713504751715,21.687927157772886,0.3578429872856077,0.11665309060898599,0.0034713658725156193,-271.04850188069395,-85.51645870472021,9216.884975029794,0
1982-04-01,14.92938519806428,0.06175719814456304,1.4244578296493504,-848.947431105742,-0.07785615386193645,0.029326266900671527,-0.16913321857543195,-252.58789333225286,245.68374063239025,-126.59230867612132,2803.0413731042354,54.23627326254791,21.51144157425805,-0.11474236801110749,-0.15978601450134322,-0.09043463100648275,-231.07828914678248,52.68553044723194,9413.847638315812,0
1982-07-01,15.49652447918827,0.5541002043587095,1.5485407980941002,-534.4650690873095,-0.39434457026632086,-0.01543196154680615,0.04227753574571835,239.07264939992456,452.50802903772274,163.44200925323094,1302.0682290715595,135.6589688883796,21.546425772387902,-0.17614556912268853,-0.12692938022562572,0.027849236023111956,-73.62168302763166,41.47836824618025,9548.538907601607,0
1982-10-01,16.14727859900482,0.8470299393030345,1.5353346699991999,191.6668628209154,0.12328377283535374,0.042918074869706224,0.11724589607638336,597.3265790382502,-129.8238689911086,366.37140803065995,397.92601722856125,65.30136985179342,21.745810055865924,-0.10004921653361265,0.15695330340952407,0.11553141165571645,-51.40417984728265,167.8937112464846,9625.684689731888,0
1983-01-01,16.784994299122012,0.26509413546849103,1.7374358411330393,-37.25709618485416,-0.12719251223001948,-0.0460567897684383,0.17647061315121704,-44.97786894583987,355.95045792267774,303.1581346962412,832.3604809180397,954.7792173119051,21.6597510373444,1.0258157783088322,-0.08050776178279917,0.15515498497901703,-60.066479612112744,-40.62478131892931,9520.859155167334,0
1983-04-01,16.374337153283257,0.40603248259865055,2.0874765124603956,-98.67103997530648,0.2727986366038211,-0.1180750320353523,0.13848658077748865,-288.98225745572563,752.2272998444387,380.685840624752,2490.773750674929,1375.620609149104,21.38937623651499,1.6364380995543826,0.06345696172749249,0.18299608636665354,363.9332287058496,-137.9869668348092,9318.72900474163,0
1983-07-01,16.644457391201296,0.7872852095172522,2.3242174179908703,386.5953618704516,-0.1331477988436327,-0.16586894409102904,0.05237943056597061,13.527808554848889,93.96322281548055,400.7292353237208,3875.8448176839775,748.6118327009244,21.230785903943065,0.9693304613335272,0.3649967463476076,0.1384229408846238,552.622912396364,-170.982065705879,9290.748679953029,0
1983-10-01,17.392661057873767,0.7758034631226707,2.2519476303830332,801.5928349069436,-0.3232937158331006,-0.29635635668032023,0.14927653515303518,-587.3135884432486,-185.08760289422935,228.80118714801938,5004.996741322848,-17.898551947189844,20.701600909806672,0.5461759192204099,0.9035496314979748,0.029991003318425413,420.0048213016926,-385.2574770580304,9414.84706994514,0
1984-01-01,18.942805401538603,0.23809208872898058,2.2244105109804124,297.6086086105788,0.08743804936370747,-0.29125352240154534,0.03643512179544217,-1138.772942520638,-77.24394737693365,-171.80444073370018,5758.88527952306,-80.60457260656403,19.94495381861777,0.82679262837555,1.029484006671276,-0.14151556477277438,245.66943397157593,-441.91232764398956,9596.948788723836,0
1984-04-01,18.985021128780183,-0.021113471714540033,1.789528838015375,-691.6425336883694,0.7543214459631289,-0.21870543381049856,-0.12847995258788103,-1192.5060294840841,-674.6657397298259,-519.5497403283225,5416.210878094305,-947.1873884692177,19.20815176011276,0.1170850081112178,1.2851611910340262,-0.31978185170088835,70.37904795294162,-354.25228242550656,9854.548176080378,0
1984-07-01,19.251198173716748,0.4302778327724077,1.4289713272637838,-1027.445922661369,0.3217872441911944,-0.16251853674677896,-0.03434975973514298,-724.8457160747603,235.31398426220403,5.134314859191363,4889.690171318511,-206.3054973387043,18.677373641946147,0.16877752817202207,0.6031513614170878,-0.0575809850686575,271.71798011136707,-217.48084689058123,10021.492871087044,0
1984-10-01,20.30256521466569,0.5729981206712864,1.22485152312799,-1206.1761074613605,-0.07815374773622752,-0.1646229809125428,0.23702287466639405,-130.9775993487201,639.1310678388982,479.1811179948345,4049.568254021113,512.2834358299442,18.490384316649585,0.4195961442784366,0.02494275195293527,0.2143267674426017,212.17161527051212,-208.66560686976663,10072.418458919268,0
1985-01-01,20.680475752643748,0.4364472669776909,1.425159340731863,-1681.0844057454378,0.3759880290375963,-0.04972632454212267,0.21519607744646407,224.30501877040297,1166.9991689784656,368.21907782709604,2437.3576307116746,445.3538253417064,18.54742811842546,0.05787729375039419,-0.3062462646311155,0.16323953559193427,33.8708425479781,-37.209843335185724,10005.37796419796,0
1985-04-01,20.6791208389996,0.699964871651404,2.156668646472637,-1804.408360242116,-0.9062835632929884,0.13702304184747227,0.07928364763800033,758.8796357516767,1893.8110426029598,270.5263771935388,1375.8311741656362,830.436579032641,18.88011166216256,0.2343341332309663,-0.4831356397931921,0.06375547546812044,102.64594618529372,295.52600667602564,9864.564689235513,0
1985-07-01,20.44430614344776,0.8036279538495394,2.5364366350816736,-1832.1817929360259,0.0944992207433033,0.14520852098582626,0.009981448346003674,769.6866168912893,204.66114049091993,352.4058743469395,601.198334270608,-59.17034592822165,19.194043178315788,-0.3861156835380797,0.02682634558603647,0.09653441806343999,143.78843410532136,323.68169828714235,9788.156003237396,0
1985-10-01,20.58154141741648,0.9023211699414224,2.8721889006494417,-1768.67241160298,-0.3789243987454485,0.013806483561782379,-0.014767375542689365,618.5169973411903,-185.0694820075296,507.1095935452904,503.90874535904004,-315.5832411374795,19.392290758164258,-0.2969769848150676,0.45988646585757387,0.17215411493016397,570.6464640234699,119.24650726338405,9725.767474092394,0
1986-01-01,20.718555557261915,0.442045093680532,2.8779224834440953,-2543.0903063049773,-0.9120472443062714,-0.025675327028918282,-0.2589282701719,-123.57166925452475,-399.9703582294751,74.78007591425921,-246.4418920340686,-1693.4408233855575,19.233371218271365,-1.670015156980405,0.5299141163080772,-0.020759579138914575,728.3644943903782,4.512533861385236,9648.999566100829,0
1986-04-01,20.09247786770194,0.6487296548759014,2.825579141849399,-3046.636188246368,-0.25992653797577026,0.03495015755690112,-0.4211104833421544,189.66606334319658,554.7880273907649,-725.6873034582313,-2149.7587083137187,-2313.1983490566927,19.221601493149045,-2.7301320542379557,0.26106100121655285,-0.5247637517425847,824.1614329102304,129.01905566168534,9621.485205082836,0
1986-07-01,19.659331077899218,0.9185412956580041,2.94279745196806,-3162.723671100568,-0.5821064513600118,0.058010501989773644,-0.20954362690108752,705.1861604050064,1078.8334833235567,463.6792495884911,-3708.7493140589067,-877.1974067792289,19.4600123566794,-1.782411480735604,-0.42200110728286955,0.1417480989372777,535.8025659211125,199.17482371040933,9613.960487883916,0
1986-10-01,19.681370139262267,1.0819627227112605,3.126071768815497,-3055.7437179527187,-0.13170020234245006,0.00240046837446517,-0.007257270073928623,718.2857224554027,1376.7432279899367,337.1025237387403,-4805.970438736251,196.30448635247012,19.668250063794776,-0.6474766128687719,-0.49924326468013347,0.04102983902838275,347.3253762908862,124.33354533741294,9619.594746767269,0
1987-01-01,20.00485741212933,1.1885669943093813,3.892542334298721,-2807.247858012881,0.16346467533962294,0.021727790292376703,-0.18071849399198214,200.14736528408685,635.0296803534293,1940.3546917687163,-4116.43762500296,642.3857263272475,19.551927817782232,-0.12162110790483638,-0.4471403359842794,0.9420179044149428,299.3601875849272,171.42792130934868,9705.86378484587,0
1987-04-01,19.218399762408463,1.5347357516863447,4.807103563605453,-1983.0266636725573,0.5189744131957486,0.10716450411027001,-0.028440329431973055,1151.8572311544049,2786.325345945472,-355.38924979674266,-1441.0555830228695,1860.8606082985243,19.906531575093563,0.9640864961338735,-0.6030340321395624,-0.4335649813659348,185.5958124907047,364.89580858589215,9837.488759479986,0
1987-07-01,18.91651383405901,1.6403923907603257,5.556768803615664,-971.8225811634911,0.11217112118593586,0.15982172817880613,-0.11219461498461669,1638.4368370066368,1563.6206843544496,696.1936076183156,1024.8603162013096,1922.131881143203,20.495108208619463,0.9655039432618011,-0.5743355329245245,0.1448516262966777,563.798955565966,480.86956510322307,9854.946359162896,0
1987-10-01,18.69997253063878,1.5698862102313749,6.066292217870095,-68.61487761785975,0.3165050879625344,0.15794482552411004,0.006402251661562275,1706.30407701496,1208.9634385998797,491.4845760181597,2061.875102984697,1202.604315456585,21.111225508115087,0.2874895364072998,-0.433950319938837,0.03494631821379279,450.00121247598145,481.2056474728888,9882.13085752692,0
1988-01-01,18.90106774746992,1.2326070380339171,6.112455181589471,246.58225898610544,-0.22179718609445542,0.13422929008561812,0.10888617661679234,1417.1309495924143,571.1706665320526,171.8323156307997,2323.4717971140562,345.9878372329331,21.619535011311704,-0.19972557028977178,-0.0970637518177141,-0.09177651906932915,175.133102754211,405.4683430404875,9955.330909345364,0
1988-04-01,18.52193275606496,1.1110169171683948,5.669632875464226,362.19571723183617,-0.28338617972943814,0.12220251689020145,0.024871855139721788,1127.3447860181477,962.2362027088966,-140.90464963011618,1520.507864451094,288.3906828832696,21.984140250112123,-0.2567524317105665,-0.13605821124242112,-0.24082617791406413,186.20692420665728,374.7380135334042,10056.97355870592,0
1988-07-01,17.92768669964438,1.337517694681778,5.354751584777717,935.5734185370384,0.2928432457832879,0.18104869900879716,0.09431388935659157,1192.2592486514477,1699.1322948223678,136.977553448236,722.276786983799,757.0609524097017,22.322410256057985,-0.048958828148371936,-0.33359614755827005,-0.12349213105567358,267.9330831424086,524.2088365756226,10153.19871643122,0
1988-10-01,17.223199122377135,1.1114558151110732,4.879238396775865,1137.2965567545616,-0.4652394702996895,0.22441796695645166,0.09254759571178539,1357.152041769703,1635.1405862014944,301.6192172305309,528.3598863868392,1306.5279831337539,22.78451500104972,0.3744457041139171,-0.5569890129701239,-0.0043893693969039305,181.04981852447963,586.502477479844,10159.27942462404,0
1989-01-01,17.124754243759966,1.1233323744410217,4.7660274084489584,1421.2672065155639,-0.5291056815960276,0.20915068220201238,0.01354847625068345,1526.744339274759,1631.5851493764349,480.5651137274108,725.534414446287,1762.8888205399344,23.31846060207469,0.6628950261456765,-0.7090242299483942,0.08445286513465788,347.09112617155915,569.9777478692213,10069.088392683228,0
1989-04-01,16.149795645549244,1.229088205520723,4.888366795479371,1982.2005142662674,-0.2550619331341619,0.1794926132704795,-0.03578515300360863,1383.3529099928055,1760.742111486994,680.0130338022573,975.7252879969528,1798.8634692094056,23.739806326930385,0.5783712738241888,-0.7500166479367709,0.16680259494483707,571.5682789829225,539.1952033139605,9858.514514954602,0
1989-07-01,15.460959567413358,1.2002763886115764,4.746316577770737,2574.1592171263765,-0.6474679119912515,0.19077480778656764,0.0004904394333422601,1056.148401601451,1628.3243911918398,661.483037661128,641.2956622040365,809.0054157142222,23.989705490854867,-0.1789667225290259,-0.48532809002478583,0.15555029177619595,496.4079217340768,567.9408711194483,9707.106175463785,0
1989-10-01,15.739003655367242,1.08490678467823,4.7188131349201745,3032.890240747831,-0.10458927563506748,0.25109785894722236,0.003228653387672864,988.3691819567975,1176.9148698379868,592.7817327231205,-66.9135390794545,88.05466984013037,24.22425077825916,-0.62602613352405,-0.25086000407534126,0.13296860280252432,94.25420662941906,681.2433352690205,9579.681752172231,0
1990-01-01,15.581655660822207,1.0118190771226443,4.603334937458259,3443.78599588378,0.9405479824912218,0.2736248257769702,0.09845571914443951,1086.1013794375322,751.5435537925223,536.4864306781164,-819.6956024134997,-118.22726480704296,24.51685431198244,-0.6452763583998617,-0.10053756392525814,0.11174970944634133,-267.8253442239802,727.0371367959451,9529.18648875264,0
1990-04-01,15.076603119762757,0.9335385299495513,4.297933770141005,3797.9469926858437,-0.16993589956842392,0.2012694781149662,0.2530907172779422,872.4801982965728,761.3839621778025,252.63433192256343,-1295.8059155246083,-253.970338408486,24.716096888159857,-0.5776948517153571,0.060662073269898364,-0.018623661447465523,-3.077201911735756,577.525544700602,9630.844299402268,0
1990-07-01,14.687220952688474,0.8278422483607217,3.9140997266008393,4038.654216429073,0.33035792547696285,0.13506191156790415,0.5580742960567733,168.72663239207031,879.5428844726848,586.9460046502318,-1352.2149925157137,-306.11799763771705,24.594873145903623,-0.5945167767667883,0.04323535416087232,0.15835102462041917,-113.96459382933972,430.28176110446293,9697.853084169845,0
1990-10-01,14.89662443075278,0.8260339129771976,3.647981447798321,4376.4210957376345,0.2027029603935484,0.10892728431938892,0.4058381571718499,-63.92339432585868,904.1936360335385,695.5251529086054,-708.346028897322,0.7532856025354704,24.36267401426364,-0.23039119715389234,0.10419513928944824,0.20714697223798062,-265.7432533759493,381.394635811168,9646.485481819776,0
1991-01-01,14.893487410109213,0.5001618476730307,3.122971211272074,4135.439317387063,-0.2595152830722811,0.13746577473679622,0.1627808759149687,-177.59929848492902,525.7935079383024,373.11636398220435,146.08161582211324,105.45939992369676,24.15655351159199,0.0857108005764573,0.1869360409986296,0.10019047734922282,-478.9125617523823,383.1640383000886,9433.441687746244,0
1991-04-01,14.653109869415564,0.37844156015531816,2.555833175003097,3726.783709842508,-0.05197983875502066,0.10090036342072928,0.05941901682325579,-25.317924477429187,310.0730499852798,259.7273866690448,611.0225485496558,-73.55134831950272,24.053425996765693,-0.04834714349802738,0.17434949830367286,0.06409645709116418,32.352608837143634,285.6548142666725,9195.765367539452,0
1991-07-01,15.059162190126235,0.5928664095323777,2.316830312404128,3846.902437821642,0.17778223120733194,-0.009231219222703757,0.3012792810054421,77.90635855765868,863.3016566136357,595.2319877262198,916.9751890113839,243.69134978749207,23.948534012670272,-0.09031291092775717,-0.08364822626914137,0.18823364443180424,225.09878050137195,97.68133411796225,8961.679786438013,0
1991-10-01,15.585073031997291,0.6985066596537637,2.1874174630425847,4264.251741094398,0.7483846712119162,-0.13726267096461342,0.36653245727114125,-102.79532477895555,1189.2731011646683,801.025850812548,1079.496177160603,638.5113855695963,23.73409785670632,0.19311929290145713,-0.12780097197821094,0.26515633356910584,433.44786857454164,-153.29563570272148,8663.268522018976,0
1992-01-01,16.005741870609487,0.33323859294249747,2.0176918028860014,3970.2410918355454,0.25480127188850776,-0.20529014326613115,0.36122619260608957,-456.9356099849974,916.5351173588133,368.66021324780013,1171.6652353033132,658.4020914693101,23.441220173012468,0.4437081026955241,-0.03835047146013881,0.1185101681254821,-56.033552006490936,-372.5549851062897,8270.958809528662,0
1992-04-01,16.276440578037754,0.20016463309731058,1.836503488767094,3436.1831793496676,0.35793236225349545,-0.24785596741672222,0.4405582777630599,-886.8603977460516,913.2003591214016,247.16632005077554,1377.4691564373134,485.21095300745947,22.97977747628804,0.37256789250790945,0.0009218669806507762,0.08272443008628372,-274.16853951395024,-491.4553409989785,7784.078895393773,0
1992-07-01,16.779736121514965,0.05232194649953392,1.2892762343873265,2612.10912970113,0.31212427334230597,-0.22966897262378794,0.6331810092562549,-1435.3092595426351,399.8584181458573,724.4736770268646,1664.3239159952427,-45.43818130777072,22.29709091899987,0.10662583537764192,0.1707587309350398,0.32988396246803475,-706.5986647153768,-481.6571288699706,7491.832710324274,0
1992-10-01,18.407604614482707,-0.30745523870360225,0.2774126429204493,1025.0424167628516,-0.2706336658911572,-0.14197275002842957,0.6580353601548481,-2016.250255011968,-292.1055011552817,822.527227126171,1458.3611739069966,-710.095668332011,21.42082776702733,-0.16083366455181647,0.37722128291732204,0.43747686423029464,-1295.6335165960045,-359.3669389490897,7332.287039694786,0
1993-01-01,19.935594328686605,-0.5752722722129899,-0.6305927219355745,-1144.5678342164028,0.7718398453720148,-0.06002611261279611,0.6226993119260555,-2061.539138004351,-808.8367907007923,546.845692034105,753.0723927825456,-1500.25208822712,20.57292277848197,-0.5580954108405649,0.6201218701192253,0.3577949984833353,-1371.0049862192973,-230.9106107346488,7296.700782078794,0
1993-04-01,20.376650918047368,-0.49223724275049285,-1.3172539091018343,-3164.871543566609,0.8576757818982665,-0.10551812455650023,0.4129140785451,-1115.852052115617,-959.5579167749966,24.63001147605246,1140.3091693526949,-1293.3015437670765,20.14605674804369,-0.0191938557107747,1.0100358395271332,0.09893485676624181,-98.83611990615464,-310.22191508612013,7334.535336089387,0
1993-07-01,21.02332341965288,-0.3051613996489233,-1.6698438099994606,-4839.053389319248,0.042168986899414396,-0.12033405123096941,0.4817922569694275,-769.4404985918009,23.290341084677493,-417.83282822302135,2080.3498608685113,288.45091013083584,19.84208493646761,0.8490525629821661,0.4566707222901767,-0.14425215477972841,-8.621011515184364,-306.5222524885685,7472.498173431797,0
1993-10-01,21.879214340393894,-0.013303233170136597,-1.3797116570188894,-5969.020942574629,0.24885848215796047,-0.07363322962169505,0.31843630087595187,-238.37133256903326,228.90362949154223,-175.52994834676792,3679.4145665860196,1374.585681207478,19.73143584253063,1.4730397004188447,0.1612685161831119,-0.08108175633275394,21.082429377827793,-157.21405259662788,7541.239645088394,0
1994-01-01,22.517374906351733,0.5338052066777621,-0.2796076561070171,-6034.751915066299,-0.37201967230006394,-0.03595120682350128,-0.10469554593372266,143.0108750899526,212.88399039432989,-94.29504493999411,6420.798816301554,1804.4859890477965,19.694274562626426,1.8656481477473434,0.3736957802171166,-0.13757578850162844,74.73275655738689,14.700586793191178,7582.879273328769,0
1994-04-01,22.17058262057446,0.7931376542875013,1.0085138480846911,-5644.125571250974,-0.42151490592001606,-0.045695688627490405,-0.26090487353943814,267.44309922157845,476.85591750824824,-267.40019189238956,7899.061949406998,1470.5434540295319,19.664737053713846,1.458207773408887,0.4078919717333685,-0.2621571452044229,131.08370515044226,37.5253943065436,7495.994958951246,0
1994-07-01,21.748825181227943,0.7715247638578004,2.0993874658511658,-5391.988580679841,-0.3912468076192994,-0.05711169881425082,0.11194985172390659,343.3573606103455,942.9567909186298,-66.53929633743246,7731.663712047986,907.0157555471305,19.673988677292883,0.5982886388477127,0.08223969023909461,-0.1620057476658161,338.8468987151864,8.857817588308535,7287.896448744731,0
1994-10-01,21.80160466355874,0.7090998244254187,2.8370546962824816,-5370.97466219918,-0.8002409005672354,-0.012110527478996325,0.2765760067830101,645.0131524260578,1250.8726158135105,43.60087216469401,6825.193949860397,1388.0925851330321,19.83355657149091,0.7063911309083579,-0.2711126313411753,-0.0992178919770339,636.2683722162183,94.77858236741304,7081.772652731095,0
1995-01-01,21.367218543757417,0.7515003306146406,3.059737258843276,-5357.708049768466,-0.7221521382001643,0.04521894116503855,0.02337596171071965,1075.569290645035,1037.3128539991449,47.9507581975995,5932.87184322207,2326.711792535607,20.17898742584223,1.513990003903146,-0.2896181983706136,-0.10371717525805124,887.2365794606303,227.50938595227854,6929.165220652513,0
1995-04-01,20.580429046966405,0.7530658701724091,3.018764354948189,-5436.3538860180415,-1.0874429470055484,0.40317671363981056,-0.6898141879946351,4827.023208355706,3176.547003101412,1164.7127998040523,1807.6756445838691,2465.1757415813845,22.225789290235,-0.034913961166495255,-1.9344812595944925,0.4050685092977915,-3657.0817936750245,1016.4773397480421,7313.375315257211,0
1995-07-01,20.51172455315163,6.392639502927455,8.76523188209266,6783.075068823178,1.649209884177608,0.6131169668324521,0.8601104703865659,3362.3141075368694,-2694.961232741276,4836.745142992193,5106.378406880838,1602.0827047389685,22.32914779744751,-0.1995540741626769,1.3176830323226807,1.0389626584484049,-2329.286061161125,2609.0468809087724,10198.0072250245,0
1995-10-01,20.597456499645645,-3.3037829196858826,4.431342263976368,-2851.2426817403175,-1.222592074156374,-0.8230069775880207,2.195047028863641,-3165.1512219134966,1349.6138847918482,-5033.216139216776,1513.573767909962,-4828.539541842605,21.69134999866416,-1.8052345895488884,0.8778334097604742,-1.6057698414651718,-3397.3846261368963,-2553.83321702966,7562.510845715993,0
1996-01-01,20.61841981500606,7.400781649488564,11.323481546688253,11871.68259594217,2.5386842415502655,0.6005394674988445,-0.31032167778195685,2872.4775842911477,6734.375017827959,6840.3717900488555,1052.7933694664534,5419.287854355811,21.380234724901108,-0.28764865064646017,-1.7305970719580384,1.6754725168686484,2998.7406375145583,2823.307588115931,10625.521799032336,0
1996-04-01,19.96068289336109,-7.342339622005545,2.3787539978243455,-8027.628199250001,-2.7966289622392297,-0.7564449650913012,-3.2997053237783973,-1720.4575883493526,-3540.717476363672,-6163.176201295901,1847.1535129404729,-1575.6505730591307,22.309355006052225,2.3199894636508134,0.130638203072176,-1.2934878296726637,3111.570258040745,-3263.3949611729877,8823.004985550835,0
1996-07-01,19.537076639740764,6.128001552121898,2.1241000688440037,3592.39194258675,0.036469646115124155,0.6617379478356131,1.1725861261951138,1137.7748836576648,-2412.6761626400694,5142.437627533007,3207.1200998988206,2082.1203621193563,21.49792743171881,0.6243068883064637,1.6223077310232865,1.1748844498996398,-1864.2286036905716,2683.2363749947544,12380.087068863892,0
1996-10-01,19.378132327929897,-2.356138714685374,3.124938721515913,-4266.108841751557,0.008966861121459502,-0.6495337111351862,1.988062619221509,-1415.2141538121286,2073.577318455442,-5030.368773505223,5391.310902696663,-3446.598230850759,21.409358527018803,-0.6117332748361903,1.2241881236386782,-1.7208419494756129,-2338.100803229354,-2001.2915375593802,8590.889741482766,0
1997-01-01,19.082693263481712,7.060236311458357,2.7979511840240834,9877.768834380986,-0.36355706292791645,0.46813984796187924,-0.4889655819849352,4005.6195709786043,6717.252810432168,6931.111651285064,6203.5300661317015,6711.549293023199,21.60306636085156,0.4766309398956494,-1.9580011630654952,1.6950718989618352,2946.8490357144983,2488.0002827705684,11624.778822070562,0
1997-04-01,18.51370897129391,-7.540068010760425,2.5785837494050723,-11309.775075471349,-0.3961564197809979,-0.6211926577643423,-2.5049782854805613,-2878.561186407147,-1660.7807729254127,-6895.228409770854,4111.511281963896,-1738.0042482683202,22.116876400620587,1.7012983542779665,-0.6330756868103405,-1.511570977121682,2350.301752483436,-3030.298499674682,8920.369903730478,0
1997-07-01,18.09919803974216,6.881377871427463,3.3067636334552786,2118.002906734997,0.35349241492486394,0.6951484328592707,0.5008735946093381,3589.824054366909,-5103.720023815054,5663.472944856447,9508.436171617082,6917.18312070096,22.148978246539222,4.222862654829562,1.7945287999896458,1.2278709257284817,-495.3008850932383,2963.1634396935515,11750.61641123198,0
1997-10-01,17.862506795017826,-2.018459224358682,3.6640270070237735,-5367.010695542296,0.1389833221983161,-0.7105541566010745,1.9286612452382954,-1747.0092920975294,2460.6862663661595,-4982.226203482751,11282.425946850657,-3261.1479157519425,21.882058506410203,0.21546567726296217,1.8469867124206871,-1.695032882237129,-2549.0818858453713,-2142.7296293623513,8872.723014982632,0
1998-01-01,17.186884124741443,8.123331508457433,4.693398256421566,11689.20336794731,0.2964951049418326,0.5437672291241276,-0.28100506976809925,5598.163266265481,13177.031752198964,5815.075860407007,8857.179559520373,7667.044675534344,22.38137869292749,-1.1632201371483504,-3.2598998103077648,1.0137090003731508,2679.1354220272624,2961.7118229434527,12520.315874854352,0
1998-04-01,16.49615323010078,-7.316102393853008,4.946996988566021,-10037.364368402283,-0.28798430808135966,-0.4327485687671109,-2.6053406820010707,-2368.736875919305,-5558.810048267129,-4875.141412293538,8385.735392596376,-2651.832471390997,23.169590104814084,1.4989046942141542,-0.44108864333887154,-0.6597310503124945,2164.0334427467606,-2652.5537533652423,8986.627363085545,0
1998-07-01,16.134076309935455,6.269773440546955,4.346461613329522,2473.206781381916,-0.34007947581044107,0.7120786498498797,0.6607005215878132,2241.1626160314845,-4258.483145720384,4985.1242202174835,5609.301806417854,3197.788179238123,22.673783036460684,1.370564651531005,2.086476331150216,0.9646088357578222,-917.3315700779494,3040.9953437830263,12741.759795676886,0
1998-10-01,15.782080508469882,-1.9751895628163707,4.392542089727458,-5318.42015522538,0.06918720067803807,-0.5558139809703828,1.864119770029312,229.1925256995528,1700.483409112785,-5117.154922579626,1748.9585830786236,-3836.0344945735924,23.221542479057558,-1.4918230378947896,0.4713549283760282,-1.6773763190632867,-2686.9177544128906,-1842.616145593729,8888.37566024431,0
1999-01-01,14.64653992068178,7.308999736434818,3.6063087892929335,10365.576833660685,-0.40115045806833916,0.5792527571833848,0.11136535742212317,6420.286108179942,12412.113530966337,7103.895257100063,-429.3474437424011,7002.07741254499,24.012407014528563,-1.9562482504653431,-3.6172264896097364,1.5502008213835001,1256.947167833816,3064.6208930872453,11722.048955188588,0
1999-04-01,13.385196834676789,-6.65800932322832,4.341955386471774,-10428.099057227868,-0.19246350606338192,-0.4094167835947644,-3.0645267884548772,-3615.0642971130947,-4715.2139309427,-5269.5553748273815,755.5344265437307,-3397.007698434769,24.29400991012736,1.3468651406374903,0.23804781620113058,-0.8498926006073475,2744.2110648478993,-2601.9623058536054,9435.51410114704,0
1999-07-01,13.190383695837308,6.38859164641441,4.458618135759185,2906.113477530598,-0.5281978485694778,0.960279589384454,1.127462400862285,4444.877858045329,-2544.0320202565053,5502.754656124816,1520.4145789109898,7408.705763817605,24.48919633556796,3.018471483582303,0.7690374478854851,1.0579326220128316,-433.1554538731434,3918.6930764386816,11458.755424203971,0
1999-10-01,13.157624845342117,-1.7731778314719837,4.673888802535631,-4679.555053348478,0.24552838515271258,-0.7800036576241922,2.006169238817833,-1089.4197483210883,3089.1930162051285,-6025.6146072370975,4748.580999126338,-1544.9420562614978,24.51855814336269,0.617136947554954,0.7657558549677228,-1.9660993556773132,-1942.249200255268,-2499.8250958371354,8454.144650989307,0
2000-01-01,12.75883658645816,6.7970843259925084,4.174544135447555,10430.997810890956,0.13769334761780705,0.6678745123028893,-0.4472869415853893,7385.977503297749,10091.641303126293,7461.790002159163,7300.521723102938,8293.15820087734,25.578085642317376,-0.6154103855894988,-2.9054421099568466,1.6556848745090544,1373.4324146832005,3402.9213701681474,11325.976012594308,0
2000-04-01,11.790626584315286,-5.024459721862861,5.997670938412103,-6565.523358458362,1.3995750863973497,-0.3549556783924199,-3.0733242746792087,-2872.1650495292706,1720.6809500724776,-5408.132753103622,8473.527350499113,432.37716660802835,25.858500390523297,2.637649626822359,-0.7935287567456224,-1.1083961198181882,3076.480688335854,-2245.043829000868,9532.356090371462,0
2000-07-01,11.60959265249797,5.843914461540023,5.454995148494146,6251.37213437038,0.09583585642114745,0.8910753460697087,0.9707069830819677,3688.9009188198834,-6248.358129588305,4936.378588181113,11443.579141318085,6889.908333392523,25.732495026647342,3.505342791386056,2.076191389877958,0.8518016679374263,-180.20224720059196,3899.841518968362,11489.17003099915,0
2000-10-01,11.478550097478172,-2.333830072057197,4.853086443665378,-3182.2436128914705,-0.20505295914698485,-0.8178515430654301,2.7063427296451295,-2115.53020536479,839.2248619576276,-3979.9632324030827,9104.877329084658,-4094.1472326267103,25.583049098209003,-0.6614983368731302,0.7768576634065862,-1.0323837111832397,-2981.3247738137507,-2903.6002321926608,8923.009178963399,0
2001-01-01,10.943533902110463,6.508098948423613,4.569361387251902,12024.27132296376,-0.20143584070959064,0.599640627583879,0.13482379563650682,7787.189900383339,9351.776766533148,7201.898827710575,10279.713252245478,8517.929882877012,26.66143881966832,-0.42451129891941974,-2.40436551941998,1.469021544829907,1601.3450236895005,3363.3690570196304,12073.7168483305,0
2001-04-01,10.352538365453247,-5.223930643591035,4.349741189889955,-6162.500598662184,-0.2160738718185523,-0.363769075896915,-3.338964334167173,-5304.190681103166,1313.1159879794577,-7121.387284405697,7409.758989760041,-5366.663547116812,26.232482144251623,-0.05208843649572259,0.2534951887509691,-1.5893087302166737,2644.902074144673,-2472.8680825119845,9260.757159044331,0
2001-07-01,10.29936361834717,5.246033237117609,3.7603001119766777,5724.142699913529,0.16291507610311884,1.0546046661772888,1.3440573738806023,2725.0743009196303,-5426.400879214489,5474.971069017083,1591.6833003295033,2221.382084631652,25.85166593959447,-0.11110803188164908,1.5605809623702278,1.0733640307744583,-401.2826823330324,4433.990273462121,12187.822067853294,0
2001-10-01,10.634808704636022,-2.2711597601447475,3.8268808981070546,-3705.31620586192,0.15206554281383589,-0.9073906049907947,2.241492685830437,-3121.5066374410962,1247.4971230518422,-5157.68582203197,399.08846901239303,-7007.7420476895495,25.366199722042925,-2.081282437065653,1.3509499957923141,-1.4022019435098443,-3048.3223305093197,-3285.328425465723,9227.484479863697,0
2002-01-01,11.552393064700489,6.446967953751304,3.767288805433444,12087.187931005843,0.4448221185778749,0.7593470285578992,-0.4393057393778008,7080.0289365913195,7439.490771117853,9232.613327087805,-5032.785735250145,2284.383232564098,26.14443387147934,-4.163006618010549,-2.098663382960625,2.0799847948293433,960.490636212824,4034.9695665177787,12167.726849509434,0
2002-04-01,11.146145774819557,-6.29763507189276,2.591724148027419,-9892.962432501547,1.0252078987248143,-0.33621387405534975,-3.087362802668558,-5326.237036995008,-440.80159650038695,-8235.745088548589,-4723.758468708766,-3969.8740450749174,26.043342747516125,0.9269699855967204,-0.11246923335306658,-1.69232945722338,1753.1609081526112,-2890.3119676226015,9770.618376825949,0
2002-07-01,11.488179625744822,5.790612773952675,3.122569367569028,3999.4937145758304,0.3777443080741094,0.7606941322667868,1.7703108931930274,4678.335535929815,-5365.865733947983,5604.39011087027,-2069.336330848557,4360.941967792489,26.16066867155776,1.3846458518058569,1.6677170241732624,0.9790646307137969,-278.4371827211653,3910.7756051172655,11530.581285002494,0
2002-10-01,11.612386406787245,-2.7971336237178512,2.5675666058589064,-7177.140065331594,0.1934297309032501,-0.8986348455777193,1.8307543343725712,-4006.490215424579,483.0433610866312,-4822.552070112804,-1411.0104998879397,-5478.606681160032,25.55416941322598,-1.0321319777128437,1.032549618434022,-1.1510517701970127,-2808.830623918606,-3532.95108641349,8837.723652441413,0
2003-01-01,11.98947541861471,6.6142347824377445,2.728737486740185,9629.983363407897,-0.15264242068171985,0.8202149573586208,0.43864657774252436,9177.336509505447,9547.343379128288,9125.59363232358,1355.9679779005091,9096.25773989073,26.8892962541422,-1.004302412885842,-3.3583895164766733,1.9295431781224384,1843.295662600649,4434.747280316584,11590.596350615542,0
2003-04-01,11.283555338302984,-5.415554425085423,3.6957891857824388,-10067.758548566431,-0.18891043776594485,-0.49702620822337273,-3.67265010130388,-5051.831328297616,-2102.0436628898606,-6955.5352894137395,917.0152013061015,-5966.029521041884,26.72919907196464,-0.3170175362939318,0.3922715797955103,-1.3303491812424895,1742.7376999534536,-3238.1464497011984,8601.887206699519,0
2003-07-01,11.297660039711465,4.622888066522179,2.5511872980187977,996.0252214932116,-0.7158085075107957,0.8028679103791365,1.5552857204278396,3982.9466866566654,-4958.894062659732,5216.703217467308,-1253.2535388243268,955.6554176242935,26.82897979300148,0.1038968686972197,2.0086461595875784,0.9570688877083775,-1267.2664596561517,3850.0619156329813,11928.167895939454,0
2003-10-01,11.373718602002276,-2.5310170433432755,2.831946212796632,-9546.109095558,-0.2258553948107257,-0.8418388950697206,1.8206433364970351,-2645.4741188348125,216.25734613457462,-5611.758557213063,-869.6195831144869,-2847.929339287177,26.65283160903755,-0.18096824837128622,0.26714105776913166,-1.4032073133479201,-2055.504304196693,-3390.0002966588836,8795.143134568232,0
2004-01-01,11.502988047808763,6.502817043959386,2.724481173876292,7497.6031110015465,-0.08721860777527612,0.6199235633465374,-0.3647678543949979,10238.805894564706,10111.358510950522,7813.135931530851,-1139.4513985313388,7234.657343867977,28.197323784395024,-1.5892297401988955,-2.733936554353988,1.452007067088303,894.5499936270644,3934.8679134267404,12842.727784420556,0
2004-04-01,11.090222781437346,-5.5239664011065726,2.6067391506280124,-12987.09428404941,-0.2906262936689671,-0.6307910188432402,-2.4976270451163813,-8226.054714598635,1694.7578664981702,-4789.096438275956,95.66490332069225,-2080.569257361509,27.14867986717742,1.3986704402316903,-0.5000414769897468,-0.5580952095746774,1986.6123224106268,-3783.749011806358,8805.929868016234,0
2004-07-01,10.73654515371738,5.272704919864957,3.244033624130127,454.6664132025908,0.5248519617058801,0.8106861975633493,1.1218425083331311,5316.488430776095,-5108.476781502861,5126.955252624102,1621.5929015639267,5711.787208299022,27.4448718892652,1.6781404613501536,1.0103378102500598,0.7577671995585362,-1246.4553516748347,4178.626003354722,12242.986022239833,0
2004-10-01,10.532860453751509,-2.3388472657357218,3.447589487534164,-9667.595317892614,-0.29377680276243656,-0.7261084257869381,1.7480320662500262,-1667.765012372256,559.9077907156607,-5098.368202119906,2754.638348581022,-2784.3292865483963,27.570226586389623,0.17575604454334837,0.5537828435174208,-1.206665155076994,-1599.221956575042,-3073.4229188704703,8011.09618853753,0
2005-01-01,10.170491048740498,6.191086513887045,3.1448015162794274,7165.7401564053725,-0.38982598262286383,1.05778619379174,-0.008592335469529644,10202.782184839583,8246.141801168735,7845.635314821848,2492.830591555059,6618.668248556816,29.02717053210784,-1.8532607991820669,-2.447631394596564,1.4057432963022585,937.9652030398065,5440.759184864844,10589.772655763682,0
2005-04-01,9.319110067819231,-5.508180476189506,3.1620358986968133,-13701.15626259963,-0.4853730546814262,-0.5805906799735041,-3.063313681771916,-6759.567040648195,1089.9110624909808,-5921.018398068627,-661.8597219423536,-5352.42517488134,28.570713733339403,-0.5209840595212754,-0.5339506099410816,-0.849560740284268,1627.813920667977,-3833.473005997581,8335.127592721652,0
2005-07-01,8.410514203795225,5.9119293805631745,3.788444204744157,2434.038068493246,-0.2108763822906763,0.6695765310648216,0.986699798662876,6584.874257869378,-3085.658569705789,6059.354494968153,2541.80027450285,8557.978605413009,28.952088681843684,3.0562390858265545,1.190912750611135,0.8772531873223279,-273.3049189706653,4158.444315495504,10377.340248422655,0
2005-10-01,8.705397880156298,-2.5397887277120335,3.5748956121784525,-8410.654472167487,-0.6325567564294805,-0.36166979970096946,2.189438588422732,-2270.137898153087,-89.11397067058715,-6941.747800617712,2639.418207387891,-3299.6169393010496,29.0075326495621,0.22582717024985044,0.6820705155386522,-1.6752903897722007,-1576.5354579556515,-2108.1271108787987,7643.5838076579985,0
2006-01-01,9.027377655521066,6.27453367647246,3.6562869175851054,9685.55176655075,0.5281593018719386,0.6899660327784964,-0.6904883146541039,7711.654270423154,8791.957216808572,10648.677621704854,1058.1826624549285,4298.424763131305,29.529342460744672,-3.126982733324091,-2.07460778731191,2.137025455767187,1596.1716720702316,4555.4441868093345,9969.143890159752,0
2006-04-01,8.443339777225445,-4.550374597305429,4.706987406720464,-8174.171527571045,1.06634575591606,-0.8416863737784794,-2.643893576836142,-4383.91689228527,3319.774110951519,-8171.500220302063,5964.0075879392825,2148.0253496249206,29.60630845529205,2.822288592190631,-1.2927243825100287,-1.6128710586351929,1749.7470046731687,-4556.742030676112,7329.035831835719,0
2006-07-01,8.083576189844404,4.951168106084047,3.7571565495534642,6124.011185340409,-0.0779809345591711,0.8559183263109063,1.8594715904689494,6667.040795385081,-5074.853880626179,6556.002072328476,2780.396452132787,2883.5392954283743,30.13798225998515,0.5945093061008748,1.9021521405745716,1.1137178391937326,-1502.8332382867447,4674.752489539773,9583.123724983256,0
2006-10-01,8.264440285626033,-2.574406184963318,3.720302443816559,-4622.682576842955,0.5354334609655478,-0.2264973377511037,1.8464860584994724,-4182.295912356669,-1315.7867274894088,-6745.584462344901,3089.896146373576,-4120.935225761394,29.69270338682525,0.15234165385176368,0.9670033566296743,-1.5349028141217431,-1187.3847031706318,-1775.2853585101548,7018.5714281387245,0
2007-01-01,8.41907395608815,6.580531825973646,4.0189461500324875,15881.609620240517,-0.00544356461601514,0.17449989928961784,-1.1194505919762747,10106.830699786224,8334.721171669284,11895.885301796232,4770.911517563945,7676.599805360514,30.67469707822526,-1.9050515898436586,-2.418249435623922,2.3154741537575596,865.9649929151274,3097.380046613922,8959.696882209524,0
2007-04-01,7.932325613645819,-5.0219891231694795,3.5049907964890936,-3601.26036936132,-0.3542016237344112,-0.8700418529945964,-1.492091144526519,-8297.767331810115,4458.163844235591,-9366.412629538012,6218.144634406082,-874.204627901403,29.86304572285754,2.7156770215636143,-0.021678831618335614,-1.7697541138197401,1639.5954756744832,-5007.833290839364,7256.325701192783,0
2007-07-01,8.006347630277132,4.981536536066256,3.5349407639123642,12149.268271975801,0.1081782573410357,0.7514142399097228,1.3942157642439241,5870.988099957118,-6433.165563039685,7585.059875617546,4947.633639915963,2595.62885136588,30.086147585379063,-0.04080673625982456,1.5555754867822484,1.3259762293441746,-739.8764398800122,4465.071804766194,10038.37007901385,0
2007-10-01,8.570205517235292,-2.60677384123017,3.500543402366718,1816.6230033463216,0.42127997138542783,-0.42061771021845296,2.914255237917594,-6087.170503094196,179.885943773319,-6379.411295747646,7821.952693512561,-396.02049295984034,29.14535766607632,2.1347689122291484,0.686205054464117,-1.3470832564726045,-949.8718659811566,-2511.78436431523,7518.383348954258,0
2008-01-01,9.603033690624931,6.671809356762859,3.5891831743330993,24314.612989911344,0.4152199961683012,-0.010186768226239096,-1.1569424540504372,11272.41819328387,9720.794616003725,11833.447804600233,3808.3531957241794,5226.297275419769,30.353630115687118,-3.92599607641872,-2.7302334633604035,2.1380814299345836,1669.3510251612825,2470.1781756822747,10548.264354055593,0
2008-04-01,10.35792745934024,-6.298697311124757,2.1967223602844754,375.00261437380686,0.37194627325521246,-0.5889260893549171,-0.827250582476502,-11540.449271956692,5237.9618386144575,-8733.287270960638,990.8337361841259,-4039.4260980741237,29.082179943683798,1.8497702465722128,-0.057404934000064856,-1.240534878345752,447.72556598254596,-4575.55644862348,7449.810943906981,0
2008-07-01,11.23068087109353,4.6142680096133315,1.8391962574284326,16174.03740677418,1.1116585921914888,0.855518259294552,1.487088472548315,2364.441720378498,-12030.371888361464,8363.607895458852,2110.743296914443,1189.7363959788054,28.448052720315093,0.023995781378019387,2.2280475106158644,1.5185089159725464,834.0283354296625,4756.1323034085,10640.84561531578,0
2008-10-01,13.785513775626452,-3.499385695398416,0.9058369532592092,3363.826491518703,0.4593958169738155,-0.39855103639066236,2.2352733846492256,-8323.483948944995,-2788.3592883547244,-7893.0248378629185,1938.2808526393928,-5651.276628808802,27.113563619429183,1.1363200613460407,2.0804919218690134,-1.550846932130753,-688.9697978326949,-2810.2743393286364,7022.312370626942,0
2009-01-01,17.243569387107016,3.911630538836275,-1.705144855740004,17276.797299984668,1.0417167654381956,0.09901178191738502,-0.23757869272428422,2669.912154843114,1361.7593647351896,13159.951696966586,-7544.047286967703,-10346.005677862646,26.82330434782609,-9.262091758121485,-1.2818128886636266,2.939232573230022,-2589.262829322972,1826.1464010573618,8514.896569588045,0
2009-04-01,17.771252436270597,-9.112991131496495,-4.657404808041276,-15698.260587205237,1.3518928355612858,-0.7764484822466056,-0.41046354842187327,-15754.60778214992,835.3193220474932,-11081.618085339353,-15875.274783106142,-19630.718605092945,24.770723717250384,-4.22706440294445,2.212115215090229,-1.2804840122182135,-3573.090714498132,-6157.221676305009,6709.84866922347,0
2009-07-01,17.74950688636422,4.737795150377311,-4.54482553562312,530.108546604868,-0.1862809807867425,0.8366165366731568,2.289883135242917,-4852.227557465143,-12149.408217428543,9974.96407733157,-15688.177560712706,212.63203459893703,22.25578721503321,0.4118570152284988,2.424780538144828,1.9974190767728501,379.85579482419416,4479.449777881258,9241.34028198869,0
2009-10-01,18.6649099692578,-2.4731240725050174,-3.5296819226491194,-7459.41727470787,-0.5254295761901986,-0.7129272294862226,1.2645724531175802,-82.99997515823634,708.267935037089,-8461.399918301759,-14127.771429598215,4812.682558283021,22.795700569357187,3.7130681734245456,-0.2691233937002952,-1.9553899747470886,-655.65028203166,-3348.841398532648,6376.637670948204,0
2010-01-01,19.84349350682836,5.154939451432083,-2.3754087614585973,10755.6583029998,-1.2197779804417799,0.06044281057879353,-0.7825623014596488,4363.788546288357,6545.824804327713,14049.81905708705,-3446.278639894532,4443.424539104672,22.90103646778077,-2.5059962316436,-2.5858470920490433,2.993050493938423,578.3157466991397,1980.330602592323,8609.077676605915,0
2010-04-01,19.889004716658697,-6.885188906675632,0.017543589664703596,-13007.589912869385,-1.4094814219475276,-1.9686913996324389,-2.278311837690964,-8423.387242830693,6446.327463372785,-13894.751018503724,7201.409228966571,-1349.8877383398503,22.05944362990673,2.9836583804371344,0.15442426074865434,-2.5362858934981176,581.9056952170431,-9035.011776807274,7311.71075133135,0
2010-07-01,19.592042521918955,4.953707407840469,0.22372526067808707,4320.788788610022,-0.4072116645920112,0.3367930245092712,1.3252631538643698,2928.8279408302187,-7838.851051709935,9184.990357103146,9606.170554999655,6660.707934023565,21.858070717073453,2.6385966883333865,1.276922604092313,1.7032193556212434,-1081.3173184446423,2520.8429548464883,9936.608066496274,0
2010-10-01,20.11455655320805,-2.5530234690117504,0.14161645643486764,-3671.720829771133,-0.3050684269224997,-0.4116375576973432,0.8881188134057965,-2935.908052035753,-143.49179603526136,-9717.370641684116,9930.125881264961,-964.2691776191932,21.56683675993257,2.3222605482702576,1.48962473285161,-2.2982415058584635,-435.73268748351256,-2157.129512933592,6431.009206448614,0
2011-01-01,21.07815002955361,4.999814453937912,-0.006112866437724129,14254.351496023824,-0.4465980733740028,0.38030135180279956,0.08021924928576141,5235.141392925478,5965.246976621711,11955.16833529342,12679.73745721842,5952.02332862583,22.00697776149712,-1.50220097317262,-2.2538162649664804,2.4399249239048935,2992.8216224952703,2734.052071980608,9584.041952524096,0
2011-04-01,20.643308247607195,-6.6019172649363185,0.29808613519941574,-8363.678985456703,-0.10439434140784931,-1.5843794287829835,-1.8261918049569772,-10371.141486589127,4494.397080676252,-11302.553994709713,15662.66305055609,2789.6230291367683,20.45070595977049,5.42472353343102,-0.13884177604679637,-1.8674165833066887,436.3469870151166,-7279.1306465464295,7069.342352542354,0
2011-07-01,21.283934845097413,4.239961055111929,-0.38399928067323064,6686.206607626693,-0.7283345010494213,0.502399108274969,2.1271862195496993,1935.8312809295312,-10699.134966450278,7697.6216170340485,12851.557696320087,-2677.429945010008,20.176092084985797,-0.8749842431401191,3.1308420566351947,1.4147695809799181,-2829.780001336694,2720.3991989352216,9428.880662812311,0
2011-10-01,22.55645192254365,-2.619082658817795,-0.451528849403815,-1536.1852173623047,0.9130374911983752,-0.6217884889222498,1.2155739279246944,-2845.3218400271726,829.3469229213661,-8837.311431151873,11838.232826876017,808.6461013656663,19.87769461250139,2.7320749898450103,0.7322074691128966,-2.0445316779864235,-507.8489576363281,-2777.107373406947,6488.227685769937,0
2012-01-01,24.187684035334783,3.426812619955566,-1.9428641294172766,10865.60946749046,0.2078076480981288,0.3938552219677689,0.8808502788278503,3033.942529322245,2677.3288930463605,12465.181067880316,6168.496943857404,1272.495529902386,20.08617107363909,-3.8346912342803066,-2.6210147426492028,2.9308925405417696,1594.9607202663974,2164.197415494571,9317.149472806714,0
2012-04-01,24.398135337065497,-6.724055298820931,-2.07109487498367,-11946.255424356845,0.6210185899224689,-1.2208438173423195,-2.6340803075144947,-8538.307966548367,6245.845587144751,-13498.656574232162,1922.3352391041117,-1680.7154371127253,18.918044430414707,3.112294863036027,0.006589448995508285,-2.5505234927302283,-426.000181291216,-5672.508172077065,6627.202259978065,0
2012-07-01,24.79237524423312,3.081643501427078,-3.159283787098399,-1296.7060749636148,0.24966707772484753,0.5121563491010201,2.3141867105060356,1807.9278305969056,-11155.368603155599,6582.1815369145115,1918.7832854201115,-1800.6579053682362,18.889865971253563,0.0338678487318802,2.912218571281477,1.3752322771037946,-2935.6282515484054,2321.8577494795827,8259.607265096056,0
2012-10-01,25.774387424872856,-2.2813457082677457,-2.823420364614526,-8528.147089525242,-0.1242789359580212,-0.5126850172495772,0.030245880976295325,-3859.8141411286124,-1966.4888311595132,-8714.04528453896,4678.388074242423,-467.82753152442456,18.156813127225004,3.0594834669054976,1.999428999343281,-2.1645882011164232,-1039.553692321395,-2181.75148312252,6725.179721407871,0
2013-01-01,26.9353537780371,2.845424356500703,-3.3696744881975604,1099.0568291701493,-0.4891030765362876,0.5231516648348276,-0.11349671941765394,4096.360939247279,4308.16540497134,6915.557996562864,5316.443482024493,602.2428245892661,18.86600357283435,-3.6419767378984034,-2.3753567383002654,1.5292732443586416,2711.0393868652536,2325.7225163835246,10251.557962864144,0
2013-04-01,26.057075392431027,-6.333520165810458,-2.965094967212878,-20231.759200920467,-0.323175325056845,-1.413793678144204,-2.1474642518552116,-7706.37017300474,-360.64963058943977,-8102.092619615702,2322.2963853451074,-5337.078890634046,17.708337532806283,0.901697836166953,0.3915461796535178,-1.1936354379056908,-977.8800024981028,-5864.299439833363,6783.475944561915,0
2013-07-01,25.647509644678813,4.849921810172519,-1.3005433367542896,-4995.916459780827,-0.48355910902247956,0.5219195470155009,1.6862601899052265,2001.986630668369,-7501.286525545496,7234.409814127626,7339.53045561543,3518.4557303832407,17.49212524410784,2.173977698712676,2.733027419752565,1.3003338227448396,-1447.6165423466664,2510.6366209554344,9342.221981464938,0
2013-10-01,25.72775976559113,-1.9349997741764602,-0.9507211276776006,-11758.360785177094,-0.6766229922133626,-0.31894108343989647,0.5882126457759114,-1745.6301665062856,1242.4926801157417,-7660.9542458115975,2551.29039884558,-247.13825363303476,17.30120386504039,1.5052330138915408,0.5255754961903456,-1.9523013140286345,92.6995775169853,-1397.385457923283,7125.965193228324,0
2014-01-01,25.92783572730173,3.2794933014850036,-0.5326741776010446,-1632.396450352273,-0.7497753565750118,0.45426516652125937,0.23011838850754884,3806.6039553874944,4738.139044180658,11824.55894647212,964.2105778116966,2177.400204324076,17.883694723228537,-3.9430339157566294,-3.386004137026219,2.9337011671940303,2579.230410862343,2090.0397064424033,10927.140585013643,0
2014-04-01,24.47303478862634,-5.082741118809109,0.7955666959766461,-19490.84849118034,-0.4779902020601452,-0.8729513985045108,-2.771449517893501,-1986.7500763953794,3518.6110208964674,-10697.220822304553,2620.0383193878224,274.919693081858,18.21897225282981,2.4018356591734786,-0.8636189391365694,-2.2120719660615293,-1427.2228526971667,-3764.321319104605,7286.7357906746065,0
2014-07-01,23.66898223856059,4.962089219799215,0.903396796590461,-4621.295328939799,-0.53731944085935,0.7339143108350017,2.1488975508073196,3167.448653422922,-4753.570481451257,6453.316719320028,-294.4759895324969,2351.3813455718337,18.303011830148783,0.7488663671682048,2.230467038283373,1.0250600959241432,-547.1226098290499,3226.7434828362166,8922.036428890233,0
2014-10-01,23.70151301961193,-1.0286740867109234,1.8359552043677896,-9226.25415585714,-0.05544240103473719,-0.3693974734905794,0.15128631060703412,-3271.8388449480844,1897.0605381061323,-7021.142870700249,4766.99198938311,2002.289198536062,17.506599238114546,3.129187484988563,1.3026575560484623,-1.90854247520571,-336.9344458795531,-1417.307518231526,7216.172099648064,0
2015-01-01,23.776168807916363,3.9600123753598337,2.506962659066825,2580.063407883281,0.19623462466792674,0.43963517892971726,0.43993754568766974,4299.220632080767,3375.452668900165,10501.506760049771,5626.4719108434365,916.4694749589253,18.086821476113,-4.507104439160443,-2.7009365126643035,2.353881947617406,3453.0401694493194,2199.9353983081164,10181.430893663966,0
2015-04-01,22.371879820121222,-4.161047548614405,3.5023560100411855,-13231.184910602693,0.23646873339416663,-0.6561699481058065,-2.8371251013170706,-2779.0041705248877,3384.731445486279,-8503.146964245789,4767.618209074266,-1642.6936336216022,18.03099179130086,1.0578650299367354,-0.5340374700611947,-1.6823199500425616,123.07735189868981,-2978.578552385985,7699.477450950761,0
2015-07-01,21.182995261905283,5.660644024503214,4.191195843798634,3889.2926044496708,0.3009491214269384,0.7092700952156497,1.4723826261576107,5825.296551905914,-4023.2202392326726,7328.820627665518,6434.992458820736,4474.286103696795,18.733658167092734,1.2696511643442818,1.9829092222887652,1.0896833590246793,-1644.6431859217773,3410.198895906,9799.172034927233,0
2015-10-01,20.8951765564819,-0.8706196855536974,4.357586229225774,-815.0237954294425,-0.3243385011106157,-0.4274964534827568,0.7256780477103604,-3682.2159471428386,3283.475244999281,-7966.324943780739,4426.490182330701,665.0564791266515,17.83415556101227,1.9657162561672124,1.0504759573788016,-2.1269053271196903,-183.11260519523785,-1652.7631480771088,7994.204287044005,0
2016-01-01,20.99557425178564,3.76904863212304,4.16589218411989,10511.183500051324,-0.390042486086982,0.3940543138900967,-0.16462933533254898,4942.942333696257,1414.3069933454099,11395.075584610357,3444.8384829735733,460.55413805948047,18.5628531942652,-4.703043277904868,-2.7307838855748305,2.52634203329238,3036.2791622252407,2103.282114646292,12178.5770906382,0
2016-04-01,19.99807656159156,-4.672050935729521,3.6104904151475825,-8004.271544795018,-0.17618202469223165,-0.5222253509056207,-1.8542200308657613,-3713.3129020827255,4888.973983025411,-9929.838710848097,2109.9351833123656,-5226.2554380148795,18.38789898922109,0.003216781882215969,0.14587365377490302,-1.9040494382266004,52.82124952680897,-2739.085072719743,8667.667273410145,0
2016-07-01,18.9108161219872,5.223629448194855,3.1819553159352587,8143.566338482953,0.25099148396184434,0.6410497157220822,1.2693028044518115,3040.9030636722528,-5267.545947856095,7614.133729187,5740.429863674493,4742.735031018834,18.31927036784214,2.528805180190062,2.8366946001282045,1.1988274412599367,-2485.251471509466,3229.723202056168,10685.951477095115,0
2016-10-01,18.63104999142703,-1.1799739402707954,2.8599541414523477,2192.5464516795473,-0.01544382534040567,-0.4163305389235754,0.6929363345085306,-3747.9643061346433,3510.548320474336,-8275.844530328352,3433.599941760447,-1819.0155362500227,17.485094148846212,0.7808258275468489,1.099090706201669,-2.090548193852033,195.07273840289417,-1728.0324119928518,8474.027118876757,0
2017-01-01,18.75002754116854,2.971370243016347,2.0692640117392136,11126.766348094505,-0.27941366788353905,0.28263743957669263,-0.4316290803431144,5785.966216229921,2499.744551964919,10065.152692648233,6062.458475233638,5718.0835016924975,18.55909297486067,-1.9713325760211902,-3.39981789937186,2.239897996594344,2673.579089091654,1604.256645378926,12244.208893428837,0
2017-04-01,17.222671993523296,-4.450214067050795,2.306788537746196,-6746.325108049845,0.10493515404951692,-0.5823310248814737,-2.120603565181696,-2208.72719961447,7244.4184772265435,-8904.647379556416,11407.21590430048,4515.397269739609,18.792818671454217,4.291610129972732,-1.0837547259833753,-1.6213368588750576,1685.6469272512986,-2961.982507671102,8705.935241505587,0
2017-07-01,16.380827798726123,6.119465736519802,3.1777918874189126,13221.493200115685,-0.21319264191205756,0.7204955537564688,1.9348754043764131,4599.362707589171,-5488.459887914942,6718.551398623727,7494.242320259131,-1942.9312868114066,18.946647041348204,-1.3117550592296539,3.5065711764800325,0.7606377198957013,-3055.1490546470013,3765.05783082539,10628.39101946204,0
2017-10-01,16.545940935906277,-1.4210563965420975,2.926078176213931,6593.8769327435875,0.15390227228018905,-0.4426184519173564,0.6755060742194985,-1836.2478899565322,1580.8529392467462,-7113.848027712673,6873.144869590658,868.7167439800833,18.718576903008668,1.5283558449816042,0.18046565226203892,-1.668966446930174,-129.67982785087224,-1927.6355673246617,8613.820057794426,0
2018-01-01,16.744815904509423,3.185811398551097,3.1404250095781627,17049.76426179259,0.5228079992577315,0.3551081669252083,-0.7900558933514503,3807.217866095394,2689.2559954224853,10045.370177704543,7533.909801357891,4302.061856002154,19.147725972586795,-2.3768116676592825,-2.7399435485929464,2.1246019479094826,4376.777582149996,1967.0587833660102,13103.254197373042,0
2018-04-01,15.284529346331382,-4.986859128960863,2.5611479424004546,-2880.899107774254,-0.1307067049957693,-0.6003325715877423,-1.5522447649870514,-2951.645589809399,6682.810223044391,-9013.590299270472,1191.7363640468393,-920.3327557432349,19.33097224917524,1.4610188286522998,-1.2973324329629914,-1.4925153390155401,-847.2401363222016,-3232.1360319075065,8848.904705520134,0
2018-07-01,14.553251072022402,6.054806115632205,2.498656439095881,17925.124840099248,0.04434934622961739,0.683739362324788,1.361044452626615,7274.454627529616,-7033.519310446078,7200.278466835698,5309.976326798031,4812.0204861709935,20.13693545866542,1.558725316465953,2.747612540842314,0.869229605245085,-2111.9933947936443,3715.1118410766394,10937.687797346678,0
2018-10-01,14.448880357166283,-1.915390679034512,1.9846663522161245,9820.836775725998,-0.0763022261244477,-0.40392064001521266,1.0545846593388717,-4508.727838744162,1838.5295608062297,-6216.618984181143,3353.5383041602036,-625.3523796512163,19.323484190119665,0.9718633381277897,0.059012714835839475,-1.2976041634705773,-437.6760032439415,-1931.6769603498433,8035.425762137669,0
2019-01-01,14.695097107157409,3.74613217736528,2.5384646593967553,23133.09975210292,-0.06814288087417308,0.4477383961547039,-0.3568342735452745,4815.218322695946,1684.7082183618331,10831.802877345137,2025.5821268310247,1832.7715383692266,19.867916918733613,-3.759112534467917,-2.3648769667271328,2.1640528365419414,2653.4773283280083,2489.482169409959,12684.2480805732,0
2019-04-01,14.024440537431357,-4.747953468332633,2.796292360014596,4147.567799288547,0.14107857863310924,-0.35264735530631786,-1.9198085387641584,-515.5026070978347,5375.118121800158,-9400.14199393164,1774.145221812665,-3456.26989148173,20.718644788131936,0.5993643030196409,-0.6890535337057501,-1.567966264342715,257.21554297496186,-2375.7642119282173,8031.39486752423,0
2019-07-01,13.921961825481729,5.065577886663997,1.837457980317314,22343.222696348676,0.44103259714777154,0.805806700778466,1.5662361134932468,2784.8099510109023,-8398.945634753938,7717.362846267657,1017.9189281213039,851.9943039693608,20.437568045512613,0.8656189825435945,3.5455030923543056,1.1190797777398416,-1867.9179668376164,4151.198368979785,9761.971781105103,0
2019-10-01,13.782665768519957,-1.9541069104973219,1.7972604139300463,14290.853205093183,0.6141851856994297,-0.6355824563065662,0.6273392328939735,-3522.8693542425463,4459.101926866104,-7952.231114413735,2716.5909852426266,3223.83423115201,19.918709744442136,2.4376504532098124,-0.49346580430842657,-1.7086646028060741,-271.1307446889914,-2894.0869789009303,8212.730975544073,0
2020-01-01,14.407918484146071,3.409545077361753,1.4669961047753644,26775.567557888222,-0.1549974620149953,0.43440044703671354,-0.06537112225097985,3528.250526058764,-86.52604965530918,11925.975318622732,1726.424288405935,-1528.4225833702221,20.158984750442304,-4.635739691636019,-1.717242754073522,2.456378632067178,2685.967348815735,2441.487430776873,12511.51135909796,0
2020-04-01,15.32636790563908,-10.010710813241907,-4.139142539592299,-13153.84209311707,-1.6591526392973062,-0.8756381962403736,-1.1434600983056384,-5219.5904578197515,-9627.451769758249,-9875.224589011865,-6873.721683991404,-9594.812479581626,20.92688949339533,0.23552546052877688,-1.2430447429958185,-0.5744160031402288,-4684.482725611328,-5495.513099910491,7544.604301941104,1
2020-07-01,16.25734722573996,-14.15239784564154,-21.67344510954896,-63946.4363741884,-4.785730230397746,0.8148378179284474,1.9885593262795709,-12237.223056138471,-48411.84554936344,7995.747073178456,-54666.86971563693,-34043.302104863775,20.34955660961023,-11.41709826513592,0.5208420286569351,5.819972803091925,-10143.734828131244,-133.7690565455232,10327.647279656212,1
2020-10-01,16.1280951782207,14.140307149739705,-8.815996759641786,-21890.736932860396,5.707959748417211,-0.478121829647292,-1.162077965833646,8710.171081897504,39051.63242517895,-7445.66292499128,-34086.61749896615,20470.598431891936,20.33992039170101,5.5385162128745336,0.12251106662328692,-5.26396197285862,10457.916322054494,930.3408251709698,7669.840919429629,0
2021-01-01,16.14137707090211,3.4365031163210435,-8.792225821378985,-11121.67735557002,0.018686260119717524,0.2782787403317242,-0.9054775769688632,4068.180154740374,-8602.254854650586,13294.871272155739,-19728.4929125926,6589.559792529995,20.79815606636309,1.7259150114457285,-0.054556859022178994,3.044840165556895,4200.152279847542,1659.3952020722863,12336.815492524423,0
2021-04-01,15.39062332367772,-4.798701014903384,-3.50964367188501,-29737.998605023895,1.3085843799728294,-0.8144588504803014,-1.5679210314716272,-4229.682181112556,3068.5175902397314,-10795.367451849583,-7619.073175607264,1233.9738191467331,20.60806187296251,2.5876391681381037,-1.0970100121498607,-2.0044170117143167,-1268.0545819861509,-3784.3916005760075,8373.787211717283,0
2021-07-01,14.710636510583056,6.221214023454902,19.389738717446225,-10149.007282001898,6.656181415342713,0.77410757334036,1.9873982961963037,3938.0228224599414,6844.992763436894,8545.746906320739,36504.79845245379,8478.474682390239,20.48659245028231,1.711874269175233,0.6952137893076603,1.1293066615233833,-2282.369615272444,3872.8746659395256,9523.26426416836,0
2021-10-01,13.44248297649796,0.87095901325136,5.510119444231498,-8892.587494324718,-6.657092110098809,-0.7832049951823068,0.38140969185971585,-2289.7373095000075,6809.25800740681,-9044.893885096652,23095.03306144284,5628.411919599559,19.683988489733206,3.21275687626634,0.6845956864771758,-2.6622312887467814,799.0968798716349,-2683.287309772353,8489.63750779578,0
2022-01-01,13.731344558633824,5.006175403823021,7.111259327666919,7297.899576518626,-0.5567851187162169,0.3943759830844664,-1.432676576341052,5061.572648013709,1112.2760928530479,11728.981224374293,23170.138068885193,13000.817095806677,20.06278250642971,1.8810070834131665,-1.7394536421956086,2.127212117432638,7862.1233851221405,2431.630565162355,13738.780226814964,0
2022-04-01,12.688385257119128,-4.3588522221365,7.606134488082428,-11781.816399662057,0.4554983423469041,-0.5394596760499857,-2.499630020501243,-1233.3905882322142,6685.065213806432,-10159.68951977964,27389.286608359456,6042.30998086679,20.641537693459806,5.21260603852447,-1.2482899413197586,-1.7831200594999572,2474.7750284286594,-2886.2934718149227,7504.318068158592,0
2022-07-01,12.7288483543111,6.0250171347061565,7.407379569011563,7848.86200080358,-0.3644656314882675,0.8752723962570919,3.3793674048807816,5776.860479131094,1400.7420772024198,7099.368932564626,40562.519053642056,15398.796402977925,20.95112208584501,5.922888399625123,2.342068529858267,0.6996865031815354,-5274.486873305512,4485.793873947881,8331.297282914404,0
2022-10-01,12.99030869688015,-0.25017844896361163,6.213592594731443,4208.069142285385,0.2864322803197301,-0.6506246057467733,0.6364613684873177,-1953.5948843451333,5275.882385504199,-7411.394970867957,34203.14594333364,372.808933396067,20.50104250013141,0.7657576711756917,0.37414246870086787,-1.8555363674843797,2405.9361540473037,-2584.70260563141,7136.90290751945,0
2023-01-01,13.376293528683275,3.25495210133262,4.442232789674261,14061.638431079395,0.8856117213507132,0.4449209120998079,0.4714847477148112,225.36309072228323,-9088.080959139188,13125.051562691806,20911.30477812892,-5686.793162618764,19.910933194471564,-5.642209260265588,-0.2848668834423458,2.6842652396234286,6112.184957135643,2428.3810231566276,13508.89251352968,0
2023-04-01,11.668453375217103,-4.560483285362082,4.222047242633908,-7150.555292226607,0.017071773701837545,-0.6581845754631708,-3.232662393354204,-2412.851799478274,5766.791547890927,-12977.7380471293,13180.794173874398,-13521.20255508757,20.23241318898522,-1.542206172529248,1.9490159633361241,-2.371470356771855,-2331.907174792803,-3532.366208218158,9342.941600350743,0
2023-07-01,11.89145885542911,3.7232679329100016,1.9594396002743153,4099.874917546986,-1.4874828970727152,0.8724687708055745,3.311657705178618,5074.344378771377,-2732.8932268094504,7828.592224991196,-8550.55246923698,-1953.717638406757,20.78339519104995,-2.522195833927597,1.0170867521625637,1.2918449205257332,-8478.497406661249,4160.371448318587,9581.192134263132,0
2023-10-01,11.79687016762541,-0.5723311232823769,1.630150729091051,-1270.1409821835696,0.06282489696552274,-0.7511900956480231,1.1003152574347865,-2229.8894159792835,4134.5670002517,-7249.2244728681835,-11008.712639566249,-2795.1170335084607,20.338520043166984,-0.4560317343956797,0.5697052482022213,-1.7189178714473243,-751.9184033345446,-3097.818373169688,7780.032847856841,0
2024-01-01,12.291201466078364,3.7722417472234593,2.139300398066646,10461.828111343319,-0.17094068408636276,0.43084298462494,-0.7797535933225817,3663.716833530503,-1969.217274570081,12233.260867148187,-7728.844431524922,4850.517588843184,20.492967356201007,-2.2323792374779288,-2.176774901675445,2.3126011650673988,5280.966748146922,2509.4638975651615,14495.74050743178,0
2024-04-01,11.273731587561375,-3.9449373456507786,2.798057208759319,-8936.935764325142,0.34784654150514727,-0.5313372881745506,-2.5203415807031178,-5012.460433112021,6770.555350409442,-11287.138644397157,-6007.838493365969,-7089.114457433941,20.06157723495448,-0.11881539583633582,0.7477410499651516,-2.012708055271453,246.73611279779288,-2968.5116668267074,10945.97653749104,0
2024-07-01,11.205960019693128,4.783641090143842,3.848971845872984,6618.5683774756035,1.0724447069244967,0.7841370687145952,2.5859136238201614,4858.5573387382465,-1310.6815384524234,7029.667314924693,6333.639970601129,7540.976981489061,20.32332218400624,2.280750184984143,1.625107011171051,0.8465178033655114,-5242.9383264900025,4155.9118540659365,10452.185703624626,0
2024-10-01,10.61406593766102,-0.8268019995918863,3.5831852779285356,-111.56420368200634,-0.3874074007156989,-0.8579155229081614,0.8911500005210797,-1958.7033126353926,2487.0250567208277,-5850.486472787874,5902.607552656846,-1926.509350110544,20.01405224696444,-0.13749852947320562,0.2508759398372069,-1.2662323786391951,1264.3209088050498,-3703.8113864357765,8524.951017962852,0
2025-01-01,11.359175062921,3.753376889621207,3.564354789087254,11896.543493622972,-0.5041514767490693,0.5607736177941307,-1.6931595292455626,6043.182094488744,1530.9303501378745,11313.065010806473,1925.4661677712284,3262.472738461336,20.713540589928023,-3.535940374188357,-2.686100567033645,2.0007031514789233,7110.653845278051,3120.0233681179634,15136.71734196532,0
2025-04-01,10.28571658783811,-4.657261042990113,2.796343795420131,-11246.110670975002,-0.0284431049349525,-0.5388259519000824,-2.696527661888254,-5684.263560581487,5742.723297359538,-11321.347775759787,6154.2614822370815,234.23239382042084,20.320971480399077,3.281425546897225,-0.015696573940114256,-1.8025482384102673,426.5293333019072,-3243.686144254163,11017.23573897406,0
2025-07-01,10.452674567905184,4.733176700435382,2.7468364992436767,4519.4972494771355,-0.07398765319451961,0.9747116966348432,3.097537182558284,4593.9953027194715,-2368.215791145136,6923.279183486899,2475.54787593495,1169.9493666901253,20.486326929485195,-0.2889429986164913,2.251430364611402,0.7945189476680063,-7282.091721234392,5058.47747136647,10709.721730181904,0
2025-10-01,9.932078074128723,-0.871354414583625,2.7006786683871464,-2578.839242951013,0.2179482353691956,-0.7875813104105491,0.7752880535782367,44.93506600652472,2008.2962953739043,-5829.895398662193,1269.883722636645,-1296.809137185919,20.67709783662848,-0.22885744399134467,-0.1907920753276322,-1.2172425514906493,936.5841147187675,-3524.2098791247045,8511.849652621708,0
