fecha,tasa_paro_total,IPC_2025,inflacion_yoy,inflacion_qoq,IPRI_total_industria_2025,IPRI_bienes_intermedios_2025,IPRI_bienes_consumo_2025,ipri_yoy,dummy_2020Q2
1976-07-01,4.40660466995354,,,,,,,,0
1976-10-01,4.721304478738997,0.3707574891040686,2.2775492427140023,0.37230619203239,0.25504273958409485,0.20471727082632185,0.48816468852678874,0.9599399725665503,0
1977-01-01,4.920446278303366,0.5495625193102871,2.8596625102099793,0.9193928783440903,0.5472792120241987,0.47084972290055305,0.7376114799168505,1.5383771132703732,0
1977-04-01,4.762782516744339,0.49171383306709693,-1.6334789279223614,-0.5708391501771122,0.7438746571202763,1.0440580812142635,0.6759203379601679,0.8163824744565247,0
1977-07-01,5.318263949904957,0.7862162357596905,6.326862544923014,0.8458909605116192,0.6562037153882461,0.5936800853963486,0.7617514919868569,3.2754677178661034,0
1977-10-01,5.656159939514943,0.44964206125387207,-0.24666578929897298,-1.6065445263206966,0.6163532873282271,0.7983973562226758,0.7805270569301967,2.902221829464523,0
1978-01-01,6.418204584821114,0.3786459463190486,-3.5522715400787988,0.2535733710620436,0.3639672429481351,0.4065100092122762,0.5283980419767946,-2.800296680846344,0
1978-04-01,6.550980420698847,0.48119589011379205,-1.327726915647169,0.06655055605971527,0.5074287839641869,0.7925482913419231,0.5257158184134685,-3.367170690996357,0
1978-07-01,6.997596933205265,0.5390445763569769,-4.100466645385087,0.20892081247520333,0.37990741417214124,0.6141518124789798,0.31918460403674764,-3.1089905350072495,0
1978-10-01,7.529176279256874,0.3418331459824753,-1.7836166879480224,-0.6587282632103177,0.3453703765201297,0.3889628145700179,0.3808757459934249,-2.7909037041882208,0
1979-01-01,8.02532439862059,0.4549010327305236,0.1357028284047601,0.24178234733305293,0.5818162496762138,0.8393408103879416,0.7161536914101809,1.2812358396109342,0
1979-04-01,8.051641556248788,0.4627894899455036,-0.8434995310122755,0.03965872108847934,0.47289174631217534,0.655095266644242,0.6330047609468252,-0.7251066923537568,0
1979-07-01,8.579398497282341,0.5732278909552235,-0.4076308827693893,0.2820496978902891,0.8182621228323015,0.6960387208095078,0.50425802990679,2.698406716458381,0
1979-10-01,9.361159162231258,0.4496420612538756,0.44868706126441715,-0.4629947008198816,0.5260256503921958,0.7983973562226794,0.7000603500301743,0.8687609992574998,0
1980-01-01,10.443562990412932,0.6678893775349888,1.1020824323496683,0.37964489613340935,1.0733048624163963,1.137643119306297,1.1614028029236287,2.5749556227792,0
1980-04-01,10.910943783614185,0.39442286074900323,-1.0910606083282435,-0.3309384217612916,0.5260256503921958,0.7779256291400429,0.19043787299671777,-0.20787408970291565,0
1980-07-01,11.261434325328198,0.5968932626001724,-0.47142276532506955,0.16374986764814037,0.6535470201842415,0.5732083583137175,0.3352779454167454,-1.9073433733430498,0
1980-10-01,12.183754395169354,0.4943433188054236,-0.16406565230062675,-0.15433268244042786,0.5074287839641869,0.7983973562226652,0.635686984510162,-0.6279665092677504,0
1981-01-01,13.09014977373773,0.7231085780398523,-0.2977384250263686,0.42762116933431704,0.9457834926243507,0.8188690833053158,0.6544625494534912,-1.6094901412649314,0
1981-04-01,13.33816746590179,0.49171383306709515,0.2650717451621549,-0.9788980309355302,1.089245033640399,0.9358503809203498,0.5257158184134703,2.5595501491299757,0
1981-07-01,13.777221705169843,0.5811163481702053,-0.6597272839015798,0.7904170743405328,0.6190099825322335,0.7135859154517661,0.6571447730168245,-0.7509901277330222,0
1981-10-01,14.628644990253225,0.5811163481702089,0.0972632956129793,-0.14761461668340048,0.5632193832482066,0.6755669937268785,0.8207604103802062,-0.1355791642878721,0
1982-01-01,15.120824141421,0.8098816074046304,-0.09521456419097696,0.12268690965261775,0.8899928933403345,1.207831897875323,0.8878159994635553,-1.0036248377182542,0
1982-04-01,14.92938519806428,0.7020726921332354,0.783033788557395,-0.04931314445260071,0.6349501537562254,0.8598125374705745,0.6330047609468288,-2.8186428527760263,0
1982-07-01,15.49652447918827,0.5968932626001724,-0.38485299418330854,-0.5431461400656017,0.38256410937614405,0.4708497229005495,0.5069402534701304,-1.38237554096321,0
1982-10-01,16.14727859900482,0.48382537585210983,-0.9704780186734858,0.4893915025286466,0.7465313523242827,0.6346235395616162,0.9495071414202343,0.5162024574571955,0
1983-01-01,16.784994299122012,0.8282880075729224,-0.4656815260911973,-0.2542424301552604,1.4319587149565294,1.3833038442978989,0.9709649299269074,1.8390150322232781,0
1983-04-01,16.374337153283257,0.5416740620953,-1.235644292231557,-0.14092683775379644,0.7279344858962702,1.2283036249579595,0.7617514919868533,0.03155637405905054,0
1983-07-01,16.644457391201296,0.47067794716048894,-0.9491252036846944,0.03799905514629087,0.6721438866122469,1.04405808121426,0.8422181988868829,0.9522730350202657,0
1983-10-01,17.392661057873767,0.8361764647879006,1.3927956860052308,0.4815999257292999,1.036111129560382,1.3277377279307458,0.9951049419969102,0.7179635038796395,0
1984-01-01,18.942805401538603,0.8388059505262291,-0.4159977740116432,-0.3949692368044655,1.2513034410844668,2.0003801892172532,1.2472339569503177,-1.4624145203264138,0
1984-04-01,18.985021128780183,0.4364946325622334,-0.7446416261987228,-0.34432964075647254,0.8182621228322944,1.2283036249579595,0.8609937638302121,-0.02695828061190042,0
1984-07-01,19.251198173716748,0.699443206394907,0.7575221278124005,0.24482820900990632,0.38256410937614405,0.47084972290054594,0.6142291960034925,-1.3289374922394614,0
1984-10-01,20.30256521466569,0.404940803702317,-2.1974055715886145,-0.21837786791768887,0.4728917463121789,0.5527366312310846,0.6759203379601715,-2.3189368635659537,0
1985-01-01,20.680475752643748,0.8519533792178606,-0.28379920809430814,0.4747346000693634,1.1795726705764409,1.444719025545794,0.611546972440145,-0.6358444881804903,0
1985-04-01,20.6791208389996,0.5074907474970587,0.11767720950602367,-0.681689342095663,0.5100854791681826,0.634623539561602,0.6356869845101585,-1.2139781605628919,0
1985-07-01,20.44430614344776,0.2839844597392869,-1.8492790105708732,0.20951856905186972,0.3081766436641118,0.08188690833052448,0.5257158184134667,-0.32804043217273726,0
1985-10-01,20.58154141741648,0.5548214907869351,0.4449915203459387,-0.02950393134613094,0.3241168148881144,0.4503779958179166,0.3594179574867553,-0.5677786466756185,0
1986-01-01,20.718555557261915,1.104384010097231,0.6648257016978949,0.6490921338073866,-0.14346154101603759,-0.1433020895784054,0.4854824649634608,-4.165921705810426,0
1986-04-01,20.09247786770194,0.3339446887674917,-0.7851431115255547,-0.738890219174615,0.053133904080013394,0.020471727082615132,0.23067122644671656,-1.3806565982300565,0
1986-07-01,19.659331077899218,0.6836662919649541,1.3345552429243686,0.2921351316969985,-0.1461182362200546,-0.16377381666105606,0.29504459196674304,-1.3273646516942814,0
1986-10-01,19.681370139262267,0.35498057467409794,-0.875348348688668,-0.5782704354494276,-0.1062678081600339,-0.06141518124790224,0.5096224770334601,-1.2366462422729874,0
1987-01-01,20.00485741212933,0.45227154699219696,-2.504027245644558,0.3901983219844918,0.0903276369360313,-0.4094345416526437,0.2521290149533968,0.6684218752627998,0
1987-04-01,19.218399762408463,0.2129883448044687,-0.46480797082982406,-0.5432098614412962,0.2337891779520831,0.10235863541316093,0.27626902702340317,0.5191884691704617,0
1987-07-01,18.91651383405901,0.407570289440649,-1.020741341879809,0.5904328839567006,0.223162397136079,0.34801936040474857,0.14752229598337152,1.0679283119488923,0
1987-10-01,18.69997253063878,0.3760164605807148,0.013978305886941378,-0.38907354090389484,0.1779985786680669,0.32754763332212633,0.18775564943337741,0.8258804635178731,0
1988-01-01,18.90106774746992,0.3996818322256672,-0.23217191801871184,0.30056073788516197,0.2922364724401092,0.061415181247909345,0.38087574599343554,0.5765262321540807,0
1988-04-01,18.52193275606496,0.11569737248636613,-0.3342097903456711,-0.5269872333169409,0.270982910808101,0.4503779958179095,0.2977268155300692,0.08877773692882807,0
1988-07-01,17.92768669964438,0.8466944077412109,1.30650119726472,1.0388196592277668,0.3108333388681217,0.4913214499831753,0.44256688795011456,0.23219176285167453,0
1988-10-01,17.223199122377135,0.4286061753472552,0.09970349003144818,-0.7644805522968978,0.3241168148881144,0.6960387208095256,0.2521290149533897,0.3989213310854858,0
1989-01-01,17.124754243759966,0.6705188632733154,0.7530079344030352,0.3286006647834701,0.5818162496762156,0.7779256291400429,0.7402937034801909,0.7857709841163776,0
1989-04-01,16.149795645549244,0.3497216031974659,0.6823165345272457,-0.2998890109907541,0.2736396060121038,0.1842455437436854,0.4640246764567877,-0.02345547043049301,0
1989-07-01,15.460959567413358,0.9071725797227117,0.007838973301565133,0.6538257445339128,0.3639672429481422,0.14330208957842672,0.3138201569100687,0.11096518184322957,0
1989-10-01,15.739003655367242,0.5180086904503725,0.171942121644725,-0.6588184767065982,0.1620584074440501,-0.12283036249579737,0.4050157580634419,-0.48173969674355943,0
1990-01-01,15.581655660822207,0.6836662919649399,-0.0985673820092039,0.3487951587100395,0.2736396060120967,-0.10235863541316093,0.31650238047340906,-0.889750270998046,0
1990-04-01,15.076603119762757,0.29187291695427575,-0.23123973486686555,-0.48937786390981974,0.0,0.10235863541316803,0.23067122644672367,-0.7558805335338068,0
1990-07-01,14.687220952688474,0.83617646478789,-0.3642185007158272,0.7665372129749862,0.1248646745880535,-0.1842455437436996,0.1260645074766913,-0.6557004317054203,0
1990-10-01,14.89662443075278,0.6784073204882972,0.3452467123244407,-0.5906537464553792,0.5127421743721854,0.0409434541652729,0.08583115402669961,0.9205999044164788,0
1991-01-01,14.893487410109213,0.5180086904503725,-0.5617905699203618,0.0961290369988414,0.106267808160041,-0.3070759062394899,0.4640246764567806,-0.45619841757419777,0
1991-04-01,14.653109869415564,0.26820754530932334,-0.11168914766306326,-0.18351842556503978,-0.0876709417320356,-0.24566072499159475,0.5686313954268059,-0.2298796390947988,0
1991-07-01,15.059162190126235,0.8309174933112402,-0.14375057837552419,0.5534929044391939,0.1036111129560382,-0.14330208957843382,0.31650238047341617,-0.059142819349200515,0
1991-10-01,15.585073031997291,0.5784868624318875,-0.3561435128541417,-0.542503470313423,0.1115811985680466,-0.307075906239497,0.44256688795010746,-1.0588222523970403,0
1992-01-01,16.005741870609487,0.9387264085826317,0.9810751076697013,0.5980610262991126,0.2709829108080939,-0.04094345416525158,0.5283980419768,0.4226957892822977,0
1992-04-01,16.276440578037754,0.2261357734961038,-0.14795954902691033,-0.8220013255430574,0.1487749314240503,0.10235863541315382,0.0858311540266925,0.6112621382278416,0
1992-07-01,16.779736121514965,0.5469330335719533,-0.8229990236686033,0.6342894476602783,0.0371937328560179,-0.06141518124788803,0.06437336552001227,-0.17497614797398575,0
1992-10-01,18.407604614482707,0.4601600042071823,-0.3609845455744054,-0.5393005013815861,0.0876709417320427,-0.14330208957842672,0.3138201569100758,-0.06560563737358938,0
1993-01-01,19.935594328686605,0.5679689194785738,-0.9851261361189341,0.29192014297126556,0.398504280600136,0.1433020895784125,0.6786025615235047,0.3149753537249187,0
1993-04-01,20.376650918047368,0.4233472038705983,0.43728197191716234,-0.11193448907334724,0.1833119690760725,0.1842455437436996,0.23067122644673077,0.08111042750515995,0
1993-07-01,21.02332341965288,0.5390445763569858,-0.07539215990675796,0.1827884113208889,0.4171011470281485,0.5732083583137282,0.5713136189901391,0.9611384121020141,0
1993-10-01,21.879214340393894,0.5548214907869351,0.16601118436982265,-0.16776172755773228,0.2922364724401163,0.3275476333221192,0.5069402534701126,0.5111205446307538,0
1994-01-01,22.517374906351733,0.6994432063949034,0.23564473929208063,0.11631862002612348,0.6721438866122469,0.7282085776536391,0.8636759873935631,0.6523115099510495,0
1994-04-01,22.17058262057446,0.373386974842397,-0.15863102571482113,-0.21949031687702458,0.3081766436641189,0.5936800853963504,0.2118956615033838,0.29326919048170064,0
1994-07-01,21.748825181227943,0.49697280454375914,-0.15016509154623137,0.2094978877531295,0.3825641093761405,0.7165104478921478,0.38087574599343554,-0.12817376098362665,0
1994-10-01,21.80160466355874,0.4312356610855801,-0.32651024089918046,-0.1648408122443416,0.6163532873282236,1.3306622603711133,0.44256688795010035,0.7637914759465554,0
1995-01-01,21.367218543757417,0.9176905226760255,0.4026541307200331,0.420644511947758,1.378824810876516,2.614532001696233,1.118487225910279,1.623034254409343,0
1995-04-01,20.580429046966405,0.560080462263592,0.36029136694030583,-0.476583862888728,0.6402635441642346,1.3277377279307458,0.5713136189901533,0.7481505684465484,0
1995-07-01,20.51172455315163,0.2024704018511656,-0.6739969206734999,0.003687793873445089,0.2151923115240848,0.38896281457002857,0.40233353450009446,-0.4621973599655922,0
1995-10-01,20.597456499645645,0.4101997751789668,-0.08453320262304942,0.029908588320622626,-0.01859686642801961,-0.6755669937268891,0.42110909944344144,-1.577185678613077,0
1996-01-01,20.61841981500606,0.6100406912918004,-0.7119332705900852,0.15446066763288668,0.4197578422321584,-0.24566072499158054,0.906591564406888,-2.329124082497517,0
1996-04-01,19.96068289336109,0.5548214907869351,-0.052958768769983955,-0.1386161312156704,0.05579059928403041,-0.3480193604047628,0.2977268155300692,-1.3492714310072629,0
1996-07-01,19.537076639740764,0.23665371644941757,0.054462930316139246,-0.05373387075608979,-0.07438746571204291,-0.6141518124789798,0.20921343794005764,-0.6500128918171495,0
1996-10-01,19.378132327929897,0.2576896023560096,-0.33517339450267203,-0.07262901708549041,0.2895797772361135,0.061415181247895134,0.14752229598337863,0.6848636926247782,0
1997-01-01,19.082693263481712,0.23665371644939626,-0.77796517188066,-0.0563892664849833,0.0371937328560108,0.14330208957843382,0.042915577013339146,-0.856071446745162,0
1997-04-01,18.51370897129391,0.07362560067316082,-0.9693072369116875,-0.035774765075195405,0.0743874657120287,0.4503779958179166,0.23603567357338306,0.03998239471924381,0
1997-07-01,18.09919803974216,0.36023954615075837,0.2328773501163155,0.3174557756766376,0.2523860443800956,0.5936800853963362,0.18775564943338452,0.720190301793903,0
1997-10-01,17.862506795017826,0.34446263172080194,0.15937208753681698,-0.22820025046925338,0.1434615410160518,-0.020471727082622238,0.16898008449005175,-0.32838187617039893,0
1998-01-01,17.186884124741443,0.1788050302062132,-0.12048772759303272,-0.1298759552836204,-0.270982910808101,-0.08188690833052448,-0.021457788506673126,-0.6745199177075574,0
1998-04-01,16.49615323010078,0.16565760151458875,0.17461011786285385,0.13410126985604248,-0.1248646745880464,-0.307075906239497,0.10728894253334431,-0.4354279482788622,0
1998-07-01,16.134076309935455,0.3497216031974588,-0.03311397176979414,0.08829461043957659,-0.2205057019320762,-0.47084972290054594,0.12338228391337225,-1.0249697756049003,0
1998-10-01,15.782080508469882,0.09203200084143504,-0.4932770958376185,-0.17344520168270927,-0.3081766436641118,-0.7340576425344025,-0.14484007242002406,-0.974802599451204,0
1999-01-01,14.64653992068178,0.3812754320573788,0.3783054467052813,0.22514986600916292,-0.018596866428012504,-0.5878310205155941,0.7590692684235094,0.5378217589378471,0
1999-04-01,13.385196834676789,0.3707574891040579,0.3811091070151058,-0.15773571514177132,0.3453703765201226,0.30415137379909396,0.211895661503398,1.0217857380970474,0
1999-07-01,13.190383695837308,0.4312356610855872,0.13784163246337577,0.21674153668342178,0.6508903249802458,0.935850380920364,0.20921343794005054,1.9092467233860413,0
1999-10-01,13.157624845342117,0.2682075453093091,0.3257030659993503,-0.15631913720162519,0.4383547086601709,0.7369821749747842,-0.19043787299671777,1.6568598543152664,0
2000-01-01,12.75883658645816,0.502231776020416,0.20566412090546526,0.09855353707998912,0.8395156844643097,1.0850015353795257,0.40233353450009446,1.8946258548306742,0
2000-04-01,11.790626584315286,0.5206381761886902,0.25664414781050215,0.0021879248475334956,0.6508903249802316,1.146416716627435,0.12874673104003875,0.6321537561026602,0
2000-07-01,11.60959265249797,0.6889252634416039,0.4467665030072867,0.1372590939974438,0.5260256503921994,0.5936800853963433,0.10460671897002527,-0.3489795477379225,0
2000-10-01,11.478550097478172,0.4811958901137956,0.3705196375071904,-0.14814808789644168,0.5818162496762156,0.4854723851024332,0.3781935224301023,0.2581806699646876,0
2001-01-01,10.943533902110463,0.407570289440649,-0.2073988872372352,-0.020520038577272692,-0.0371937328560179,0.30415137379910817,1.078253872460266,-1.940289796636415,0
2001-04-01,10.352538365453247,0.7336265209931412,0.34570966525508195,0.15179138593895597,0.2205057019320904,-0.12283036249579027,0.48280024140011335,-0.9428870483137195,0
2001-07-01,10.29936361834717,0.43912411830057607,-0.4910720915237099,-0.255674724964657,-0.0743874657120358,-0.3597174901662612,0.34064239254341544,-1.2585666580871377,0
2001-10-01,10.634808704636022,0.0236653716449311,-0.8326927383173133,-0.09446486290279892,-0.4330413182521582,-0.5936800853963433,0.10460671897002527,-2.077458809205905,0
2002-01-01,11.552393064700489,0.23928320218774246,-0.3132594786197096,0.19217778469854402,0.2337891779520831,0.4913214499831824,0.44256688795011456,0.5495444775499311,0
2002-04-01,11.146145774819557,1.2910774975184083,0.9268607379144811,0.3201773059197,0.4356980134561752,0.3626420226066429,0.4237913230067676,0.4351750633784937,0
2002-07-01,11.488179625744822,-0.15513965856126788,-1.0394547224933604,-0.5871860940819632,0.055790599284016196,0.05849064880750632,0.10460671897003238,0.26393163882709,0
2002-10-01,11.612386406787245,0.9360969228443068,1.554265438463006,0.5076234338650045,0.0876709417320285,-0.15792475178029974,-0.018775564943339873,1.0681954335402497,0
2003-01-01,11.98947541861471,0.14199222986965765,-0.1810039717152767,-0.33153995336128916,0.7279344858962631,0.46500065801979673,0.6115469724401521,0.9951727134868067,0
2003-04-01,11.283555338302984,0.7993636644513202,-0.8971224047430151,0.09694187397003942,-0.3825641093761405,0.10235863541316093,0.2735868034600699,-1.6703111178225578,0
2003-07-01,11.297660039711465,-0.1288448011780119,0.050728064270710416,-0.2175266442112042,0.0743874657120287,-0.34801936040474857,0.7376114799168434,0.03631582619088758,0
2003-10-01,11.373718602002276,0.8046226359279842,-0.26015897249213404,0.3452453714079429,0.0876709417320427,0.24566072499158764,-0.10460671897001106,-0.0013865223476829946,0
2004-01-01,11.502988047808763,-0.13673325839298656,-0.4619713535374639,-0.37464612289374033,0.621666677736215,1.1259449895447986,0.4452491115134407,-0.22611403991433432,0
2004-04-01,11.090222781437346,1.4435876703413797,1.0119432868205633,0.6943001191437943,0.9404701022163593,1.3511339874537498,0.8636759873935489,2.6461356612451707,0
2004-07-01,10.73654515371738,-0.06836662919650394,0.10462372035025025,-0.7563836935991237,0.5472792120242005,0.3889628145700357,0.27626902702339606,0.9343933722432216,0
2004-10-01,10.532860453751509,0.9150610369376935,0.13403293693413287,0.44185910511871,0.4569515750881692,0.5936800853963362,-0.06437336552000517,0.7265455557338303,0
2005-01-01,10.170491048740498,-0.2524306308793598,-0.17832657723930012,-0.322657952962994,0.5419658216161949,0.7779256291400358,0.8422181988868687,-0.21876235507717734,0
2005-04-01,9.319110067819231,1.464623556247986,-0.039884167722788355,0.5504501951270984,0.7093376194682719,0.2193399330282091,0.46670690002012094,-0.5331059111974623,0
2005-07-01,8.410514203795225,0.06573714345816484,0.21258598771524495,-0.4772829315011921,0.765128218752281,0.20179273838594725,0.23067122644672367,0.3683300973666839,0
2005-10-01,8.705397880156298,1.025499437947417,0.12242343750084794,0.2504541080280569,0.5977564209002182,0.6755669937268749,0.38087574599342133,0.22672907719647384,0
2006-01-01,9.027377655521066,0.03155382885992708,0.4546829453401302,-0.28049662067712133,1.1450356329244187,1.4125491687016662,1.3518406759203359,1.079041487666636,0
2006-04-01,8.443339777225445,1.4777709849396246,-0.06969085463177604,0.5265808331702612,0.871396026912322,1.47396434994954,0.23067122644673077,0.2197668458402937,0
2006-07-01,8.083576189844404,-0.1998409161128336,-0.4041810704616804,-0.8245043859561004,0.4516381846801707,0.880284264553211,0.16898008449004465,-0.6527925227851394,0
2006-10-01,8.264440285626033,0.4259766896089303,-0.9501182351922806,0.4942286797403457,-0.3772507189681349,0.6463216693231146,-0.2923623684034027,-1.8221600309137114,0
2007-01-01,8.41907395608815,-0.0762550864114786,-0.16191921204888127,-0.2594785460862522,0.7943518659962834,1.310190533288491,0.5686313954268059,-0.6954156837952898,0
2007-04-01,7.932325613645819,1.488288927892924,-0.03678810872308125,0.563102902242015,0.9112464549723356,1.310190533288491,0.6946959029035042,0.023226044463001916,0
2007-07-01,8.006347630277132,-0.22087680201943272,-0.023753673713847956,-0.7030694156093734,0.401160975804153,0.34801936040474857,0.4854824649634679,-0.11051654380650122,0
2007-10-01,8.570205517235292,1.5329901854444756,1.593918659320237,0.8997238706750658,0.9085897597683399,0.3889628145700357,1.161402802923618,2.2513589473647677,0
2008-01-01,9.603033690624931,0.21035885906614737,0.421720265153561,-0.6703090650717911,1.5249430470965564,1.8570780996388123,1.2472339569502964,1.1794745691222266,0
2008-04-01,10.35792745934024,1.7091657299123568,0.22142743498257644,0.6366429223012153,1.615270684032616,1.5119832716744526,0.5471736069201398,1.0874479912315262,0
2008-07-01,11.23068087109353,-0.018406400168288428,0.30503383567141995,-1.0161832383154525,1.4532122765885305,1.3306622603711133,0.19312009656005102,1.7152080834258685,0
2008-10-01,13.785513775626452,-0.14462171560796833,-2.4474444577242016,0.042037364414263895,-2.707172412877007,-2.5765130799713347,-0.48816468852677986,-6.096106646068662,0
2009-01-01,17.243569387107016,-1.2069339538919621,-1.9854775684746622,-0.1558608178704087,-1.2300498794524515,-2.4712299121178063,-0.040233353450020104,-4.515253850816896,0
2009-04-01,17.771252436270597,0.8729892651244597,-1.1496154624197323,0.810632455895647,-0.2205057019320691,-0.8393408103879381,-0.40233353450010156,-2.8436698677162138,0
2009-07-01,17.74950688636422,-0.31027931712254997,-0.39927662743306136,-0.7054375013957854,0.3267735100921172,0.16377381666106317,0.25481123851675136,-1.6361068856266572,0
2009-10-01,18.6649099692578,0.746773949684794,1.216448413404007,0.6591824971725945,-0.0903276369360313,-0.14330208957844093,-0.25481123851675136,3.965877229745403,0
2010-01-01,19.84349350682836,-0.5258971476653471,0.9449285011596291,-0.5596492489931807,0.9006196741563244,0.707736850571024,0.14752229598337863,3.405090804869171,0
2010-04-01,19.889004716658697,1.249005725705203,0.5028255216689441,0.6351773350033006,1.3336609924084968,2.0764180326670214,0.07242003621001913,2.5503745314141284,0
2010-07-01,19.592042521918955,-0.04996022902821551,0.36516669773686683,-0.5293192179432988,0.1939387498920695,0.6989632532499002,0.24944679139007064,-0.23815052830649241,0
2010-10-01,20.11455655320805,1.1990454966769875,0.5960232185976115,0.7325425573978934,0.8660826365043164,1.1581148463889264,0.49352913565344636,1.5656221561775339,0
2011-01-01,21.07815002955361,0.13936274413131855,0.9318333977581377,-0.6434920627280831,2.4813533205369254,2.8163247400821803,0.844900422450209,2.4637548238527636,0
2011-04-01,20.643308247607195,1.2989659547334043,0.009239982833974647,0.311084997443023,0.8368589892602927,1.1376431193063041,0.47207134714678034,-0.9454609585245839,0
2011-07-01,21.283934845097413,-0.36549851762740104,-0.42414404561103325,-0.41241189032952247,0.3533404621321381,-0.0409434541652729,0.28968014484007654,0.22938166955375205,0
2011-10-01,22.55645192254365,0.9992045805641396,-0.31323018392276714,0.492889919234792,0.1620584074440643,-0.8276426806264254,0.10728894253337273,-1.1814972824966867,0
2012-01-01,24.187684035334783,-0.4575305184688432,-0.7979541856900418,-0.5444864019215697,1.7507621394366453,0.7165104478921336,0.36210018105008146,-1.3132335028845699,0
2012-04-01,24.398135337065497,1.3305197835933313,0.007813691816816126,0.4614814407983058,-0.1726851882600613,0.8451898752687015,0.5123047005968004,-1.5451521396141037,0
2012-07-01,24.79237524423312,0.23139474497273227,0.7907729166020114,0.0817580812005152,0.9378134070123423,0.03801892172488408,1.048749413263593,0.8416279210760638,0
2012-10-01,25.774387424872856,1.2858185260417798,0.33644768898399047,-0.17108392841247438,-0.1354914554040505,0.1842455437436996,0.5874069603701457,-0.4451630770828885,0
2013-01-01,26.9353537780371,-0.8309174933112473,-0.4675436984826229,-0.5148459214312394,0.4782051367201774,0.29830230891835186,0.5203513712867931,-1.8945651821095346,0
2013-04-01,26.057075392431027,0.6626304060583266,-0.8988887006535036,0.48081298039492526,-0.9590669686443505,-0.6843405910479987,0.03218668276001324,-1.1240552183209553,0
2013-07-01,25.647509644678813,-0.16828708725290653,-0.5112401525282879,-0.3604715164662172,0.919216540584344,-0.7779256291400429,0.10997116609668467,-0.03115990417145542,0
2013-10-01,25.72775976559113,0.44175360403889385,-1.0822338194750796,0.36309343627576307,-0.4516381846801778,-0.4854723851024403,-0.43183799369677445,-0.4488512462507809,0
2014-01-01,25.92783572730173,-0.9255789798910001,-0.1183863717656663,-0.6189178857740802,-1.067991472008373,-0.1783964788629362,-0.3245490511634017,-2.166222433404582,0
2014-04-01,24.47303478862634,0.8256585218345833,0.2046993940491866,0.6968745528573295,0.5153988695761598,0.008773597321123816,0.17434453161671115,2.063560722519986,0
2014-07-01,23.66898223856059,-0.6047817198151364,-0.5495140785624925,-0.5229104038068606,0.3586538525401579,-0.008773597321123816,0.2682223563333821,-0.7853459915007669,0
2014-10-01,23.70151301961193,0.2997613741692362,-0.17572578980246856,0.1479927091515084,-1.3017806499604774,-0.3129249711202533,-0.10997116609668467,-1.2037638864322964,0
2015-01-01,23.776168807916363,-1.3278902978549922,-0.5165808944901596,-0.1931069329896914,-0.8740527221163319,-0.39481187945075646,0.45866022933010697,0.24547464469918778,0
2015-04-01,22.371879820121222,1.4330697273880588,0.772736764616555,0.8121807602151161,0.9457834926243436,0.8013218886630398,0.24140012070006378,0.6251322324389961,0
2015-07-01,21.182995261905283,-0.7283675495165056,-0.1575918151513107,-1.0799527134549938,-0.4489814894761679,-0.4533025282582912,0.39160464024678276,-1.1399794941720796,0
2015-10-01,20.8951765564819,0.36812800336575435,0.08790221119325442,0.7609581553075525,-1.5594800847485715,-1.178586573471577,-0.4103802051901084,-0.4109905256004889,0
2016-01-01,20.99557425178564,-1.5829504144726911,-0.3322364016289048,-0.7772086262083774,-2.393682378804897,-0.8305672130667858,-0.06973781264667878,-2.261162441276994,0
2016-04-01,19.99807656159156,1.1885275537236737,-0.29670108030173115,1.1072185348700767,0.6907407530402594,0.5176422419465609,0.1019244954066778,-0.3032515297019387,0
2016-07-01,18.9108161219872,-0.12095634396303012,0.7633126821005846,-0.7636014422053639,1.0122008727243639,0.4094345416526437,0.32186682760007557,2.100871968577925,0
2016-10-01,18.63104999142703,1.2858185260417798,1.1596058223381944,0.8931774166125561,1.5302564375045762,0.181321011303325,0.24944679139007064,4.505209465510145,0
2017-01-01,18.75002754116854,-0.2261357734960967,1.7694342276633357,-1.0058775233926767,1.2513034410844597,1.608492842206843,0.6786025615234905,5.653845694567801,0
2017-04-01,17.222671993523296,0.6363355486750635,-0.7414284880319291,0.6222996120722523,-0.6429202393682374,0.3480193604047628,0.5337624891034807,-2.0901976262487576,0
2017-07-01,16.380827798726123,-0.39442286074901745,-0.3464649161513642,-0.42119075268392336,0.047820513672022,0.0906605056516554,0.037551129886665535,-1.5341179374908163,0
2017-10-01,16.545940935906277,1.1411968104337973,-0.2067163951186075,0.581775462874597,1.083931643232404,0.6112272800386194,-0.23603567357339728,-0.7236375082428097,0
2018-01-01,16.744815904509423,-0.6258176057217497,-0.4977197591737945,-0.7487987181174973,0.0903276369360384,0.8305672130668,0.16898008449004465,-1.7181940808312035,0
2018-04-01,15.284529346331382,1.3226313263783425,0.8463784154345271,0.9362028779830537,0.8262322084442957,0.5849064880752195,-0.20116676725004368,2.1388469208101073,0
2018-07-01,14.553251072022402,-0.052589714766540396,0.43636894896645195,-0.7699128495078663,1.4797792286285443,0.23981166011083133,-0.18239120230671801,2.077925062021587,0
2018-10-01,14.448880357166283,0.7415149782081443,-0.5234403842234876,0.22836721616932282,-0.24972934917607859,-0.011698129761498421,-0.2172601086300574,-1.9818553607559681,0
2019-01-01,14.695097107157409,-1.0964955528822458,-0.5727764653914149,-0.3420017555000838,-0.6987108386522607,-0.11698129761505527,-0.037551129886665535,-1.1328247157204712,0
2019-04-01,14.024440537431357,1.1596032106020715,-0.2153649034065529,0.5822023657503098,0.10626780816002679,0.1316039598169425,0.4050157580634277,-1.0288053913061792,0
2019-07-01,13.921961825481729,-0.5548214907869351,-0.6158716431535018,-0.5869167704010432,-0.7385612667122672,-0.6609443315250019,0.25481123851673715,-3.0929064617926625,0
2019-10-01,13.782665768519957,0.8545828649561997,0.1347077109312404,0.5822029911556373,-0.3347435957041256,-0.6638688639653765,0.2923623684034027,-0.12668252658409473,0
2020-01-01,14.407918484146071,-0.967650751704241,0.16479486143593514,-0.8464558289534703,-0.9643803590523561,-0.06433971368826974,0.7134714678468441,-0.40084833874411263,0
2020-04-01,15.32636790563908,0.1262153154396941,-1.2616863756098642,0.7414377914734834,-3.474957326833291,-1.1113223273429185,-0.48280024140012756,-4.998187125628036,1
2020-07-01,16.25734722573996,-0.42071771813228054,0.1590878712088924,-0.4836893448709893,2.019088355040765,0.29245324403760264,-0.11265338966001082,3.81682923272365,1
2020-10-01,16.1280951782207,0.6678893775349763,-0.22028685165961975,0.5347515480476888,0.446324794272158,0.9475485106818553,0.5123047005967862,1.090318677290595,0
2021-01-01,16.14137707090211,0.11306788674806967,1.3126788887925251,-0.1723378832766261,2.8081268306290355,3.649816485589369,0.9495071414202414,5.43537777901237,0
2021-04-01,15.39062332367772,1.738090073033959,1.9637497853256196,0.5780562151444105,4.325099792113605,4.445289309371674,1.4966807483403812,11.912219947203727,0
2021-07-01,14.710636510583056,0.2524306308793598,0.8383326095696328,-0.5282500914218113,5.403718044938003,3.2286838141751986,0.08046670690001179,4.54706884600359,0
2021-10-01,13.44248297649796,2.676816481616598,2.414849300139021,0.9340173309599613,10.090128384795733,4.319534414435495,0.9736471534902478,13.962214105715468,0
2022-01-01,13.731344558633824,1.8038272164921523,2.0430404308921926,0.03645247291503839,9.731474532255604,6.083027475982291,3.020183732314095,8.409477590163284,0
2022-04-01,12.688385257119128,2.918729169542644,1.241571346078243,-0.3167688249575622,7.948832050370939,7.995671691988235,3.932139743847628,2.443631569525202,0
2022-07-01,12.7288483543111,1.0807186384522822,0.9621305674649872,-1.0644037692936537,4.580142531697675,-0.38311374968928646,1.8748742707704906,-3.864551137167254,0
2022-10-01,12.99030869688015,-0.06836662919647551,-3.4641742302085294,0.3536573908504036,-4.014266453245483,-1.3043414684077135,2.6500368805740067,-19.930789758149608,0
2023-01-01,13.376293528683275,0.55745097652526,-1.5213823571988607,0.2457758468923636,-3.8282977889654006,-0.1257548949362075,3.5432173271642,-15.308748849204127,0
2023-04-01,11.668453375217103,1.2305993255369287,-2.0108540649427016,0.0036805785306626704,-3.7140598951933725,-2.093965227309255,1.2338228391336372,-11.205208048137898,0
2023-07-01,11.89145885542911,0.8966546367693837,-0.24260863844822778,-0.07871816046648078,1.3150641259804985,-2.5238714960445776,1.3518406759203572,-2.635863076362244,0
2023-10-01,11.79687016762541,0.34446263172081615,0.44596999196543763,-0.30370339423519577,-1.6152706840326232,-0.8773597321128364,0.6625092201434768,1.8682458181274084,0
2024-01-01,12.291201466078364,0.4549010327305325,-0.12865130765398192,0.410651802989792,-3.2624217105131947,-0.10820770029393145,1.1667672500502988,0.27814797120298795,0
2024-04-01,11.273731587561375,1.5724324715193774,0.32005368420497193,0.046209155997260276,-1.3256909067964813,0.33924576308363896,0.13411117816666263,2.0890488114251458,0
2024-07-01,11.205960019693128,-0.3050203456459002,-1.2901882219993999,-0.7926527176462435,3.376659604285237,-0.611227280038591,-0.10460671897000395,2.074439627304892,0
2024-10-01,10.61406593766102,0.5311561191419969,0.1862271432817293,0.7859363546310079,1.0573646911924044,-0.4942459824235641,-0.8234426339435146,2.602935837885456,0
2025-01-01,11.359175062921,0.8230290360962584,0.3722594182437997,-0.2314122977610911,1.4133618485284956,1.1873601707927008,-0.6276403138201658,4.745141110178634,0
2025-04-01,10.28571658783811,1.057053266807344,-0.5723006142835203,0.2469473886125729,-5.045064192397845,-0.3918873470104245,0.08046670689998336,-3.793691684897179,0
2025-07-01,10.452674567905184,0.31816777433753884,0.6464484928637346,-0.5624547818457818,2.2263105809527985,-0.8949069267550414,0.3862401931201447,-1.1687322510385807,0
2025-10-01,9.932078074128723,0.5180086904503582,0.2917412384271607,0.8012143474577793,2.842170943040401e-14,-0.4094345416526721,0.49889358278011287,1.1514976385861113,0
