fecha,tasa_paro_total,ed_activo_total,credito_privado_share,crecimiento_credito_yoy,ed_pasivo_depositos_total,crecimiento_depositos_yoy,ed_pasivo_sector_privado_share,dummy_2020Q2
1976-07-01,4.40660466995354,,,,,,,0
1976-10-01,4.721304478738997,,,,,,,0
1977-01-01,4.920446278303366,,-0.2508069545939833,-1.2510291790942096,26408.62454743759,-0.7859825407177778,-0.835144246086557,0
1977-04-01,4.762782516744339,,1.1135095235936774,-1.4456439739835236,-24631.34928709909,-3.391025378657586,-0.8709830436206119,0
1977-07-01,5.318263949904957,,-0.44014038935087285,1.1806236709735352,484.38767143170116,1.1407639375985434,-0.7877138129422576,0
1977-10-01,5.656159939514943,-2.514811375034709,-0.3759086576401245,-4.593059664013444,-18924.031026520825,-5.5026017326670225,0.029694147290925343,0
1978-01-01,6.418204584821114,-3.700251708132718,-0.1576240520535208,-1.0546407465529368,18069.038838065695,-1.415160998565335,0.27715076065462085,0
1978-04-01,6.550980420698847,-0.48128877820239335,-0.6313800740205835,0.7209560894805067,-8320.636562941712,3.0129561637663786,-0.6883983989552718,0
1978-07-01,6.997596933205265,-2.129071032980856,0.6363928249148643,-0.0967630791645635,-1378.106170935731,-0.36856185622431425,1.31966362600636,0
1978-10-01,7.529176279256874,-1.2478498816345551,-0.2542999330014766,1.0453669456850774,-8960.713860368822,1.9759230208094891,1.0624574859999854,0
1979-01-01,8.02532439862059,-0.7905077379612657,-0.653785503226274,-0.2658572639896657,14385.839657557663,-0.7290059741959509,1.149912844455244,0
1979-04-01,8.051641556248788,0.3220235880551092,-0.8551783227437681,0.7544684401299628,-4575.92910166271,0.7438668066306665,-0.482451890703544,0
1979-07-01,8.579398497282341,2.6339368920031747,-1.0427848326337283,-0.22825560440593584,7732.731630425726,1.8495625562746976,0.06673654209403423,0
1979-10-01,9.361159162231258,5.075365608550619,-0.5423428761546774,1.8815025038214528,-1673.1485685831285,1.5393747239680122,-0.7845810977886032,0
1980-01-01,10.443562990412932,6.577635326463427,-1.6337344812784735,-0.15890052723510628,25305.502190006024,2.0981546220472103,-0.10906914433715542,0
1980-04-01,10.910943783614185,5.25888376650312,0.636124298813634,1.0331186854603214,-10875.231589907897,-1.2269079874546618,-0.11994393076165011,0
1980-07-01,11.261434325328198,5.128272767561226,-0.3279109658369137,0.9545698944197323,7550.466574583377,-0.10046225268034448,-0.8052084215377562,0
1980-10-01,12.183754395169354,7.321171917268465,-1.1603196163001073,1.0863869036221048,7896.243041865586,1.9296657596763689,-0.8217341098485065,0
1981-01-01,13.09014977373773,20.829133783341412,-8.219875504919571,0.33567884927268077,19222.46904148429,-1.4477736338834868,-0.47930590835169085,0
1981-04-01,13.33816746590179,21.55453848570472,-0.9831413875790105,-2.276151762510281,-11733.136318914476,-0.07098614647687018,-1.2625250037307723,0
1981-07-01,13.777221705169843,23.49815128452366,-0.256250050005292,1.6523481949800582,18561.519078566693,2.047171908793799,-0.7942492619835377,0
1981-10-01,14.628644990253225,21.378613173893758,-0.6025048738873764,-1.0598748737151056,-3209.722026660107,-2.195364242272624,0.5412607285560256,0
1982-01-01,15.120824141421,6.891638292464952,-0.621012544756411,0.17674215766154666,22639.76395136665,0.47177251057854974,-0.512452012999276,0
1982-04-01,14.92938519806428,10.574397538486213,-2.287204037505745,0.7244408391326784,11276.727584206033,4.391207938884745,-2.8825138333961604,0
1982-07-01,15.49652447918827,8.094900764532076,-0.17055260251882487,-2.1671323955888333,6477.634490086697,-2.482667880589373,-0.2566145525919268,0
1982-10-01,16.14727859900482,10.473986856888295,-0.7482208571245721,1.8203546100558299,14699.020320218173,3.282430526605774,-0.5478532404400767,0
1983-01-01,16.784994299122012,4.733709585891188,1.431196126701451,-1.2751076155126606,-6637.4144012006,-5.48664463296067,1.2924541478706146,0
1983-04-01,16.374337153283257,3.5994247743610597,-1.2806203560959517,0.8417286590832296,-4297.02419052925,-2.743797638544754,-0.97567553837888,0
1983-07-01,16.644457391201296,3.6466737551882344,-0.45538525155828324,-0.5556620341520491,-606.3981164598372,-1.2146512265380105,0.006383478009482246,0
1983-10-01,17.392661057873767,2.2489811138773685,-0.7093151771863972,-1.3197254202515163,7226.037790797767,-1.2435604882566342,-0.013302984420590747,0
1984-01-01,18.942805401538603,4.242930198920858,-0.36263814223094215,-1.7134412681804156,10586.856885302812,2.860005526143994,0.14641556560835056,0
1984-04-01,18.985021128780183,4.667665276993493,-2.8181350788749313,-3.0447330365480645,-4899.631305879797,-0.08556853265719866,-0.4148583604888927,0
1984-07-01,19.251198173716748,6.841266470022189,-1.505602218824201,-0.4259998813639134,18215.603770618676,3.1617793241129677,-0.6537917101436079,0
1984-10-01,20.30256521466569,9.613228196860923,-3.680312465889692,-4.543277142564538,25995.693006668705,3.050497360568616,-2.0955613983955743,0
1985-01-01,20.680475752643748,9.687545415540644,0.2335321620953792,1.2949214757045446,10038.546304403688,-0.23218898932546495,1.081331563701852,0
1985-04-01,20.6791208389996,8.18976201544741,-1.6550523856635309,0.45004028016126796,-5360.969926623395,-0.011043957236502422,-0.4571861557344903,0
1985-07-01,20.44430614344776,7.093136909076803,0.060252939948810535,2.4071965755748552,11727.70520735078,-1.268483971356126,0.08287203762913009,0
1985-10-01,20.58154141741648,3.5142158135849977,-0.5619007035583721,3.9093401193759814,486.85570009297226,-4.176859594696181,0.2549712700185012,0
1986-01-01,20.718555557261915,2.9171034141654006,0.9277397832724645,1.266669633216777,7682.493464142317,-0.39462637640952414,0.6248789450607148,0
1986-04-01,20.09247786770194,1.2575321283981422,-1.0850144966150808,-0.2234102223022228,-11665.916741649387,-0.9410530461214872,-0.9058571976469381,0
1986-07-01,19.659331077899218,1.319839851469462,0.19270023411020532,0.4172647454668056,15813.216981668607,0.5885468575345776,-0.5389223750667895,0
1986-10-01,19.681370139262267,-1.0478745343378892,0.29896610659874767,-0.07947739563530791,-18604.33174641605,-2.8520014886589284,1.8272809290360357,0
1987-01-01,20.00485741212933,1.18340604742726,0.4181675898343187,0.885054508564076,20368.815083455876,1.8842885488217997,0.41801694006811374,0
1987-04-01,19.218399762408463,1.4482005087037564,-0.09855332405945205,2.9352337799708916,-12551.213595247711,-0.11768870732580261,1.6218179192394615,0
1987-07-01,18.91651383405901,3.795113097701708,-0.25373921770304975,1.1494565033881132,26995.241126725916,1.623180873345409,-0.6686503579843475,0
1987-10-01,18.69997253063878,6.3645096853462535,0.2696511038029996,2.503645486823669,3077.582642338355,3.3373317999995322,0.9415781097882672,0
1988-01-01,18.90106774746992,6.550670783307644,0.9266369879776732,1.596466113417284,26280.85352759715,0.6948363559873938,0.573941704032336,0
1988-04-01,18.52193275606496,7.52965199194735,-0.21848989304186972,0.6681094730509365,-299.6655462436611,1.9464873451376707,-0.47254039939097936,0
1988-07-01,17.92768669964438,6.245331795199771,0.08252249202669049,-0.35073528386331176,21167.250998138217,-1.1585760678265,0.3457333234354252,0
1988-10-01,17.223199122377135,5.329813507006742,0.5386001170748074,-0.21849435335379397,-1599.1006565906573,-0.6989203525022969,0.10627268133528389,0
1989-01-01,17.124754243759966,5.691783655579319,0.9365214750645166,0.31380326994476704,24860.152474727016,-0.43030705421471804,0.7041864907402697,0
1989-04-01,16.149795645549244,7.602344090141044,-0.517562146889162,1.16762168097706,13793.051937856246,1.941491635355729,-0.8640519427154771,0
1989-07-01,15.460959567413358,7.998412375039776,1.0426891116838704,3.0671021427455276,29067.92748787976,0.829581716546457,-0.2653289599922033,0
1989-10-01,15.739003655367242,10.603055791507554,-0.36140167070411877,0.13611553984011948,12353.938013555482,1.8883793721260034,-1.3674945823033653,0
1990-01-01,15.581655660822207,8.153148765979301,1.130497976915244,-2.068539864075092,11906.859140568064,-2.025375764201808,0.07918903604748095,0
1990-04-01,15.076603119762757,4.764798872422005,0.05300097463838682,-1.9531860749062222,-13706.009730503429,-3.6558523513252617,0.10468032289685425,0
1990-07-01,14.687220952688474,5.515167856130532,-0.32527506442509235,-2.870599940514084,34130.95565368584,0.44170236005565133,0.6200924539251247,0
1990-10-01,14.89662443075278,3.340290149276548,-0.13463949830439503,-1.611876833437953,-9634.062404072029,-2.7425847178522926,-0.852963305223895,0
1991-01-01,14.893487410109213,3.674538479858014,0.5012955092477469,-1.2759538385137326,23956.687387754326,1.3983076921217923,0.3158332399575272,0
1991-04-01,14.653109869415564,10.065437794893551,-0.9816310272632123,3.6748525735063042,42959.6043676883,6.940349186723771,-3.1463845705869034,0
1991-07-01,15.059162190126235,5.338762690849053,0.8914503237353202,-1.5417962167031174,-2962.2959353862097,-4.759842735643383,1.897698878462677,0
1991-10-01,15.585073031997291,5.333393388518792,0.2156851399905264,0.8914552338603166,-3255.6458776525687,0.8229177984814262,-0.40744348448147605,0
1992-01-01,16.005741870609487,6.127421166492475,1.7687357391564476,4.008419635153637,14408.479836889193,-1.2897264182686996,-0.07915480815232456,0
1992-04-01,16.276440578037754,-0.9593533795387299,-0.08721203672535438,-5.127327888697919,-22899.48054334114,-7.464084507681445,-0.7274368720388651,0
1992-07-01,16.779736121514965,-0.19368155474615012,0.7249496636299071,0.2730883373887272,3118.741037747124,0.6607662860904194,0.8486572096881986,0
1992-10-01,18.407604614482707,3.1137876198368497,-1.0081046040801027,0.46887238228816663,35677.15140571061,4.275669207344024,-3.1867442730955275,0
1993-01-01,19.935594328686605,5.496526490053522,-0.797975344146252,-3.88448481188406,51689.56793482299,3.981711564899726,-1.966605570991696,0
1993-04-01,20.376650918047368,7.476757963450287,-0.44333510497028783,1.0427599676258614,-12314.878754237201,1.3600759424348805,0.6131603604401974,0
1993-07-01,21.02332341965288,15.243262429096482,-3.2393371286400807,-2.755947812428672,88338.98690970184,9.392169487158064,-3.8365397541762505,0
1993-10-01,21.879214340393894,13.130185927092452,-0.574740930812851,-1.0449165869452215,12084.74892682,-3.194950982049585,-0.8622557690110426,0
1994-01-01,22.517374906351733,13.338040799349148,-1.472316369734969,-1.8644296321833065,58530.669530784944,-0.08519719914310286,-1.3799511011140737,0
1994-04-01,22.17058262057446,8.838428333448856,1.5128203526477293,1.0175560218969038,-62230.67108970205,-4.910035699660465,2.162051362925318,0
1994-07-01,21.748825181227943,5.406306015785889,0.09218715023406787,5.13770939553182,39008.10653398093,-5.436449078609185,-0.8318206361718694,0
1994-10-01,21.80160466355874,3.4943958156675503,0.13411366498105792,0.011623798873072744,-7473.173366212519,-1.8606652720927874,0.2563902739274724,0
1995-01-01,21.367218543757417,2.6545996083944035,-0.8058359173402394,1.0448683702039663,53373.00549806538,-0.5855391249032227,-1.0305877649353121,0
1995-04-01,20.580429046966405,6.897324972406138,-0.18189408545377717,-0.49179719973018177,-9764.488814317621,4.990081095952492,-0.1777784114117864,0
1995-07-01,20.51172455315163,2.57386628839702,0.5193445348824213,-3.0900799331196493,3728.8240863643587,-3.4075355575035933,1.2651351444775258,0
1995-10-01,20.597456499645645,4.540088790972208,-0.23343181727711482,0.953910336426822,12094.807855061255,1.7905194620922988,0.4435646049203683,0
1996-01-01,20.61841981500606,4.1160179933281915,-0.6589723729086501,-0.05114217201840354,51916.38031156664,-0.372047767857131,-0.23405366232433522,0
1996-04-01,19.96068289336109,4.757648247389135,-0.20328918529188655,0.5649271467874417,-5085.617498598527,0.44870873981415205,0.06310820712454301,0
1996-07-01,19.537076639740764,4.0839128882159015,0.8032584238391323,0.13575185554519642,-1429.820480617229,-0.46415456699966384,0.33923036198707734,0
1996-10-01,19.378132327929897,3.9576921226208706,-0.1953770854503034,-0.02548993672952804,12903.42704086192,0.017700645073759347,-0.7310505842876864,0
1997-01-01,19.082693263481712,1.7657488327963877,0.7074575402987335,1.5561672249549963,16894.71413856442,-3.085385962737952,0.3564994052338122,0
1997-04-01,18.51370897129391,2.3973879058192926,0.9582144378203594,3.88863714214558,-1245.38208610937,0.32431664521419545,-1.0019060375598272,0
1997-07-01,18.09919803974216,5.6638799292711095,-0.07602099617257352,0.8663843029059315,39867.03429250186,3.4082289173423597,-0.1424432947040657,0
1997-10-01,17.862506795017826,4.604464235040995,0.9841797169592823,2.209196145751367,712.2869580676779,-1.054179241105424,-0.706289327067573,0
1998-01-01,17.186884124741443,4.751436168105938,0.945321872199159,0.6757600361371203,24148.863911874825,0.5214835911621085,0.272223309385474,0
1998-04-01,16.49615323010078,6.698984519887663,0.4919017998754285,0.6295678177884891,24209.200077112066,2.0559794662864173,-1.844575309768608,0
1998-07-01,16.134076309935455,5.3319866561889695,1.054001507909767,1.6060639389947866,18359.814304899657,-1.9018902837662166,-0.4985936006966796,0
1998-10-01,15.782080508469882,5.172524887210717,1.201622977894914,0.16731801116485023,-6942.017430581152,-0.600101149902299,-0.4948128884781511,0
1999-01-01,14.64653992068178,6.063409460604952,0.9571278253604589,0.7785139331265576,37226.81891497644,0.9152121087823151,0.05989870601036529,0
1999-04-01,13.385196834676789,4.8714714852529095,0.043814453392720054,-2.542771783782685,2606.5689870382193,-1.7256656591804864,0.12566775534131835,0
1999-07-01,13.190383695837308,4.494385263277545,2.205707664368262,2.215991400595696,17099.2850791628,-0.1459405867609176,-0.18144731511424794,0
1999-10-01,13.157624845342117,5.305631199781757,0.2516786553195516,-1.6878387145704306,-7112.205454482231,0.006497655449066997,0.5212742801278694,0
2000-01-01,12.75883658645816,7.113045385812766,-0.6237329100045628,-2.0143121259423644,46759.886179606896,0.5911552038032397,-0.3760444210519225,0
2000-04-01,11.790626584315286,6.111340840518897,1.232467329058288,1.7674271457762014,1396.1085172302555,-0.09575132691017618,1.186585302332432,0
2000-07-01,11.60959265249797,6.288995035715095,1.325095025629544,-2.142875055842829,18687.92054309114,0.06213312234895074,0.061238006684128266,0
2000-10-01,11.478550097478172,7.54226711519379,-0.02199710760972806,0.6620931300264079,13410.334245137405,1.4968464691551118,0.37287835219479604,0
2001-01-01,10.943533902110463,7.787321119399282,-0.26041473702905193,1.1530902376344354,63246.60280001373,0.9588692821610447,-0.7666651286397439,0
2001-04-01,10.352538365453247,10.310118911279309,-1.1454627053061799,-2.9729795965251604,35906.6413510947,2.390868977223203,-1.465217611940524,0
2001-07-01,10.29936361834717,9.461166214279881,1.299443538141972,-0.8978801580238347,13840.330298737856,-0.449291448759336,1.4861918845890898,0
2001-10-01,10.634808704636022,7.924137673659315,0.5370541347758291,-0.30600422358457635,-1369.5292930179276,-1.0833335940305,0.6261902322335473,0
2002-01-01,11.552393064700489,8.03821869924528,-0.557091364951809,-0.5352567241734292,67534.99264039216,-0.033162884835280515,0.28549817261113475,0
2002-04-01,11.146145774819557,5.480315188662455,0.9719284146269089,2.118235057211095,122.88051395537332,-2.450762504665316,0.23307686291029484,0
2002-07-01,11.488179625744822,5.845424129573562,0.5426376890376403,-1.3825810630093702,20183.9196489451,0.3557727331226612,-0.30891652373474443,0
2002-10-01,11.612386406787245,6.762153704382778,0.8056128766083575,1.4875256833089647,15783.899933979148,1.0881692870178261,-0.061115119171788024,0
2003-01-01,11.98947541861471,3.658413725777887,0.050482818755909875,-1.8879744102638032,19255.947224857286,-3.192431033550491,0.34921252523550805,0
2003-04-01,11.283555338302984,5.76616098228262,0.3375747875248365,0.7687584542742218,22444.526142466348,1.351854192310808,-0.470820443159468,0
2003-07-01,11.297660039711465,7.380741582408756,0.7771878416978524,2.1288090316084123,42727.989592791535,1.2922577478512887,0.013780654593645636,0
2003-10-01,11.373718602002276,7.815400148996776,0.3686016794424418,-0.5316818552952611,23106.96611390938,0.3780133524007523,-0.7875659307854619,0
2004-01-01,11.502988047808763,9.516287868059315,-0.25177746686117075,1.1046003921908891,46095.852281137835,1.5012166610679714,-0.03624553000717157,0
2004-04-01,11.090222781437346,10.380822918529308,0.6014853757029712,1.4309171086004397,22646.171251086518,-0.09060290317546205,0.9223714641295118,0
2004-07-01,10.73654515371738,10.56502767449119,0.27558936195573835,-0.9135859349923106,52353.544285185635,0.35561599384466014,0.04197919742427558,0
2004-10-01,10.532860453751509,10.842828654813186,0.6931210734622226,0.9484814942488633,16518.13831979828,-0.47202787367628396,-0.0505893686313712,0
2005-01-01,10.170491048740498,10.785541277204658,0.18180365051545522,0.8669466564137807,21375.934179967968,-1.5351995549646835,1.6431503827012506,0
2005-04-01,9.319110067819231,12.659609365615253,0.061674132865285,0.7519036305429392,67933.70595140662,2.3561686692289863,-0.2596096317885852,0
2005-07-01,8.410514203795225,18.71893850307076,-0.32042896981451463,4.8612688650275615,124359.08819753025,3.5270860711228433,2.013878707699476,0
2005-10-01,8.705397880156298,18.7493416024906,1.0810231268830748,0.8629377581647013,31661.710309625138,0.6810849088019211,-0.11869402570039256,0
2006-01-01,9.027377655521066,20.402402722142355,0.2957286028267987,1.9283941794445454,119287.6317711277,4.87347798721256,0.1435901494116223,0
2006-04-01,8.443339777225445,18.21783726247339,1.4018525903310106,0.6771148795676325,39447.73156142887,-1.9998479770080078,1.076199750938578,0
2006-07-01,8.083576189844404,11.06063499857517,1.5804022149475259,-3.551056018279052,18649.849167676177,-5.829153899796921,2.2517907170120566,0
2006-10-01,8.264440285626033,14.2760916389858,0.6016909286560193,2.3022114196103303,101306.00060151098,3.0569354052815356,0.10484844871092491,0
2007-01-01,8.41907395608815,14.034407262434101,0.6136367131312284,0.3516944621427207,100145.27134928899,-1.4983248361268426,1.3632339904715778,0
2007-04-01,7.932325613645819,14.793157888547803,0.4126019315813423,-1.392912736146748,71452.5697161234,1.1791926476188976,1.5876500885255496,0
2007-07-01,8.006347630277132,16.767457354197333,0.12045177138359264,-1.0065705889310372,67269.87251788378,1.9659456191936773,-0.02936957107726812,0
2007-10-01,8.570205517235292,15.314957147125252,0.08088403667073862,-2.547246043929146,80625.67748202663,-1.4379144992363369,-1.1022254440809292,0
2008-01-01,9.603033690624931,12.454544116611421,-0.6829826853827186,-5.385787783619646,71551.01926423423,-1.628286980931735,-0.7697571622302348,0
2008-04-01,10.35792745934024,9.114763294780026,0.7836779012895221,-2.6616063232870903,19469.03738981299,-2.287814186356133,0.18583715666750322,0
2008-07-01,11.23068087109353,7.150803712792442,-1.0067948983102681,-3.9798452139927063,50205.48279136699,-0.8601796494548832,-0.5799554906321731,0
2008-10-01,13.785513775626452,5.991036307966668,-0.4667594938846378,-2.1041493216152234,84824.98665833753,-0.08784081916120101,-0.586463018579849,0
2009-01-01,17.243569387107016,7.598205319447882,-0.9750635535829559,1.0156157725224273,100695.59682281967,0.8189884041217574,-0.3183307969073468,0
2009-04-01,17.771252436270597,8.973424305582146,-0.3717025999131778,-0.7073750210434775,19818.497711057775,-0.048687209862375624,-0.3325474648149651,0
2009-07-01,17.74950688636422,7.222731661160275,-0.7402205539604907,-1.272735878907283,11001.913237001747,-1.4975371002682536,-0.5490012031739155,0
2009-10-01,18.6649099692578,3.5776718203154534,0.7200775964262647,-1.4383863423654604,-66244.03311041323,-5.242620693675979,1.3522513473715918,0
2010-01-01,19.84349350682836,0.06814121838203402,-0.696422053062939,-2.9862416803289493,18864.556279601995,-2.7083721330672166,-0.9006925653217053,0
2010-04-01,19.889004716658697,-0.9312780080935057,-0.2791816070371098,-0.833541701661322,-22927.88662430551,-1.3657756668482792,-0.43400420985069843,0
2010-07-01,19.592042521918955,-0.9097492206543434,-0.26626260890981257,0.8247592904995216,11491.247698691674,0.02228864349442805,-0.37686187825273265,0
2010-10-01,20.11455655320805,-0.7040332721410469,0.30075910337839673,-0.5078260376028099,-64178.546795002185,0.026800014909278858,1.2815279865998335,0
2011-01-01,21.07815002955361,-3.0085666857605053,0.4945378886406857,-0.2557605522526818,-44526.99146424327,-2.0430512548062385,0.6840456082014583,0
2011-04-01,20.643308247607195,-4.197710275510502,-0.24862715275575198,-1.1405826166110855,-18958.54349990934,0.10045283266310001,-0.3276954918984245,0
2011-07-01,21.283934845097413,-2.6201492996480114,-1.7484100858440144,-0.9739980424282924,31581.1136863539,0.6676631886954891,-1.2787709953602118,0
2011-10-01,22.55645192254365,-0.9762406107087118,-1.2142118485197386,-1.0283872526052011,-60050.19771969877,0.07051342567891972,-0.1400631712601239,0
2012-01-01,24.187684035334783,1.7801837583026225,-1.160392568234883,-0.28144540688939124,-20511.532028361224,0.7639439403870463,-1.6467529384988495,0
2012-04-01,24.398135337065497,5.811241961742808,-2.0338691729468934,0.366825616226496,121539.97944754083,4.753415790727211,-2.6819127327470085,0
2012-07-01,24.79237524423312,3.4034725002137334,-0.8880282880894157,-0.888598525230643,-15754.299185590819,-1.6155187837182616,-1.556163231250757,0
2012-10-01,25.774387424872856,-0.3972181930121499,-0.3687404082773611,-2.0894573532570195,-141549.04657412367,-2.775414305017298,0.17066593792968376,0
2013-01-01,26.9353537780371,-2.6064490011384223,-2.2535199157028885,-4.221291643514423,-70992.98006366333,-1.7558202359218795,2.193085491728013,0
2013-04-01,26.057075392431027,-6.348080975369985,-0.6263775067631556,-1.1447773347817556,6928.008080574218,-3.647838849139817,1.0644254769811923,0
2013-07-01,25.647509644678813,-9.229467380335842,0.31833836208862465,-0.5814331136346311,-81137.23981602304,-2.2154202255978985,1.4192228972360468,0
2013-10-01,25.72775976559113,-9.204841071744575,0.5199515127290297,1.6142652921893532,-96742.59275212279,1.093416220390388,1.8875762237345484,0
2014-01-01,25.92783572730173,-11.963750104011462,1.010171496910388,3.2660252702567227,-118552.3367127683,-1.9191615367302415,2.436116029676974,0
2014-04-01,24.47303478862634,-10.50905834247674,0.0009617608867458216,2.728316520371565,23927.721031411085,0.6332985010056191,-0.15573480392316696,0
2014-07-01,23.66898223856059,-8.715134893091303,-0.3122426497703117,0.6135740686876501,-38697.43773363391,1.271308002647487,0.6686283966206332,0
2014-10-01,23.70151301961193,-6.148796604526274,-0.7414180049160137,0.11060829885561851,-15134.411184248049,2.802207177230798,-0.6342063753958485,0
2015-01-01,23.776168807916363,-2.2845471268759465,0.39962298939619956,2.6311019628342374,-19799.542356409132,3.679401278805094,0.9067123406419739,0
2015-04-01,22.371879820121222,-1.9647685180849694,-0.2985608084906062,-0.29062457837664146,47391.737376654986,0.9479901047937613,-1.2451584326530565,0
2015-07-01,21.182995261905283,-4.716217948404832,0.7287200619305594,-0.6488322924656509,-75551.0108717694,-1.498263381592957,0.7580443563485915,0
2015-10-01,20.8951765564819,-3.961668034899024,-0.16499641199472848,1.9267947739780134,12915.019895302132,1.1193977651701381,-0.12799697297454316,0
2016-01-01,20.99557425178564,-4.827570972194151,0.12534798844221484,-1.4354057339090671,-50395.804535116535,-1.2594346960932645,0.9007984231330823,0
2016-04-01,19.99807656159156,-4.874945002495923,-0.9405423583525518,-1.3287180543295918,21826.160728311632,-0.9722391367812055,-0.529673429107703,0
2016-07-01,18.9108161219872,-1.3744072822742703,-0.25579046779068193,1.476321002455315,-35928.30045448849,1.5211651223428824,0.5455330203829902,0
2016-10-01,18.63104999142703,-3.5715334260935205,0.3229166040964131,-1.1702722291335275,-40260.12312562112,-2.1712360483293502,0.9340819890037722,0
2017-01-01,18.75002754116854,-5.42567146957218,0.8002753370825957,-0.49666219938667755,-82409.28127458412,-1.432527568687414,0.8500996880445086,0
2017-04-01,17.222671993523296,-6.246146161517874,-0.019776382478880805,1.005257304064222,31166.733625988476,0.43988326546926526,-0.8168475426555659,0
2017-07-01,16.380827798726123,-5.942071529136261,-0.3613680330978113,0.10736841686465048,-6512.015284145251,1.1600269388730826,-0.5089441484069255,0
2017-10-01,16.545940935906277,-3.688557959429095,-0.6480145606398295,0.30208884222943055,-1571.43772811722,1.5879293273289736,-0.2840303531294097,0
2018-01-01,16.744815904509423,-0.7586200762519923,-0.052954637431909646,1.1636657040903562,-49260.85843177792,1.380535628342472,-0.578274460697159,0
2018-04-01,15.284529346331382,-1.327451178089667,-0.5683141410760868,-1.6824760453356356,9161.593903468922,-0.9490572799981667,-0.34631321892562994,0
2018-07-01,14.553251072022402,-2.576219022097892,0.06435281713656593,-0.36243801489183003,-33047.157253638376,-1.1729954155863198,1.233405900565728,0
2018-10-01,14.448880357166283,-4.449303920486402,0.08090992760498494,-0.3796116396640903,-30232.029833342414,-1.26356010599814,0.4028576216174713,0
2019-01-01,14.695097107157409,-4.019248909768846,-0.155206982510812,0.2159191567389751,-10885.888403603341,1.6254063311199936,0.434526819716055,0
2019-04-01,14.024440537431357,-1.1897791502073707,-1.0806781466369912,1.6900934674928036,59078.139467770234,2.248176358460996,-0.0942808779387434,0
2019-07-01,13.921961825481729,0.2725970129048072,0.22351411705533053,1.7743495786124885,-15520.805149953347,0.7867926073957809,1.102181177577009,0
2019-10-01,13.782665768519957,2.2218752983989676,-0.7387191429065112,0.11600812859727805,-31160.342108547222,-0.04125397134784331,0.7410433814924744,0
2020-01-01,14.407918484146071,0.8876529853274695,0.24635334305119017,-0.42455564794590117,-13083.77483302448,-0.1014938747156745,0.49456941432224255,0
2020-04-01,15.32636790563908,4.425080948026272,-1.8749816147000615,1.5340985759903503,120557.42228757497,2.7737553277333853,-2.203489372503924,1
2020-07-01,16.25734722573996,9.673870195500434,-0.4931474747188176,3.3021791008616352,158065.7294195327,7.903818089896996,-1.5328232365998105,1
2020-10-01,16.1280951782207,8.187018146362202,-0.07310678574246054,0.10013313963366244,1931.1456780876033,1.6774661480116535,0.3528523494262572,0
2021-01-01,16.14137707090211,9.262079866845486,0.2735359461840474,1.1175156691456856,-3739.7353032222018,0.5078566624258762,1.31761902968546,0
2021-04-01,15.39062332367772,3.6956821253813166,-0.6908221694815708,-2.6742189748293343,38739.62520316988,-4.270826186020038,-1.732584647344325,0
2021-07-01,14.710636510583056,-1.3419005042120014,-0.1846167254875013,-4.236519799348382,-3910.02727639582,-7.20470372348625,0.7929408364633872,0
2021-10-01,13.44248297649796,-1.099559380780879,-0.6795647237283973,-1.1702143622363543,-8666.662335412577,-0.43577876167189,-0.7561939039714503,0
2022-01-01,13.731344558633824,-2.3888784030564714,-0.1502894812434974,-2.195538011780796,-40773.18857897818,-1.5199732713511938,0.5376709151345693,0
2022-04-01,12.688385257119128,-5.476367954272343,-0.724160616955956,-3.1008579824204343,-51827.63227121765,-3.652942301919049,-0.6291696903074495,0
2022-07-01,12.7288483543111,-4.040923507628113,-0.7765172536747045,0.008480582310268048,19821.08096725773,0.9544191878807506,-1.1675926473685934,0
2022-10-01,12.99030869688015,-1.9982014771113832,-0.712244138002383,1.7629263041186478,11468.882120112889,0.8067803586288336,-0.29530721237117064,0
2023-01-01,13.376293528683275,-5.526644505535183,2.034598166078048,1.660292235269412,-169326.01528224256,-5.355012901665434,4.675133837739693,0
2023-04-01,11.668453375217103,-4.423168502431285,-0.4467660017246189,1.7459106502964223,-37351.43761818018,0.43962763970951624,-1.5449212759047697,0
2023-07-01,11.89145885542911,-5.699852665107741,-0.30550779094599534,-0.15721433404147778,-31351.703648264054,-2.0818018907660214,0.7480632955887785,0
2023-10-01,11.79687016762541,-8.073904545234234,-0.7239436817081426,-2.411604476700891,-27501.468412000686,-1.5790482674849944,0.02348993881746253,0
2024-01-01,12.291201466078364,-1.7902690620680173,-0.42218177088261655,0.42586516784858297,30732.155097114854,8.131831189330839,0.7641299500265717,0
2024-04-01,11.273731587561375,-1.1907219742583242,-0.4092707826648265,0.612784611887129,-25988.952004784718,0.4682482164658053,-0.1764745783352737,0
2024-07-01,11.205960019693128,-2.0406204932750804,0.5468238076029976,1.2270586132353998,-13143.314245202113,0.806778385533713,1.66015882718699,0
2024-10-01,10.61406593766102,1.021513166229826,-0.8640579419296159,2.5815361400155274,49563.28389472421,3.590691613805297,-1.4514776229148794,0
2025-01-01,11.359175062921,0.33712441792848047,-0.34819114381900107,-0.5062981694036184,7060.668836532626,-1.1211495041384631,1.018065084295003,0
2025-04-01,10.28571658783811,1.1261500297572447,-0.019696243698881233,1.7549755504388864,29283.408963324968,2.5947505315297104,-1.5570512536522898,0
2025-07-01,10.452674567905184,3.203346913166505,0.06401780900681331,0.7975734316011063,23246.99413776025,1.733440871704861,-0.25562665519099426,0
2025-10-01,9.932078074128723,2.012085660378915,-0.5284646690093382,-0.3330491693948389,50604.64445816586,-0.06917856770463082,-1.335524680504463,0
